メーカー,ページ,機種区分,型式,エンジン,シリアル,オイル,エア,燃料,作動油,ST/サクション,TM/ドレン・パイロット,備考,検証状態
"komatsu","1","ブルドーザ","D10S-1","2D92","#1002~","101H","839N","500E","","","","HYD欄に淡色の純正番号表記あり（判読困難・原本確認）","unverified"
"komatsu","1","ブルドーザ","D10-2","2D94","#6001~","103-3","839N","500E","103-3","","","","unverified"
"komatsu","1","ブルドーザ","D20·21(A,S,P)-3","4D92","#20007~","103-3","835N","516B","1221-2","","","","unverified"
"komatsu","1","ブルドーザ","D20·21-5","4D94","#45001~","103-3","836NW","516KH","33130","","","","unverified"
"komatsu","1","ブルドーザ","D20·21-6","4D95S","#60001~","103-3N","836NW","516KH","33130","","","","unverified"
"komatsu","1","ブルドーザ","D20A,AG-7","4D95S","#75001~78603","103-3N","836NW","516KH","33130","","","","unverified"
"komatsu","1","ブルドーザ","D20P,PG-7A","4D95S","#75001~78603","103-3N","836NW","516KH","33130","","","","unverified"
"komatsu","1","ブルドーザ","D20PL,PLL-7","4D95S","#62001~62453","103-3N","836NW","516KH","33130","","","","unverified"
"komatsu","1","ブルドーザ","D20S,Q-7","4D95S","#61001~61131","103-3N","836NW","516KH","33130","","","","unverified"
"komatsu","1","ブルドーザ","D21A,AG-7","4D95S","#75001~78603","103-3N","836NW","516KH","33130","","","","unverified"
"komatsu","1","ブルドーザ","D21P,PG-7A","4D95S","#75001~78603","103-3N","836NW","516KH","33130","","","","unverified"
"komatsu","1","ブルドーザ","D21PL-7","4D95S","#62001~62453","103-3N","836NW","516KH","33130","","","","unverified"
"komatsu","1","ブルドーザ","D21S,Q,QG-7","4D95S","#61001~61131","103-3N","836NW","516KH","33130","","","","unverified"
"komatsu","1","ブルドーザ","D21A,P-7T","4D95S","#75001~78603","103-3N","836NR","516KH","33130","","","","unverified"
"komatsu","1","ブルドーザ","D20·21A-7","4D94E","#78604~","106S","836P(W)","107SF","33130","","","","unverified"
"komatsu","1","ブルドーザ","D20·21P-7A","4D94E","#78604~","106S","836P(W)","107SF","33130","","","","unverified"
"komatsu","1","ブルドーザ","D20PL,PLL-7","4D94E","#62454~","106S","836P(W)","107SF","33130","","","","unverified"
"komatsu","1","ブルドーザ","D21PL-7","4D94E","#62454","106S","836P(W)","107SF","33130","","","","unverified"
"komatsu","1","ブルドーザ","D20·21S,Q-7","4D94E","#61132~","106S","836P(W)","107SF","33130","","","","unverified"
"komatsu","1","ブルドーザ","D20(PL,PLL)-8","4D94L","","203","836P(W)","107SF","33130","","","","unverified"
"komatsu","1","ブルドーザ","D20(P,A)-8","4D94L","","203","836P(W)","107SF","33130","","","","unverified"
"komatsu","1","ブルドーザ","D21A,P-7T","4D98E","#78604~","106S","836P(W)","107SF","33130","","","","unverified"
"komatsu","1","ブルドーザ","D21Q-7","","","203","837P","107SF","33130","","","","unverified"
"komatsu","1","ブルドーザ","D21(PL)-8(EO)","4D94L","#70001~","203","836P(W)","107SF","33130","","","","unverified"
"komatsu","1","ブルドーザ","D21(P,A)-8(EO)","4D94L","#90001~","203","836P(W)","107SF","33130","","","","unverified"
"komatsu","1","ブルドーザ","D27A-10","4D98E","#0002~","203","823NT(W)","3530KF+3530PF","","","","","unverified"
"komatsu","1","ブルドーザ","D27P-10","","#0001~","","","","","","","","unverified"
"komatsu","1","ブルドーザ","D27PL-10","","#10001~","","","","","","","","unverified"
"komatsu","1","ブルドーザ","D30A,S,P,Q12","","","314-1","835","540","1221-2","","","","unverified"
"komatsu","1","ブルドーザ","D30A,S,P,Q15","4D105","#15008~","103-3","835N","540","1221N","","","","unverified"
"komatsu","1","ブルドーザ","D30A,S,P,Q15","4D105","#15014~","103-3","845","540","1221N,T=1221-2","","","","unverified"
"komatsu","1","ブルドーザ","D31-16","4D105","E#40138~56494","103-3×2","845","101K","165K","","","","unverified"
"komatsu","1","ブルドーザ","D31-16","4D105","E#56495~","103-3×2","823NH","101K","165K","","","","unverified"
"komatsu","1","ブルドーザ","D31-17","4D105","#32001~","165K","823NH","516KH","33130","","","","unverified"
"komatsu","1","ブルドーザ","D31-18","6D95L","#40001~","103-3N","823NH","516KH","33130","","","","unverified"
"komatsu","1","ブルドーザ","D31A,AM-20","6D95L","#42001~","103-3N","823NH","516KH","33130","","","","unverified"
"komatsu","1","ブルドーザ","D31P,PL(L)-20(A)","6D95L","#45001~","103-3N","823NH","516KH","33130","","","","unverified"
"komatsu","1","ブルドーザ","D31S,Q,SM-20","6D95L","#41001~","103-3N","823NH","516KH","33130","","","","unverified"
"komatsu","1","ブルドーザ","D31A(M)-20E","S4D102E","#42714~","103-6","810TW","201-3","33130","","","","unverified"
"komatsu","2","ブルドーザ","D31SM-20E","S4D102E","#41184~","103-6","810TW","201-3","33130","","","","unverified"
"komatsu","2","ブルドーザ","D31P(G)20(A)E","S4D102E","#47617~","103-6","810TW","201-3","33130","","","","unverified"
"komatsu","2","ブルドーザ","D31P,PL-20","S4D102E","#47617~","103-6","810TW","201-3","33130","","","","unverified"
"komatsu","2","ブルドーザ","D31PLL-20","S4D102E","#47653~","103-6","810TW","201-3","33130","","","","unverified"
"komatsu","2","ブルドーザ","D31PX/EX-21","SAA4D102E","#60001~","103-6","823NHPW","201-3","33130","","","","unverified"
"komatsu","2","ブルドーザ","D31PX/EX-22","SAA4D95LE","#60001~","205SK","823NHPW","3530KF+4110KF","33130","","","","unverified"
"komatsu","2","ブルドーザ","D31PX/EX-22","SAA4D95LE","E#26516713~","205SK","823NHPW","3870KF+4110KF","33130","","","","unverified"
"komatsu","2","ブルドーザ","D37A-2","6D95L","#2501~","103-3N","823NH","516KH","33130","","","","unverified"
"komatsu","2","ブルドーザ","D37P-2A","6D95L","#2001~","103-3N","823NH","516KH","33130","","","","unverified"
"komatsu","2","ブルドーザ","D37A,P-5(A)","6D95L","#3001~","103-3N","823NH","516KH","33130","","","","unverified"
"komatsu","2","ブルドーザ","D37P(G)-5E(A)","S4D102E","#3661~","103-6","810TW","201-3","33130","","","","unverified"
"komatsu","2","ブルドーザ","D37PL-20(C)E","S4D102E","","103-6","810TW","201-3","33130","","","","unverified"
"komatsu","2","ブルドーザ","D37PLL-20(C)E","S4D102E","","103-6","810TW","201-3","33130","","","","unverified"
"komatsu","2","ブルドーザ","D37PX/EX-21","SAA4D102E","#50001~","103-6","823NHPW","201-3","33130","","","","unverified"
"komatsu","2","ブルドーザ","D37PX/EX-22","SAA4D95LE","","205SK","823NHPW","3530KF+4110KF","33130","","","","unverified"
"komatsu","2","ブルドーザ","D37PX/EX-22","SAA4D95LE","E#516713~","205SK","823NHPW","3870KF+4110KF","33130","","","","unverified"
"komatsu","2","ブルドーザ","D37PXi-23","","","205SK","","3870KF+4110KF","","","","","unverified"
"komatsu","2","ブルドーザ","D37PXi-24","","","","","","","","","","unverified"
"komatsu","2","ブルドーザ","D37PX/EX-24","","","","","","CV=101KBF","","","","unverified"
"komatsu","2","ブルドーザ","D39PX/EX-21","SAA4D102E","#1001~","103-6","823NHPW","201-3","33130","","","","unverified"
"komatsu","2","ブルドーザ","D39PX/EX-22","SAA4D107E","#3001~","207N-6","809PW","6140KF+3610KF","33130","","","","unverified"
"komatsu","2","ブルドーザ","D39PX/EX-22","SAA4D107E","E#26547851~","207N-6","809PW","3750KF+3610KF","33130","","","","unverified"
"komatsu","2","ブルドーザ","D39PX/EX-23","","","205SK","","3870KF+4110KF","","","","AIR欄・HYD欄は淡色の小文字表記：AIR 600-985-2810? ／HYD HST=712H(1Y-60-41310?) と読める（判読不確実・原本確認）","unverified"
"komatsu","2","ブルドーザ","D39PX/EX-24","6D95LE","","205SK","809PW","3870KF+4110KF","CSP10-10,HST=712H","","","","unverified"
"komatsu","2","ブルドーザ","D40·45(A,P)-1","S4D105","#1501~","103-3×2","450NN","540","1221N,S=1221-2","","","","unverified"
"komatsu","2","ブルドーザ","D40·45(A,P)-1","S4D105","E#44578~","103-3×2","450NN","101K","1221N,S=1221-2","","","","unverified"
"komatsu","2","ブルドーザ","D40·41-3,(PF)-5","6D105","#6001~10000","165K","815NN","101K","1222","","","","unverified"
"komatsu","2","ブルドーザ","D40·41-3,(PF)-5","6D105","#10001~","165K+527K","815NN","165FN","1222","","","","unverified"
"komatsu","2","ブルドーザ","D41E(P,PF)-6","S6D102E","#B20001~","207N-6","810TW/494KW","201-3","33130","","","","unverified"
"komatsu","2","ブルドーザ","D41E(P,PF)-6EO","SA6D102E","","207N-6","809PW","201-3","","","","HYD欄に淡色の純正番号表記あり（判読困難のため未収録。原本確認）","unverified"
"komatsu","2","ブルドーザ","D50A,P,S-1","4D120","#35002~","191N","450","529N","193","","","","unverified"
"komatsu","2","ブルドーザ","D50A,P-16","4D130","E#10554~2389","191N","450N","529N","1221N,S=1221-2","","","","unverified"
"komatsu","2","ブルドーザ","D50A,P-16","4D130","E#23892~","165K","450N","165FN","1221N,S=1221-2","","","","unverified"
"komatsu","2","ブルドーザ","D50S-16","4D130","E#10554~23307","191N","450N","529N","195N,S=1221-2","","","","unverified"
"komatsu","2","ブルドーザ","D50S-16","4D130","E#23308~","165K","450N","165FN","195N,S=1221-2","","","","unverified"
"komatsu","2","ブルドーザ","D50S-16","4D130","#68001~","165K","450N","165FN","1221N,S=1221-2","","","","unverified"
"komatsu","2","ブルドーザ","D51PX-22(0D080)","SAA6D107E","ecot3","207N-6","","6140KF+3610KF","33130","","","AIR欄に淡色の純正番号表記あり（判読困難のため未収録。原本確認）","unverified"
"komatsu","2","ブルドーザ","D51PX-24PXi","","","","","","","","","","unverified"
"komatsu","2","ブルドーザ","D53A,S-15","S4D120","#60001~","191N","460NN","529N","1221N,T=191AN","","","","unverified"
"komatsu","2","ブルドーザ","D53A,P-16","4D130","E#10584~24259","191N","450N","529N","1221N,S=1221-2,T=191AN","","","","unverified"
"komatsu","3","ブルドーザ","D53A,P-16","4D130","E#24260~","165K","450N","165FN","1221N,S=1221-2,T=191AN","","","","unverified"
"komatsu","3","ブルドーザ","D53S-16","4D130","E#10684~23794","191N","450N","529N","1221N,S=1221-2,T=191AN","","","","unverified"
"komatsu","3","ブルドーザ","D53S-16","4D130","E#23795~","165K","450N","165FN","1221N,S=1221-2,T=191AN","","","","unverified"
"komatsu","3","ブルドーザ","D50·53A,P,PL-17","6D125","#80001~","165K","450N","165FN","1221N,S=1221-2,T=191AN","","","","unverified"
"komatsu","3","ブルドーザ","D50S-15","S4D120","#2002~3688","191N","460NN","529N","193T、S=191AN","","","","unverified"
"komatsu","3","ブルドーザ","D50S-15","S4D120","#3689~","191N","460NN","529N","195NT、S=191AN","","","","unverified"
"komatsu","3","ブルドーザ","D50·53(A)-18","6D125","#83001~","165K","450N","165FN","1221N,S=1221-2","","","","unverified"
"komatsu","3","ブルドーザ","D53S-17","4D130","#80001~","165K","450N","165FN","195N,S=1221-2","","","","unverified"
"komatsu","3","ブルドーザ","D55-3,55S-15","S4D120","#2002~3688","191N","460NN","529N","193T,S=191AN","","","","unverified"
"komatsu","3","ブルドーザ","D55-3,55S-15","S4D120","#3689~","191N","460NN","529N","195NT,S=191AN","","","","unverified"
"komatsu","3","ブルドーザ","D57-1","S4D130","E#10006~23964","191N+5300N","460NN","529N","195N,S=1221-2,T=191AN","","","","unverified"
"komatsu","3","ブルドーザ","D57-1","S4D130","E#23965~","165K+5300N","460NN","165FN","195N,S=1221-2,T=191AN","","","","unverified"
"komatsu","3","ブルドーザ","D57-1B","S6D108","#20001~","165KC=527K","460NN","101K","195N,S=1221-2,T=191AN","","","","unverified"
"komatsu","3","ブルドーザ","D60·65-6","NH-220-CI","E#18542~112050","192N+5300N+526","460NN","590","A,P,PL=1116,S,T=191AN","","","","unverified"
"komatsu","3","ブルドーザ","D60·65-6","NH-220-CI","E#112051~","192N+5300N+527K","460NN","590","A,P,PL=1116,S,T=191AN","","","","unverified"
"komatsu","3","ブルドーザ","D60S·65S-6","NH-220-CI","E#18542~112050","192N+5300N+526","460NN","590","195NS,T=191AN","","","","unverified"
"komatsu","3","ブルドーザ","D60S·65S-6","NH-220-CI","E#112051~","192N+5300N+527K","460NN","590","195NS,T=191AN","","","","unverified"
"komatsu","3","ブルドーザ","D60·65-7","NH-220-CI","#40001~","150K+5300N+527K","460NN","165FN×2","A,P,PL=1116,S=191AN,D65のみT=191AN","","","","unverified"
"komatsu","3","ブルドーザ","D60S·65S-7","NH-220-CI","#40001~","150K+5300N+527K","460NN","165FN×2","195NS,T=191AN,D65のみT=191AN","","","","unverified"
"komatsu","3","ブルドーザ","D60·65-8","6D125","#45001~","165K","460NN","165FN","1116S=191AN,D65のみT=191AN","","","","unverified"
"komatsu","3","ブルドーザ","D60S·65S-8","6D125","#45001~","165K","460NN","165FN","195NS,T=191AN,D65のみT=191AN","","","","unverified"
"komatsu","3","ブルドーザ","D60A·65P-11·BF60S-1","6D125","#50001~","165K","450N","165FN","1116S=191AN,D65のみT=191AN","","","","unverified"
"komatsu","3","ブルドーザ","D60S·65S-11","6D125","#50001~","165K","450N","165FN","195NS,T=191AN,D65のみT=191AN","","","","unverified"
"komatsu","3","ブルドーザ","D60E-12","S(A)6D114E","","9009LF","494KPW","201-3","","","","HYD欄に淡色の純正番号表記あり（判読困難のため未収録。原本確認）","unverified"
"komatsu","3","ブルドーザ","D61P,PX-12","","","","","","","","","OIL欄に淡色の純正番号表記あり（判読困難のため未収録。原本確認）","unverified"
"komatsu","3","ブルドーザ","D61E,EX-12","","","","","","","","","","unverified"
"komatsu","3","ブルドーザ","D61P,PX-15","SA6D114E","#B40001~","9009LF","494KPW","201-3","110-100","","","","unverified"
"komatsu","3","ブルドーザ","D61E,PX-15EO","SAA6D107E","","207N-6","494KPW","6140KF+3610KF","110-100","","","","unverified"
"komatsu","3","ブルドーザ","D61E(P)Xi-23","","#30001~","207N-6","494KPW","3750KF+3610KF","110-100","","","","unverified"
"komatsu","3","ブルドーザ","D61PXi-24","","#40001~","207N-6","494KPW","3750KF+3610KF","110-100N","","","","unverified"
"komatsu","3","ブルドーザ","D60P-12","S6D125-1","#60001~","150K","495B","165FN","195N","","","","unverified"
"komatsu","3","ブルドーザ","D65P,PX-12","S6D125-1","#60001~","150K","495B","165FN","T=1222","","","","unverified"
"komatsu","3","ブルドーザ","D65E,EX-12","S6D125-1","#60001~","150K","495B","165FN","C=527K","","","","unverified"
"komatsu","3","ブルドーザ","D65E-12","6D125-1","#60001~","165K","450N","165FN","","","","","unverified"
"komatsu","3","ブルドーザ","D65P(E)X-15","SA6D125E","#67001~","150KN+527K","977KPW","3510KF/3550KF","1222,T=154-15-65660","","","FUEL欄の番号の後ろに小さな注記あり（判読困難）","unverified"
"komatsu","3","ブルドーザ","D65P(E)X-15EO","SAA6D114E-3","#69001~","9009LF+527K","","6140KF+3610KF","110-200","","","","unverified"
"komatsu","3","ブルドーザ","D65PX-16","","#80001~","9009LF","977KPW","6140KF+3610KF","110-200","","","","unverified"
"komatsu","3","ブルドーザ","D65PX-16","","E#26858933~","9009LF","977KPW","3750KF+3610KF","","","","","unverified"
"komatsu","3","ブルドーザ","D65PX-17","","","9009LF","977KPW","3750KF+3610KF","110-200","","","","unverified"
"komatsu","3","ブルドーザ","D65E(P)Xi-18","","","","","","","","","","unverified"
"komatsu","4","ブルドーザ","D66-1","SA6D110-1","#1001~","165K","495B","165FN","HST=1221-2","","","","unverified"
"komatsu","4","ブルドーザ","D68E(P)Xi-18","","","","","","","","","","unverified"
"komatsu","4","ブルドーザ","D71PX-24","SAA6D114E-6","","9009LF","977KPW","3750KF+3610KF","110-200+570NFN+…","","","HYD欄の末尾が綴じ目で欠けて判読不可（原本確認）","unverified"
"komatsu","4","ブルドーザ","D75S-2","NH-220C1","#1004~","192N","490N","590","195N,S=191B","","","","unverified"
"komatsu","4","ブルドーザ","D75-3","NTO-6-CI","E#134677~178566","192N+5300N","495B","590","195N,S=191BC=527K","","","HYD欄の末尾が綴じ目で一部欠け","unverified"
"komatsu","4","ブルドーザ","D75-3","NTO-6-CI","E#178567~","150K+5300N","495B","165FN×2","195N,S=191BC=527K","","","HYD欄の末尾が綴じ目で一部欠け","unverified"
"komatsu","4","ブルドーザ","D75-5","S6D125-1","#60001~","150K+(C=527K)","495B","165FN","195N,S,T=191B","","","","unverified"
"komatsu","4","ブルドーザ","D80A-12","NH-220-CI","E#8013~112050","192N+5300N","D80=460","590","1222×2S=191ANC=527K","","","HYD欄の末尾が綴じ目で一部欠け","unverified"
"komatsu","4","ブルドーザ","D80A-12","NH-220-CI","E#112051~","192N+5300N","D80=460","590","1222×2S=191ANC=527K","","","HYD欄の末尾が綴じ目で一部欠け","unverified"
"komatsu","4","ブルドーザ","D80P-12","NTO-6-CI","#10001~","192N+5300N","495B","590","1222×2S=191ANC=527K","","","HYD欄の末尾が綴じ目で一部欠け","unverified"
"komatsu","4","ブルドーザ","D80A(P)-18","NT-855","E#139849~","150K+5300N","492N","590","195N,S=191BC=527K","","","HYD欄の末尾が綴じ目で一部欠け","unverified"
"komatsu","4","ブルドーザ","D80A(P)-18","NT-855","E#155898~","150K+5300N","492N","165FN×2","195N,S=191BC=527K","","","HYD欄の末尾が綴じ目で一部欠け","unverified"
"komatsu","4","ブルドーザ","D85A-12","","","192N+5300N","490N","590","1222×2S=191ANT=122…","","","HYD欄の末尾が綴じ目で欠けて判読不可（原本確認）","unverified"
"komatsu","4","ブルドーザ","D85A(P)-18","NT-855","E#139849~","150K+5300N","492N","590","195N,S=191BC=527K","","","HYD欄の末尾が綴じ目で一部欠け","unverified"
"komatsu","4","ブルドーザ","D85A(P)-18","NT-855","E#155898~","150K+5300N","492N","165FN×2","195N,S=191BC=527K","","","HYD欄の末尾が綴じ目で一部欠け","unverified"
"komatsu","4","ブルドーザ","D85A(P)-21","6D140-1","","150K","495B","165FN","195N,S=191B,C=527K,T=191B","","","","unverified"
"komatsu","4","ブルドーザ","D85A(P)-21","S6D125E-2","#36534~","150K+151KB","495B","165FN","195N,S=191B,C=527K,T=191B","","","","unverified"
"komatsu","4","ブルドーザ","D85E(P)X-15","SAA6D125E","#10001~","150KN","977KPW","3550KF","150-200","","","","unverified"
"komatsu","4","ブルドーザ","D85E(P)X-15","SAA6D125E","#1201~","150KN","977KPW","3550KF+4540PF","150-200","","","","unverified"
"komatsu","4","ブルドーザ","D85E(P)X-18","SAA6D125E","","150KN","977KPW","3840KF+4800KF","150-200","","","","unverified"
"komatsu","4","ブルドーザ","D85E(P)Xi-18","","","","","","","","","","unverified"
"komatsu","4","ブルドーザ","D95S-1","S4D155","#1003~","191N+5300N","495B","529N","195N,S=191BC=527K","","","","unverified"
"komatsu","4","ブルドーザ","D95S-2","NT-855","#2001~","150K+5300N","492N","165FN×2","195NC=527KT,S=191B","","","","unverified"
"komatsu","4","ブルドーザ","D120·125A-18","NRTO-6-C1","#2501~","192N+5300N+※526","","590","1220,T,S=1220","","","","unverified"
"komatsu","4","ブルドーザ","D135-2","S6D140-1U","#10301~","150K","492N","165FN","195N,T,S=191B","","","","unverified"
"komatsu","4","ブルドーザ","D150·155A-1","S6D155","10014~14256","191N×3+5300N","491NN","529N×2","195N,S=191B,T=191B,C=527K","","","","unverified"
"komatsu","4","ブルドーザ","D150·155A-1","S6D155","14257~19999","191N×3+5300N","491NN","6127-71-6090×2","195N,S=191B,T=191B,C=527K","","","FUEL欄は純正番号表示（淡色・検証中）","unverified"
"komatsu","4","ブルドーザ","D150·155A-1","S6D155","20000~24804","194N×3+5300N","492N","6127-71-6090×2","195N,S=191B,T=191B,C=527K","","","FUEL欄は純正番号表示（淡色・検証中）","unverified"
"komatsu","4","ブルドーザ","D150·155A-1","S6D155","24805~","150K×2+5300N","492N","165FN×2","195N,S=191B,T=191B,C=527K","","","","unverified"
"komatsu","4","ブルドーザ","D155(A)-2","S6D155","#50001~","150K×2+5300P","492N","165FN×2","195N,T,S=191B,C=527K","","","","unverified"
"komatsu","4","ブルドーザ","DR450-1","S6D155","#10001~","150K×2+5300P","492N","165FN×2","195N,T,S=191B,C=527K","","","","unverified"
"komatsu","4","ブルドーザ","D155S-1","S6D155","10014~15181","191N×3+5300N","491NN","529N×2","195N,S=191B,T=191B,C=527K","","","","unverified"
"komatsu","4","ブルドーザ","D155S-1","S6D155","15182~19999","191N×3+5300N","492N","6127-71-6090×2","195N,S=191B,T=191B,C=527K","","","FUEL欄は純正番号表示（淡色・検証中）","unverified"
"komatsu","4","ブルドーザ","D155S-1","S6D155","20000~25199","194N×3+5300N","492N","6127-71-6090×2","195N,S=191B,T=191B,C=527K","","","FUEL欄は純正番号表示（淡色・検証中）","unverified"
"komatsu","4","ブルドーザ","D155S-1","S6D155","25200~","150K×2+5300N","492N","165FN×2","195N,S=191B,T=191B,C=527K","","","","unverified"
"komatsu","4","ブルドーザ","D155-3","S4D140","#60001~60271","150K","492N","150F","195N","","","","unverified"
"komatsu","4","ブルドーザ","D155X(AX)-3","SA6D140E","#60272~","C=527K","","","チャージバルブ=1222","","","","unverified"
"komatsu","4","ブルドーザ","D155-5","SA6D140E","#70001~","","","","195N","","","","unverified"
"komatsu","5","ブルドーザ","D155AX-5","SA6D140E","","150K","492N","150F","195N","","","","unverified"
"komatsu","5","ブルドーザ","D155AX-5","SA6D140E","E#110001~","150KN","492N","","195N","","","FUEL欄は淡色の純正番号表記：600-311-7551 と読める（判読不確実・原本確認）","unverified"
"komatsu","5","ブルドーザ","D155AX-6","SAA6D140E","","150KN","","3550KF+4540PF","","","","","unverified"
"komatsu","5","ブルドーザ","D155AXi-8","","","","","","","","","","unverified"
"komatsu","5","ブルドーザ","D275(A)-2","S6D170","#10001~10167","150K","492N","150F","195N","","","","unverified"
"komatsu","5","ブルドーザ","D275(A)-2","S6D170","#10168~","150K+527K","","","195N×2","","","","unverified"
"komatsu","5","ブルドーザ","D275AXGALEO","SDA6D140E","E#~114123","150KN","496PW","3510KF","","","","","unverified"
"komatsu","5","ブルドーザ","D275AXGALEO","SDA6D140E","E#114124~","150KN+527KS","496PW","3520KF","195N×2","","","","unverified"
"komatsu","5","ブルドーザ","D275AX-5EO","SAA6D140E","","","","","","","","","unverified"
"komatsu","5","ブルドーザ","D355-1","S6D155-4","10011~14049","191N×3","491NN","165FN×2","150-300,T=1220×2,S=191B×2","","","","unverified"
"komatsu","5","ブルドーザ","D355-1","S6D155-4","14050~","191N×3","492N","6127716090×2","150-300,T=1220×2,S=191B×2","","","FUEL欄は純正番号表示（淡色・検証中）","unverified"
"komatsu","5","ブルドーザ","D355-3,5","SA6D155-4","20338~25899","194N×3","492N","6127716090×2","150-300,C=527K×2,T=191B,S=191B×2","","","FUEL欄は純正番号表示（淡色・検証中）","unverified"
"komatsu","5","ブルドーザ","D355-3,5","SA6D155-4","25900~","150K×2+5300N","492N","165FN×2","150-300,C=527K×2,T=191B,S=191B×2","","","","unverified"
"komatsu","5","ブルドーザ","D375(A)-1,2,3","SA6D170","#15001~","150K×2","492N","165FN×2","150-300 X","","","","unverified"
"komatsu","5","ブルドーザ","D375AGALEO","SA6D170","#18001~","150K×2","496PW","3510KF×2","","","","","unverified"
"komatsu","5","ブルドーザ","D375A-5EO","SAA6D170","#50001~","150KN×3","496PW","3550KF","150-300L×2","","","","unverified"
"komatsu","5","ブルドーザ","D375A-5D-07","","","150KN×3+527KH","","3550KF+4540PF×2","(150-300)","","","","unverified"
"komatsu","5","ブルドーザ","D375A-8R","SAA6D170","#90001~","150KN×3","496PW","3840KF×2","150-300L×2","","","","unverified"
"komatsu","5","ブルドーザ","D375A-7R","","","","","3840KF×2+…","(150-300)","","","FUEL欄「3840KF×2+」の後ろに淡色の純正番号表記：600-319-5?10×2 のように見える（判読不確実・原本確認）","unverified"
"komatsu","5","ブルドーザ","D455-1","VTA-1710","#4033904~755210","…+5300N×2","492N×2","590×2","","","","OIL欄は淡色の「CULF-516×3」+5300N×2。HYD欄は淡色の純正番号表記：178-61-14160 と読める（判読不確実・原本確認）","unverified"
"komatsu","5","ブルドーザ","D455-1","VTA-1710","#4033905","…+5300N×2","495B×2","","1002~1500 S,T=197H,1501~T,S=150-300","","","OIL欄は淡色の「CULF-516×3」+5300N×2（原本確認）","unverified"
"komatsu","5","ブルドーザ","D455-1","VTA-1710","#E75221~","…+5300N×2","492N×2","","1002~1500 S,T=197H,1501~T,S=150-300","","","OIL欄は淡色の「CULF-516×3」+5300N×2。FUEL欄は淡色表記「CUFF202」（原本確認）","unverified"
"komatsu","5","ブルドーザ","D475-1","SA8V170","#10001~","150K×3","492N×2","150F×2","150-450×2","","","","unverified"
"komatsu","5","ブルドーザ","D475-2","SA12V140","#10001~","150K×2","492N×2","150F×2","150-450","","","","unverified"
"komatsu","5","ブルドーザ","D475A-5","SDA120V140","#10601~","150K×4","492N×2","150F×2","150-450","","","","unverified"
"komatsu","5","ブルドーザ","D475A","SAA12V140E","","","","","","","","","unverified"
"komatsu","5","ブルドーザ","D475A-8R","","","","","","","","","","unverified"
"komatsu","5","ブルドーザ","D575-2","SA12V170","#10001~","150K×4+151KB×3","492N×3","150F×3","150-450×2","","","","unverified"
"komatsu","5","パワーショベル","10-HT·Q·W-1","4D92","#1001~","103-3","823N","516B","1221-2","","","","unverified"
"komatsu","5","パワーショベル","10-HT·HQ-2","4D94","#6001~","103-3","836N","516KH","1222","","","","unverified"
"komatsu","5","パワーショベル","10-HW-2","4D94","#1151~","103-3","836N","516KH","1222","","","","unverified"
"komatsu","5","パワーショベル","12-HT·Q·D-1","S4D105","#1003~","103-3","810U","540","197H","","","","unverified"
"komatsu","5","パワーショベル","12-HT·L·D-2","S4D105","","103-3","815NN","101K","197H","","","","unverified"
"komatsu","5","パワーショベル","15-HT-2","DA640","#~4999","314-1","823N","540","1222","","","","unverified"
"komatsu","5","パワーショベル","15-HT-3","S4D105","#5001~","103-3","823N","540","","","","HYD欄に淡色の純正番号表記あり：22-300728-01? と読める（判読不確実・原本確認）","unverified"
"komatsu","5","パワーショベル","20-HT-1,2","S4D130","#1004~","191N","450N","529N","150-450","","","","unverified"
"komatsu","5","パワーショベル","20-HT","","","165K","450N","165FN","150-450","","","","unverified"
"komatsu","5","パワーショベル","PC01-1","2T80L","#1013~","108","440","532-65","33130","","","","unverified"
"komatsu","5","パワーショベル","PC01-1A","GX160K1","#10001~","","","","","","","AIR欄は淡色の純正番号 HD17210ZE1822、HYD欄は淡色の純正番号 21A-62-12140 と読める（原本確認）","unverified"
"komatsu","6","パワーショベル","PC01E-1","","","","","","","","","","unverified"
"komatsu","6","パワーショベル","PC02-1","2D92","#1003~#4362","101H","839N","500E","1221N","","","","unverified"
"komatsu","6","パワーショベル","PC02-1","2D92","#4363~","103-3","839N","500E","121CG","","","","unverified"
"komatsu","6","パワーショベル","PC02-1A","1D75-1A","#10001~","114250-35110","121SA(-O)","","203H","","","OIL欄は純正番号表示（淡色・検証中）。FUEL欄に淡色の純正番号表記あり：114350-55120 と読める（判読不確実・原本確認）","unverified"
"komatsu","6","パワーショベル","PC03-1","1D84-1A","#1001~","","","532-65","203H","","","OIL欄・AIR欄に淡色の純正番号表記あり：OIL 114250-35060／AIR 114650-12590 と読める（判読不確実・原本確認）","unverified"
"komatsu","6","パワーショベル","PC03-2","GX360K1","#15001~","203","HD17211ZA0702","HD16910GB2005","203H","","","AIR欄・FUEL欄は純正番号表示（淡色・検証中）","unverified"
"komatsu","6","パワーショベル","PC03-2F","2D68E","#19089~","203S","838N","532-85","203H","","","","unverified"
"komatsu","6","パワーショベル","PC04-1","2D94-1","#1003~","101H","836N","500E","1221N","","","","unverified"
"komatsu","6","パワーショベル","PC04-1","2D94-1","#2146~","101H","836N","500E","1222","","","","unverified"
"komatsu","6","パワーショベル","PC04-1","2D94-2","#1003~","103-3","836N","500E","1221N","","","","unverified"
"komatsu","6","パワーショベル","PC04-1","2D94-2","#2146~","103-3","836N","500E","1222","","","","unverified"
"komatsu","6","パワーショベル","PC05","3D68E","","203S","838N","532-85","","","","","unverified"
"komatsu","6","パワーショベル","PC05-1","3D72","#1001~","108","838N","532-85","103K","","","","unverified"
"komatsu","6","パワーショベル","PC05E-1","","","","","","","","","","unverified"
"komatsu","6","パワーショベル","PC05-5","3D72","#2501~","203","838N","532-85","103K","","","","unverified"
"komatsu","6","パワーショベル","PC05-6","3D72","#5001~","203","838NT","532-85","103K","","","","unverified"
"komatsu","6","パワーショベル","PC05R","3D72","#8001~10616","203","838N","532-85","207HS","","","","unverified"
"komatsu","6","パワーショベル","PC05-7E,R","3D68E","#10617~","203S","838N","532-85","207HS","","","原本では型式「PC05-7E,」・エンジン「R3D68E」と印字（Rが型式側の可能性）","unverified"
"komatsu","6","パワーショベル","PC05-7","3DA72N","","203","838N","532-85","207HS","","","","unverified"
"komatsu","6","パワーショベル","PC07","3D68E","","203S","838N","532-85","207HS","","","","unverified"
"komatsu","6","パワーショベル","PC07-1","3D72","#1001~","203","838NT","532-85","103K","","","","unverified"
"komatsu","6","パワーショベル","PC07R","3D72","#3001~5460","203","838N","532-85","207HS","","","","unverified"
"komatsu","6","パワーショベル","PC07-2E,R","3D68E","#5461~","203S","838N","532-85","207HS","","","","unverified"
"komatsu","6","パワーショベル","PC07-2","3D72N","","203","838N","532-85","","","","","unverified"
"komatsu","6","パワーショベル","PC07FR-1","3D68E","#10001~","203S","838NT","532-85","90-180","","","","unverified"
"komatsu","6","パワーショベル","PC08UU(1)","GX360","#1001~","203","HD17211ZA0702","HD16910GB2005","203H","","","AIR欄・FUEL欄は純正番号表示（淡色・検証中）","unverified"
"komatsu","6","パワーショベル","PC08UU-1F","2D68E","","203S","838N","532-85","","","","","unverified"
"komatsu","6","パワーショベル","PC09FR-1","2D68E","","203S","838NT","532-85","YM172165-75481","","","HYD欄は純正番号表示（淡色・検証中）","unverified"
"komatsu","6","パワーショベル","PC09GALEO","2D68E","","203S","838P","532-85","20A-60-21220","","","HYD欄は純正番号表示（淡色・検証中）","unverified"
"komatsu","6","パワーショベル","PC10","3D74E","","203S","838N","532-85","","","","","unverified"
"komatsu","6","パワーショベル","PC10-1","2D94","#3501~","103-3","839N","500E","33130","","","","unverified"
"komatsu","6","パワーショベル","PC10FR-1","3D68E","#10001~","203S","838N","532-85","90-180","","","","unverified"
"komatsu","6","パワーショベル","PC10-2(3)","3D75","#4501~,#5501~","108","837N-190","532-85","33130","","","","unverified"
"komatsu","6","パワーショベル","PC10-5","3D75","#7001~","106S","837N-190","532-85","1222","","","","unverified"
"komatsu","6","パワーショベル","PC10-6","3D75","#20001~","106S","837N-190","532-85","90-180","","","","unverified"
"komatsu","6","パワーショベル","PC10-7,R","3D78N-","#25001~27776","106S","837N-190","532-85","207HS","","","","unverified"
"komatsu","6","パワーショベル","PC10-7E,R","3D74E","#27777~","203S","838N","532-85","207HS","","","","unverified"
"komatsu","6","パワーショベル","PC10N-7","3D74E","","203S","838N","532-85","207HS","","","","unverified"
"komatsu","6","パワーショベル","PC10MR(X)-1","2D68EK","","203S","838P","532-85","","","","","unverified"
"komatsu","6","パワーショベル","PC10MR-2","2D70E","","203S","838P","532-85","","","","","unverified"
"komatsu","7","パワーショベル","PC10UU(X)-3","2D68E","","203S","838P","532-85","","","","","unverified"
"komatsu","7","パワーショベル","PC10UU-5","2D70E","#15001~","203S","838P","532-85","20A-60-21220","","","HYD欄は純正番号表示（淡色・検証中）","unverified"
"komatsu","7","パワーショベル","PC12-1","3D72","#1001~","203","838N","532-85","207HS","","","","unverified"
"komatsu","7","パワーショベル","PC12UU-2","3D72","#3001~4600","203S","838N","532-85","207HS","","","","unverified"
"komatsu","7","パワーショベル","PC12UU-2E","3D68E","#4601~","203S","838N","532-85","207HS","","","","unverified"
"komatsu","7","パワーショベル","PC12R-3","3D68E","","203S","838P","532-85","207HS","","","","unverified"
"komatsu","7","パワーショベル","PC12R-8","3D68E","#10001~","203S","838P","532-85+563F","207HS","","","","unverified"
"komatsu","7","パワーショベル","PC15","3D82AE","","106S","837N","532-85","207HS","","","","unverified"
"komatsu","7","パワーショベル","PC15-1","3D78","#1001~","106S","837N","50-90","1222","","","","unverified"
"komatsu","7","パワーショベル","PC15-2","3D78","#2001~","106S","837N","50-90","90-180","","","","unverified"
"komatsu","7","パワーショベル","PC15-3,R","3D84N","#5001~6221","106S","837N","50-90","207HS","","","","unverified"
"komatsu","7","パワーショベル","PC15-3E,R","3D82AE","#6222~","203","837N","532-85","207HS","","","","unverified"
"komatsu","7","パワーショベル","PC15R-8","3D68E","#10001~","203S","838P","532-85+563F","207HS","","","","unverified"
"komatsu","7","パワーショベル","PC15FR-1","3D68E","#11001~","203S","838N","532-85","90-180","","","","unverified"
"komatsu","7","パワーショベル","PC15MR(X)-1","3D68E","#10001~","203S","838P","532-85+563F","","","","HYD欄に淡色の純正番号表記あり：22J-60-11410 と読める（判読不確実・原本確認）","unverified"
"komatsu","7","パワーショベル","PC18MR-2","3D67","#15001~","203","838P","532-85+532S","83-132","","","","unverified"
"komatsu","7","パワーショベル","PC18MR-3","3D67","","203","838P","532-85+532S","83-132","","","","unverified"
"komatsu","7","パワーショベル","PC18MR-5","","","203","838P","50-80","","","","HYD欄に淡色の純正番号表記あり：22J-60-55230 と読める（判読不確実・原本確認）","unverified"
"komatsu","7","パワーショベル","PC20-1","2D94-2","#10001~","103-3","839N","500E","121CG","","","","unverified"
"komatsu","7","パワーショベル","PC20-2","3D84","#12001~","108","837N","532-85","1222","","","","unverified"
"komatsu","7","パワーショベル","PC20-3","3D84","#14001~","108","837N","532-85","1222","","","","unverified"
"komatsu","7","パワーショベル","PC20-5","3D84","#18001~","108","837N","532-85","1222","","","","unverified"
"komatsu","7","パワーショベル","PC20-6","3D84","#24001~","108","837N","532-85","1222","","","","unverified"
"komatsu","7","パワーショベル","PC20-7,R","3D84N","#35001~42354","106S","837N","50-90","207HS","","","","unverified"
"komatsu","7","パワーショベル","PC20-7E","3D82AE","#42355~","203","837N","532-85","207HS","","","","unverified"
"komatsu","7","パワーショベル","PC20R-8","3D74E","#10001~","203S","838P","532-85+563F","207HS","","","","unverified"
"komatsu","7","パワーショベル","PC20MR-8","3D74E","#10001~","203S","838P","532-85","207HS","","","","unverified"
"komatsu","7","パワーショベル","PC20FR-1","3D68E","","203S","838N","532-85","90-180","","","","unverified"
"komatsu","7","パワーショベル","PC20FR-2","3D68E","#20001~","203S","838N","532-85","90-180","","","","unverified"
"komatsu","7","パワーショベル","PC20MR-1","3D74E","#10001~","203S","838P","532-85+563F","32210H","","","","unverified"
"komatsu","7","パワーショベル","PC20MR-2","3D76E","#15001~","203S","838P","532-85","83-132","","","","unverified"
"komatsu","7","パワーショベル","PC20MR-3","3D76E","","203S","838P","532-85+532S","83-132","","","","unverified"
"komatsu","7","パワーショベル","PC20UU(X)-3(-5","3D74E","#10001~","203S","838P","532-85+563F","32210H","","","","unverified"
"komatsu","7","パワーショベル","PC25","3D84E","","106S","837N","50-90","","","","SERIAL欄に淡色で「スタンダ…」の表記あり（判読困難）","unverified"
"komatsu","7","パワーショベル","PC25-1,R","3D84","#1001~6470","106S","837N","50-90","1222","","","","unverified"
"komatsu","7","パワーショベル","PC25-1E,R","3D84E","#6471~","203","837N","50-90","1222","","","","unverified"
"komatsu","7","パワーショベル","PC25R-8","3D82AE","#10001~","203","837P","532-85+563F","207HS","","","","unverified"
"komatsu","7","パワーショベル","PC27R-8","3D82AE","#10001~","203","837P","532-85+563F","207HS","","","","unverified"
"komatsu","7","パワーショベル","PC27MR-1","3D82AE","#10001~","203C","837P","532-85+563F","32210H","","","","unverified"
"komatsu","7","パワーショベル","PC27MR-2","3D82AE","","203","837P","107SF","83-132","","","","unverified"
"komatsu","8","パワーショベル","PC27MR-3","3D82AE","#20002~","203","837P","107SF","83-132","","","","unverified"
"komatsu","8","パワーショベル","PC28-1","3D78","#1001~","106S","837N","50-90","207HS","","","","unverified"
"komatsu","8","パワーショベル","PC28UU-2","3D84","#7001~10800","203","837N","50-90","207HS","","","","unverified"
"komatsu","8","パワーショベル","PC28UU(X)-2E","3D82","#10801~","203","837N","532-85+563F","207HS","","","","unverified"
"komatsu","8","パワーショベル","PC28UU-3","3D82","#30001~","203","837P","532-85+563F","32210H","","","","unverified"
"komatsu","8","パワーショベル","PC30-1","3D84","#1001~","108","837N","532-85","1222","","","","unverified"
"komatsu","8","パワーショベル","PC30-3","3D84","#2601~","108","837N","532-85","1222","","","","unverified"
"komatsu","8","パワーショベル","PC30-5","3D84","#6001~","108","837N","532-85","1222","","","","unverified"
"komatsu","8","パワーショベル","PC30E-5","","","","","","","","","","unverified"
"komatsu","8","パワーショベル","PC30E-6","","","","","","","","","","unverified"
"komatsu","8","パワーショベル","PC30-6","3D84","#10001~","108","837N","532-85","1222","","","","unverified"
"komatsu","8","パワーショベル","PC30-6E-1","","","","","","","","","","unverified"
"komatsu","8","パワーショベル","PC30-7,R","3D84","#18001~26422","203","837N","50-90","1222","","","","unverified"
"komatsu","8","パワーショベル","PC30-7E,R","3D84","#26423~","203","837N","50-90","1222","","","","unverified"
"komatsu","8","パワーショベル","PC30FR-1","3D82","#10001~","203","837N","532-85","90-230","","","","unverified"
"komatsu","8","パワーショベル","PC30FR-2","3D82","#20001~","203","837N","532-85","90-230","","","","unverified"
"komatsu","8","パワーショベル","PC30R","3D82","#42355~","203","837N","532-85","207HS","","","","unverified"
"komatsu","8","パワーショベル","PC30R-8","3D84","#10001~","203","837P","50-90+563F","1222","","","","unverified"
"komatsu","8","パワーショベル","PC30MR-1,UU-3","3D84","#10001~","203","837P","50-90+563F","32210H","","","","unverified"
"komatsu","8","パワーショベル","PC30MR-2","3D84","#20001~","203","837P","107SF","83-132","","","","unverified"
"komatsu","8","パワーショベル","PC30MR-3","3D88","#30001~","203","837P","107SF","83-132","","","","unverified"
"komatsu","8","パワーショベル","PC30MR-5","","","203","837P(W)","107SF","83-138","","","","unverified"
"komatsu","8","パワーショベル","PC30UU-5","3D88","#15001~","203","837P","107SF","32210H","","","","unverified"
"komatsu","8","パワーショベル","PC30UU-6","3D88","#20001~","203","837P(W)","107SF","83-132N","","","","unverified"
"komatsu","8","パワーショベル","PC35R-8","3D84","#35001~","203","837P","50-90+563F","1222","","","","unverified"
"komatsu","8","パワーショベル","PC35MR-1","3D84","#1001~","203","837P","50-90+563F","1222","","","","unverified"
"komatsu","8","パワーショベル","PC35MR-2","3D88","#5001~","203","837P","107SF","83-132","","","","unverified"
"komatsu","8","パワーショベル","PC35MR-3","3D88","#15001~","203","837P","107SF","83-132","","","","unverified"
"komatsu","8","パワーショベル","PC35MR-5","","","203","837P(W)","107SF","83-132N","","","","unverified"
"komatsu","8","パワーショベル","PC38-1","3D84","#1001~","108","837N","532-85","1222","","","","unverified"
"komatsu","8","パワーショベル","PC38UU2R","3D84","#3001~4482","203","837N","50-90","1222","","","","unverified"
"komatsu","8","パワーショベル","PC38UU2ER","3D84","#4483~","203","837N","50-90","1222","","","","unverified"
"komatsu","8","パワーショベル","PC38UU(X)-3","3D84","#7001~","203","837P","50-90+563F","1222","","","","unverified"
"komatsu","8","パワーショベル","PC38UU-5","3D88","#15001~","203","837P","107SF","1222","","","","unverified"
"komatsu","8","パワーショベル","PC38UU-6","3D88","#","203","837P","107SF","83-132N","","","","unverified"
"komatsu","8","パワーショベル","PC40-1,2,3","3D94","#3501~,#4501~","103-3","836N","516KH","1222","","","","unverified"
"komatsu","8","パワーショベル","PC40FR(1)","4D84","#10001~","203C","837N","50-90","110-220","","","","unverified"
"komatsu","8","パワーショベル","PC40PR,FR-2","4D84","#20001~","203C","837N","50-90","110-220","","","","unverified"
"komatsu","8","パワーショベル","PC40-5","3D95S","#8501~","101SK","837N","500E","1222","","","","unverified"
"komatsu","8","パワーショベル","PC40-6","3D95S","#10001~","101SK","837N","516KH","1222","","","","unverified"
"komatsu","9","パワーショベル","PC40-7,R","4D84","E#00101~06127","106S","837N","50-90","1222","","","","unverified"
"komatsu","9","パワーショベル","PC40-7,R","4D84","E#06128~","203","837N","50-90","1222","","","","unverified"
"komatsu","9","パワーショベル","PC40-7E,R","4D84","#24522~","203C","837N","50-90","1222","","","","unverified"
"komatsu","9","パワーショベル","PC40R-8","4D84","#30001~","106S/203","837P/837N","50-90+563F","1222","","","","unverified"
"komatsu","9","パワーショベル","PC40MR-1","4D84","#1001~","203","837P","50-90","1222","","","","unverified"
"komatsu","9","パワーショベル","PC40MR-2","4D88","","203","837P","107SF","110-100","","","","unverified"
"komatsu","9","パワーショベル","PC40MR-3","4D88","#15001~","203","836P","107SF","110-100","","","","unverified"
"komatsu","9","パワーショベル","PC45-1,R","4D84","#1001~3505","106S","837N","50-90","1222","","","","unverified"
"komatsu","9","パワーショベル","PC45-1ER","4D84","#3506~","203","837N","50-90","1222","","","","unverified"
"komatsu","9","パワーショベル","PC45R-8","4D84","#5001~","106S/203","837P","50-90+563F","1222","","","","unverified"
"komatsu","9","パワーショベル","PC45MR-1","4D84","#1001~","203","837P","50-90","1222","","","","unverified"
"komatsu","9","パワーショベル","PC45MR-5","4D88","","203","836PW","3530KF+3530PF","110-100N","","","","unverified"
"komatsu","9","パワーショベル","PC50(UU)-1","3D95S","#1001~","101SK","836N","500E","1222","","","","unverified"
"komatsu","9","パワーショベル","PC50(UU)-1","3D95S","E#14049~","101SK","836N","516KH","1222","","","","unverified"
"komatsu","9","パワーショベル","PC50FR(PR)-1,2","4D88","#10001~","203","837N","50-90","110-220","","","","unverified"
"komatsu","9","パワーショベル","PC50UU-2A,2HN","4D84","#8001~12771","203","837N","50-90","1222","","","","unverified"
"komatsu","9","パワーショベル","PC50UU-2E,2HW","4D88","#12772~","203","837N","50-90+563F","1222","","","","unverified"
"komatsu","9","パワーショベル","PC50UU,UD(G)-2","4D88","#14993~","203","837N","50-90","1222","","","","unverified"
"komatsu","9","パワーショベル","PC50UUM-2","4D88","#1001~","203","837N","50-90+563F","1222","","","","unverified"
"komatsu","9","パワーショベル","PC50MR-2","4D88","","203","837P","107SF","110-100","","","","unverified"
"komatsu","9","パワーショベル","PC55MR-3","4D88","","203","836P","107SF","110-100","","","","unverified"
"komatsu","9","パワーショベル","PC55MR-5(NO)","4D88","","203","836P","3530KF+3530PF","110-100N","","","","unverified"
"komatsu","9","パワーショベル","PC58SF-1","4D88","","203","837N","50-90+563F","1222N","","","","unverified"
"komatsu","9","パワーショベル","PC58UU(X)-3","4D88","#20000~","203","837P","50-90+563F","1222","","","","unverified"
"komatsu","9","パワーショベル","PC58UU(X)-3","4D88","#20000~","203","837P","107SF","1222","","","同一シリアル表記で2段（原本通り）","unverified"
"komatsu","9","パワーショベル","PC58UUT-3EO","4D88","","203","837P","107SF","1222","","","","unverified"
"komatsu","9","パワーショベル","PC58UU-5","4D88","#25001~","203","837P","107SF","1222","","","","unverified"
"komatsu","9","パワーショベル","PC58UU(T)-6","","","203","836PK","3530KF+3530PF","110-100N","","","","unverified"
"komatsu","9","パワーショベル","PC60(L,U)-1","4D94","","103-3N","836N","516KH","1222","","","","unverified"
"komatsu","9","パワーショベル","PC60(L,U)-1,2","4D94","","103-3N","836N","516KH","1222","","","","unverified"
"komatsu","9","パワーショベル","PC60(L,U)-3","4D95L","","103-3N","836N","516KH","1222","","","","unverified"
"komatsu","9","パワーショベル","PC60(L,U)-5","4D95L","","103-3N","836N","516KH","1222","","","","unverified"
"komatsu","9","パワーショベル","PC60(L)","4D95L","#8001~","103-3N","836T","516KH","1222","","","","unverified"
"komatsu","9","パワーショベル","PC60-7(B,S)","4D95L","スタンダードタイプ","103-3","836T","516KH","1222","","","","unverified"
"komatsu","9","パワーショベル","PC60-7(B,S)","4D95L","エストラブレード付","103-3","823NT","516KH","1222","","","","unverified"
"komatsu","9","パワーショベル","PC60-7E","4D102","スタンダードタイプ","103-6","836T","201-3","1222","","","","unverified"
"komatsu","9","パワーショベル","PC60-7E","4D102","エストラブレード付","103-6","823NT","201-3","1222","","","","unverified"
"komatsu","9","パワーショベル","PC60-7","4D95","#58001~","205SK","836NW(A)","516KH","1222N","","","","unverified"
"komatsu","9","パワーショベル","PC70","4D95","#34101~","103-3N","836T","516KH","1222","","","","unverified"
"komatsu","9","パワーショベル","PC70FR-1","4D98","#10001~","203C","836NR","107SF","","","","HYD欄に淡色の純正番号表記あり：YM172187-73730 と読める（判読不確実・原本確認）","unverified"
"komatsu","10","パワーショベル","PC70-7(B,S)","4D95","スタンダードタイプ","103-3","836T","516KH","1222","","","","unverified"
"komatsu","10","パワーショベル","PC70-7(B,S)","4D95","エストラブレード付","103-3","823NT","516KH","1222","","","","unverified"
"komatsu","10","パワーショベル","PC70-7E","4D102","スタンダードタイプ","103-6","836T","201-3","1222","","","","unverified"
"komatsu","10","パワーショベル","PC70-7E","4D102","エストラブレード付","103-6","823NT","201-3","1222","","","","unverified"
"komatsu","10","パワーショベル","PC70-7","4D95","#58001~","205SK","836NW(A)","516KH","1222N","","","","unverified"
"komatsu","10","パワーショベル","PC75(UU)-1","4D95","#1001~","103-3N","836T","516KH","1222","","","","unverified"
"komatsu","10","パワーショベル","PC75UU-2","4D95","#5001~","103-3","836T","516KH+500E","1222","","","","unverified"
"komatsu","10","パワーショベル","PC75UU2B","4D95","#11279~","103-3","836T","516KH+500E","1222","","","","unverified"
"komatsu","10","パワーショベル","PC75UU(D)T-3","4D102","#15001~","103-6","836T","201-3+500E","1222N","","","","unverified"
"komatsu","10","パワーショベル","PC75UU-3","4D95","#19001~","205SK","836T","516KH+500E","1222N","","","","unverified"
"komatsu","10","パワーショベル","PC75UU-3","4D95","#19200~","205SK","836T","516KH+500E+563F","1222N","","","","unverified"
"komatsu","10","パワーショベル","PC75US","4D102","#16307~","103-6","836T","201-3+500E","1222N","","","","unverified"
"komatsu","10","パワーショベル","PC78US-5","4D95","#1001~","205SK","836T","516KH+500E","1222N","","","","unverified"
"komatsu","10","パワーショベル","PC78US(U)-6","4D95","","205SK","836P(W)","516KH+532S","110-100","","","","unverified"
"komatsu","10","パワーショベル","PC78US(U)-8","4D95","","205SK","839P(W)","3530KF+4110KF","110-100,エアコン=170-230AC","","","","unverified"
"komatsu","10","パワーショベル","PC78US(U)-8","4D95","E#504574~","205SK","839P(W)","3870KF+4110KF","110-100,エアコン=170-230AC","","","","unverified"
"komatsu","10","パワーショベル","PC78US-10","4D95","","205SK","839P(W)","3870KF+4110KF","110-100N,CV=101KBF","","","","unverified"
"komatsu","10","パワーショベル","PC78UU(T)-10","E#703764~","","","","","","","","原本ではENGINE欄に「E#703764~」と印字","unverified"
"komatsu","10","パワーショベル","PC78US-11","SAA3D95E-1","#50001~","205SK","839P(W)","3870KF+4110KF","110-100N(G135)","","","","unverified"
"komatsu","10","パワーショベル","PC78UU-11","","","","","","","","","","unverified"
"komatsu","10","パワーショベル","PC80-1","4D105","#1001~","165K","823NH","516KH","197H","","","","unverified"
"komatsu","10","パワーショベル","PC80·80LC-3","4D95","#2001~","103-3N","836N","516KH","1222","","","","unverified"
"komatsu","10","パワーショベル","PC90","4D95","#1001~","103-3N","836T","516KH","1222","","","","unverified"
"komatsu","10","パワーショベル","PC100(U,L)1,2","4D105","#10001~","165K","815NN","516KH","195N","","","","unverified"
"komatsu","10","パワーショベル","PC100-3","6D95","#18001~","103-3N","823NH","516KH","195N,C=527K","","","","unverified"
"komatsu","10","パワーショベル","PC100L(U)-3","6D95","#12001~","103-3N","823NH","516KH","195N,C=527K","","","","unverified"
"komatsu","10","パワーショベル","PC100-5","4D95","#28001~","103-3","823NT","101K","195N","","","","unverified"
"komatsu","10","パワーショベル","PC100L-5","4D95","#14001~","103-3","823NT","101K","195N","","","","unverified"
"komatsu","10","パワーショベル","PC100N-6","4D95","#1001~","103-3","823NT","101K","195N","","","","unverified"
"komatsu","10","パワーショベル","PC100-6","4D95","#40001~42553","103-3","823NT","101K","195N","","","","unverified"
"komatsu","10","パワーショベル","PC100L-6(S)","4D95","#15001~","103-3","823NT","101K","195N","","","","unverified"
"komatsu","10","パワーショベル","PC100-6","4D102","#42265~","103-6","810TW","201-3","195N","","","","unverified"
"komatsu","10","パワーショベル","PC120-1.2","4D105","#10001~","165K","815NN","516KH","195N","","","","unverified"
"komatsu","10","パワーショベル","PC120-3","6D95L","#18001~","103-3N","823NH","516KH","195N,C=527K","","","","unverified"
"komatsu","10","パワーショベル","PC120-5(Z)","4D95","#30001~","103-3","823NT","101K","195N","","","","unverified"
"komatsu","10","パワーショベル","PC120-6","4D95","#45001~53010","103-3","823NT","101K","195N","","","","unverified"
"komatsu","10","パワーショベル","PC120-6","4D102","#52556~","103-6","810TW","201-3","195N","","","","unverified"
"komatsu","10","パワーショベル","PC120SC-6","4D102","#10001~","103-6","810TW","201-3","195N","","","","unverified"
"komatsu","10","パワーショベル","PC120-6EO","4D102","#70001~","103-6","823NHPW","201-3","","","","HYD欄に淡色の純正番号表記あり：203-60-61330 と読める（判読不確実・原本確認）","unverified"
"komatsu","11","パワーショベル","PC120-8","SAA4D95","","205SK","823PW","3530KF+4110KF","110-200","","","","unverified"
"komatsu","11","パワーショベル","PC120-8","SAA4D95","E#518993~","205SK","823PW","3870KF+4110KF","110-200","","","","unverified"
"komatsu","11","パワーショベル","PC120-11","SAA4D95","","205SK","823NHPW","3880KF+4110KF","","","","HYD欄に極小文字の表記あり（判読不可・原本確認）","unverified"
"komatsu","11","パワーショベル","PC128(UU)-1","S4D95","#1001~","103-3","823NT(W)","101K","195N","","","","unverified"
"komatsu","11","パワーショベル","PC128UU-1","S4D102","#2347~","103-6","823NTW","201-3","195N","","","","unverified"
"komatsu","11","パワーショベル","PC128UU-2","S4D102","#5001~","103-6","823PW","201-3","195N","","","","unverified"
"komatsu","11","パワーショベル","PC128UU-2","SAA4D102","#6001~","103-6","823NHPW","201-3","195N","","","","unverified"
"komatsu","11","パワーショベル","PC128UU-8","SAA4D95","#23030~","205SK","823PW","3530KF+4110KF","110-200","","","","unverified"
"komatsu","11","パワーショベル","PC128UU-8","SAA4D95","#26284~","205SK","823PW","3870KF+4110KF","110-200","","","","unverified"
"komatsu","11","パワーショベル","PC128UU-10,11","","","","","","CV=101KBF","","","","unverified"
"komatsu","11","パワーショベル","PC128US-1","S4D102","#1001~","103-6","823NTW","201-3","195N","","","","unverified"
"komatsu","11","パワーショベル","PC128US-2","S4D102","#5001~8100","103-6","823PW","201-3","195N","","","","unverified"
"komatsu","11","パワーショベル","PC128US-2","SAA4D102","#8101~9500","103-6","823NHPW","201-3","195N","","","","unverified"
"komatsu","11","パワーショベル","PC128US-2EI(A)","SAA4D95","#9501~","205SK","823PW","516KH","110-200","","","","unverified"
"komatsu","11","パワーショベル","PC128US-8","SAA4D95","","205SK","823PW","3530KF+4110KF","110-200,CV=101KBF","","","","unverified"
"komatsu","11","パワーショベル","PC128US-8","SAA4D95","E#518276~","205SK","823PW","3870KF+4110KF","110-200,CV=101KBF","","","","unverified"
"komatsu","11","パワーショベル","PC128US-10","SAA4D95","","205SK","","3870KF+4110KF","110-200","","","AIR欄に淡色の純正番号表記あり（判読困難のため未収録。原本確認）","unverified"
"komatsu","11","パワーショベル","PC128US-11","SAA4D95","","205SK","823NHPW","3870KF+4110KF","110-200N","","","","unverified"
"komatsu","11","パワーショベル","PC130-6","S4D95L","#45001~50355","103-3","823NT","101K","195N","","","","unverified"
"komatsu","11","パワーショベル","PC130-6","S4D102E","#50356~","103-6","810TW","201-3","195N","","","","unverified"
"komatsu","11","パワーショベル","PC130-6EO","SAA4D102","#60001~","103-6","823NHPW","201-3","195NL","","","","unverified"
"komatsu","11","パワーショベル","PC130-8","SAA4D95","","205SK","823PW","3530KF+4110KF","110-200","","","","unverified"
"komatsu","11","パワーショベル","PC130-8","SAA4D95","E#516993~","205SK","823PW","3870KF+4110KF","110-200","","","","unverified"
"komatsu","11","パワーショベル","PC130-11","SAA4D95","","205SK","823NHPW","3880KF※+4110KF","110-200N+529UNF","","","","unverified"
"komatsu","11","パワーショベル","PC138US-2","S4D102","#1001~3200","103-6","823PW","201-3","195N","","","","unverified"
"komatsu","11","パワーショベル","PC138US-2","SAA4D102","#3201~4500","103-6","823NHPW","201-3","195N","","","","unverified"
"komatsu","11","パワーショベル","PC138US-2TI","SAA4D95","#4501~","205SK","823PW","516KH","","","","HYD欄に淡色の純正番号表記あり（判読困難のため未収録。原本確認）","unverified"
"komatsu","11","パワーショベル","PC138US-8","SAA4D95","","205SK","823PW","3530KF+4110KF","110-200","","","","unverified"
"komatsu","11","パワーショベル","PC138US-8","SAA4D95","E#518276~","205SK","823PW","3870KF+4110KF","110-200","","","","unverified"
"komatsu","11","パワーショベル","PC138US-10","SAA4D95","","205SK","","3870KF+4110KF","110-200,CV=101KBF","","","AIR欄に淡色の純正番号表記あり（判読困難のため未収録。原本確認）","unverified"
"komatsu","11","パワーショベル","PC138USE-11","","","","","","","","","","unverified"
"komatsu","11","パワーショベル","PC138US(U)-11","SAA4D95","","205SK","823NHPW,エアコン=170-230AC","3870KF+4110KF","110-200N,CV=101KBF","","","","unverified"
"komatsu","11","パワーショベル","PC150·150LC-1","6D105","#1001~","165K","815NN","101K","150-450,C=527K","","","","unverified"
"komatsu","11","パワーショベル","PC150·150LC-3","S6D95","#3001~","103-3N","823NH","101K","195N,C=527K","","","","unverified"
"komatsu","11","パワーショベル","PC150(-5)","S6D95","#6001~","103-3","810T","101K","195N","","","","unverified"
"komatsu","11","パワーショベル","PC160LC-7","SAA4D102","","103-6","823NHPW","201-3","150-200","","","","unverified"
"komatsu","11","パワーショベル","PC198","SAA6D107","#70001~","207N-6","494KPW","","150-200","","","","unverified"
"komatsu","11","パワーショベル","PC200-1,2","6D105","#12218~","165K","450N","101K","150-450,C=527K","","","","unverified"
"komatsu","11","パワーショベル","PC200-1,2","6D105","#50001~","165K","815NN","101K","150-450,C=527K","","","","unverified"
"komatsu","12","パワーショベル","PC200·200LC-3","S6D105","#61481~","165K","460NN","101K","150-300,C=527K","","","","unverified"
"komatsu","12","パワーショベル","PC200·200LC-3","S6D105","#78805~","165K","494KW","101K","150-300,C=527K","","","","unverified"
"komatsu","12","パワーショベル","PC200(LC)-5","S6D95","#45001~","103-3","810T(W)","101K","150-450","","","","unverified"
"komatsu","12","パワーショベル","PC210(LC)-5","S6D95","#20101~","103-3","810T(W)","101K","150-450","","","","unverified"
"komatsu","12","パワーショベル","PC200(LC)-6","S(AA)6D95","","103-3","494K","101K","150-450","","","","unverified"
"komatsu","12","パワーショベル","PC200(LC,SC)-6Z,E,TNE","S6D102","","207N-6","494KW","201-3","150-450","","","","unverified"
"komatsu","12","パワーショベル","PC200-7","SAA6D102","#200001~","207N-6","809PWA","201-3","150-200","","","","unverified"
"komatsu","12","パワーショベル","PC200(LC)-8","SAA6D107","","207N-6","494KPW","6140KF+3610KF","150-200","","","","unverified"
"komatsu","12","パワーショベル","PC200(LC)-8","SAA6D107","E#26541148~","207N-6","494KPW","3750KF+3610KF","150-200","","","","unverified"
"komatsu","12","パワーショベル","PC200(210)-8EO,NI","SAA4D107","","207N-6","494KPW","6140KF+3610KF","150-200","","","","unverified"
"komatsu","12","パワーショベル","PC200(210)-8EO,NI","SAA4D107","","207N-6","494KPW","3750KF+3610KF","150-200","","","","unverified"
"komatsu","12","パワーショベル","PC200(LC,i)-10,11","SAA6D107","","207N-6","809PW","3750KF+3610KF","150-200,エアコン170-230AC","","","","unverified"
"komatsu","12","パワーショベル","PC200(LC)E-11","","","","","","","","","","unverified"
"komatsu","12","パワーショベル","PC200i-12","","","","","","","","","","unverified"
"komatsu","12","パワーショベル","PC202","SAA4D95","","205SK","823PW","3530KF+4110KF","110-200","","","","unverified"
"komatsu","12","パワーショベル","PC202","SAA4D95","E#518283~","205SK","823PW","3870KF+4110KF","110-200","","","","unverified"
"komatsu","12","パワーショベル","PC210(LC)-8","SAA6D107","","207N-6","494KPW","6140KF+3610KF","150-200","","","","unverified"
"komatsu","12","パワーショベル","PC210(LC)-8","SAA6D107","E#26541148~","207N-6","494KPW","3750KF+3610KF","150-200","","","","unverified"
"komatsu","12","パワーショベル","HB205,215(LC)-1","SAA4D107","#1001~","207N-6","494KPW","3750KF+3610KF","150-200","","","エアコンフィルター：内気200-220AC、外気170-230AC","unverified"
"komatsu","12","パワーショベル","HB205,215(LC)-2","","","207N-6","","3750KF+3610KF","150-200","","","エアコンフィルター：内気200-220AC、外気170-230AC","unverified"
"komatsu","12","パワーショベル","HB205-3","","","207N-6","809PW","3750KF+3610KF","150-200","","","","unverified"
"komatsu","12","パワーショベル","PC210(LC)-6","S6D95","#30001~30689","103-3","494K","101K","150-450","","","","unverified"
"komatsu","12","パワーショベル","PC210(LC)-6E,TNE","S6D102","#30916~","207N-6","494KW","201-3","150-450","","","","unverified"
"komatsu","12","パワーショベル","PC210-7","SAA6D102","#40001~","207N-6","809PWA","201-3","150-200","","","","unverified"
"komatsu","12","パワーショベル","PC210","SAA6D107","","207N-6","494KPW","6140KF+3610KF/3750KF+3610KF","150-200","","","","unverified"
"komatsu","12","パワーショベル","PC210(LC)-10","SAA6D107","","207N-6","494KPW","3750KF+3610KF","150-200","","","","unverified"
"komatsu","12","パワーショベル","PC210(LC)-11","SAA6D107","","207N-6","809P(W)","3750KF+3610KF","150-200N","","","","unverified"
"komatsu","12","パワーショベル","PC220-1","S6D105","#10001~","165K","495B","101K","150-450,C=527K","","","","unverified"
"komatsu","12","パワーショベル","PC220·220LC-2","S6D105","#11001~","165K","495B","101K","150-450,C=527K","","","","unverified"
"komatsu","12","パワーショベル","PC220·220LC-3","S6D105","E#62361~78505","165K","460NN","101K","150-300","","","","unverified"
"komatsu","12","パワーショベル","PC220·220LC-3","S6D105","E#78506~","165K","494KW","101K","150-300","","","","unverified"
"komatsu","12","パワーショベル","PC220(LC)-5","SA6D95","#35001~","103-3","810T(W)","101K","150-450","","","","unverified"
"komatsu","12","パワーショベル","PC220(LC)-6","SA6D95","#50001~52740","103-3","494K(W)","101K","150-450","","","","unverified"
"komatsu","12","パワーショベル","PC220-7,8","SA6D95","#10001~10124","103-3","494K(W)","101K","150-450","","","","unverified"
"komatsu","12","パワーショベル","PC220(LC)-9","SA6D95","#52278~","103-3","494K(W)","101K","150-450","","","","unverified"
"komatsu","12","パワーショベル","PC220(LC)-10","SAA6D107","","207N-6","494KPW","3750KF+3610KF","150-200","","","","unverified"
"komatsu","12","パワーショベル","PC220(LC)-6E","SA6D102","#52741~","207N-6","494KW","201-3","150-450","","","","unverified"
"komatsu","13","パワーショベル","PC220-7","SAA6D102","#60001~","207N-6","494KPW","201-3","150-200","","","","unverified"
"komatsu","13","パワーショベル","PC220-8E","SAA6D107","","207N-6","494KPW","6140KF+3610KF","150-200","","","","unverified"
"komatsu","13","パワーショベル","PC220-8E","SAA6D107","","207N-6","494KPW","3750KF+3610KF","150-200","","","","unverified"
"komatsu","13","パワーショベル","PC228UU-1","S6D102","#10001~","207N-6","494KW","201-3","150-450","","","","unverified"
"komatsu","13","パワーショベル","PC228US-1","S6D102","#11001~","207N-6","494KW","201-3","150-450","","","","unverified"
"komatsu","13","パワーショベル","PC228US-2","S6D102","#15001~","207N-6","494KW","201-3","150-450","","","","unverified"
"komatsu","13","パワーショベル","PC228US(LC)-3","SAA6D102","#20001~","207N-6","809PW","201-3","150-200","","","","unverified"
"komatsu","13","パワーショベル","PC228US-3TN","SAA6D102","","","","","","","","","unverified"
"komatsu","13","パワーショベル","PC228US-3N(YA)","SAA6D102","#30001~","207N-6","809PW","201-3","150-200","","","","unverified"
"komatsu","13","パワーショベル","PC228US-3EO(ZK)","SAA6D107","","207N-6","494KPW","6140KF+3610KF","150-200","","","","unverified"
"komatsu","13","パワーショベル","PC228US-3EO(ZK)","SAA6D107","","207N-6","494KPW","3750KF+3610KF","150-200","","","","unverified"
"komatsu","13","パワーショベル","PC228US-8","SAA6D107","","207N-6","494KPW","6140KF+3610KF","","","","","unverified"
"komatsu","13","パワーショベル","PC228US-8","SAA6D107","","207N-6","494KPW","3750KF+3610KF","","","","","unverified"
"komatsu","13","パワーショベル","PC228US-10","SAA6D107","","207N-6","809PW","3750KF+3610KF","150-200","","","エアコンフィルター：外気170-230AC（内気は淡色の純正番号表記のため判読困難・原本確認）","unverified"
"komatsu","13","パワーショベル","PC228US(LC)-11","","","207N-6","809PW","","","","","","unverified"
"komatsu","13","パワーショベル","PC230(LC)-6","SA(A)6D95","","103-3","494K","101K","150-450","","","","unverified"
"komatsu","13","パワーショベル","PC230LC-6E","SA6D102","#10169~","207N-6","494KW","201-3","150-450","","","","unverified"
"komatsu","13","パワーショベル","PC230-7","SAA6D102","#11001~","207N-6","494KPW","201-3","150-200","","","","unverified"
"komatsu","13","パワーショベル","PC230-8M1","SAA6D107","","207N-6","494KPW","6140KF+3610KF","150-200","","","","unverified"
"komatsu","13","パワーショベル","PC230-8M1","SAA6D107","E#26541141~","207N-6","494KPW","3750KF+3610KF","150-200","","","","unverified"
"komatsu","13","パワーショベル","PC230-8M2","SAA6D107","","207N-6","494KPW","6140KF+3610KF","150-200","","","","unverified"
"komatsu","13","パワーショベル","PC230-8M2","SAA6D107","E#26541141~","207N-6","494KPW","3750KF+3610KF","150-200","","","","unverified"
"komatsu","13","パワーショベル","PC230LC-10","SAA6D107","#90172~","207N-6","494KPW","3750KF+3610KF","150-200AB","","","","unverified"
"komatsu","13","パワーショベル","PC270-7","SAA6D102","E#14049~","207N-6","494KPW","201-3","150-200","","","","unverified"
"komatsu","13","パワーショベル","PC300·300LC-1","N-855","#10001~","150K+5300P","495B","165FN","150-450,C=527K","","","","unverified"
"komatsu","13","パワーショベル","PC300·300LC-2","N-855","#11001~","150K+5300P","495B","165FN","150-450,C=527K","","","","unverified"
"komatsu","13","パワーショベル","PC300·300LC-3","S6D125","#12001~","150K","495B","165FN","150-450,C=527K","","","","unverified"
"komatsu","13","パワーショベル","PC300(LC)","SA6D108","#20001~","165K","815NTW","165FN","150-450,C=527K","","","","unverified"
"komatsu","13","パワーショベル","PC300(LC,SC)-6","SAA6D108","#30001~","165K","815NTW","165FN","150-450","","","","unverified"
"komatsu","13","パワーショベル","PC300-7","SAA6D114","#40001~","9009LF","977KPW","165FNS","150-200","","","","unverified"
"komatsu","13","パワーショベル","PC300-7EO","SAA6D114","#50001~","9009LF","496PW","6140KF+3610KF","150-200","","","","unverified"
"komatsu","13","パワーショベル","PC350-7EO","SAA6D114","#30001~","9009LF","496PW","3750KF+3610KF","150-200","","","","unverified"
"komatsu","13","パワーショベル","PC300·350-8EO","SAA6D114","#60001~","9009LF","496PW","6140KF+3610KF","150-200(G195)","","","","unverified"
"komatsu","13","パワーショベル","PC300·350-8EO","SAA6D114","E#26859273~","9009LF","496PW","3750KF+3610KF","150-200(G195)","","","","unverified"
"komatsu","13","パワーショベル","PC300(LC)-10","SAA6D114","#70001~","9009LF","977KPW","3750KF+3610KF","150-200","","","","unverified"
"komatsu","13","パワーショベル","PC300(LC)-11","SAA6D114","#90001~","9009LF","977KPW","3750KF+3610KF","150-200N","","","","unverified"
"komatsu","13","パワーショベル","PC310(LC)","SA6D108","#10001~","165K","815NTW","165FN","150-450,C=527K","","","","unverified"
"komatsu","13","パワーショベル","PC350(LC)-6","SAA6D108","#10001~","165K","815NTW","165FN","150-450","","","原本では型式の後ろに「〃」印あり","unverified"
"komatsu","13","パワーショベル","PC350(LC)-7","SAA6D114","#20001~","9009LF","977KPW","165FNS","150-200","","","","unverified"
"komatsu","14","パワーショベル","PC350(LC)-10","SAA6D114","","9009LF","977KPW","3750KF+3610KF","150-200","","","","unverified"
"komatsu","14","パワーショベル","PC350(LC)-11","SAA6D114","","9009LF","977KPW","3750KF+3610KF","150-200N","","","","unverified"
"komatsu","14","パワーショベル","PC400·400LC-1","NT-855","#10001~11000","150K+5300N","495B","165FN","150-450,C=527K","","","","unverified"
"komatsu","14","パワーショベル","PC400·400LC-3","S6D125","#11001~","150K","491NN","165FN","150-450,C=527K","","","","unverified"
"komatsu","14","パワーショベル","PC400(LC)","S6D125","#20001~","150K","495BNTW","165FN","150-300×2,C=527K","","","","unverified"
"komatsu","14","パワーショベル","PC400(LC)-6","SA6D125","#30001~","150K","495B","165FN","178-450K","","","原本では型式の後ろに「〃」印あり","unverified"
"komatsu","14","パワーショベル","PC400ST-6","SA6D125","#10001~","150K","495B","165FN","178-450K","","","","unverified"
"komatsu","14","パワーショベル","PC400(LC)-7EO","SAA6D125","","150KN","496PW","3510KF/3550KF","180-200","","","","unverified"
"komatsu","14","パワーショベル","PC400·450-7EO","SAA6D125","#60001~","150KN","496PW","3510KF/3550KF","180-200","","","","unverified"
"komatsu","14","パワーショベル","PC400·450-8EO","SAA6D125","#70001~70330","150KN","496PW","3550KF+4540PF","180-200","","","","unverified"
"komatsu","14","パワーショベル","PC400·450-8EO","SAA6D125","#70331~","150KN","496PW","3841KF+4540PF","180-200","","","","unverified"
"komatsu","14","パワーショベル","PC410(LC)","S6D125","#10001~","150K","495BNTW","165FN","150-300×2,C=527K","","","","unverified"
"komatsu","14","パワーショベル","PC450(LC)-6","SA6D125","#10001~","150K","495B","165FN","208-60-61150","","","原本では型式の後ろに「〃」印あり","unverified"
"komatsu","14","パワーショベル","PC450(LC)-7EO","SAA6D125","低騒音","150KN","496PW","3510KFor3520KF","","","","","unverified"
"komatsu","14","パワーショベル","PC450LC-11","SAA6D125","","150KN","496PW","3840KF+600-319-4800※","","","","","unverified"
"komatsu","14","パワーショベル","PC490(LC)-11NO","SAA6D125","","150KN","496PW","3841KF※+4540PF","180-200","","","","unverified"
"komatsu","14","パワーショベル","PC600,650-6(E)","N14-C420","","150KN×2C=527K","491BW","165FN×2","","","","HYD欄に淡色の純正番号表記あり：H=07063-51365／R=07063-21?00 と読める（判読不確実・原本確認）","unverified"
"komatsu","14","パワーショベル","PC600,650-7","SA6D140","E#112158~","150KN","496PW","3510KF","","","","HYD欄に淡色の純正番号表記あり：H209-60-77530 と読める（判読不確実・原本確認）","unverified"
"komatsu","14","パワーショベル","PC600,650-7","SA6D140","E#114118~","150KN","496PW","3520KF","","","","HYD欄に淡色の純正番号表記あり：H209-60-77530 と読める（判読不確実・原本確認）","unverified"
"komatsu","14","パワーショベル","PC650-1","KT-1150","#10007~","150K×2+5300N","495B","165FN×2","150-450×2+527K","","","","unverified"
"komatsu","14","パワーショベル","PC650-1A","S6D170","#10014~","150K×2","495B","165FN×2","150-450×2+527K","","","","unverified"
"komatsu","14","パワーショベル","PC650(LC,SE)-3","SA6D140","#10501~","150KC=527K","492N","150F","150-450×3+165KH","","","","unverified"
"komatsu","14","パワーショベル","PC650(LC,SE)-5","SA6D140","#20001~","150KC=527K","492N","150F","150-450×3+165KH","","","","unverified"
"komatsu","14","パワーショベル","PC650-6(E)","N14-C420","#30001~","9009LF×2","491BW","165FN","178-450L,C=527K","","","","unverified"
"komatsu","14","パワーショベル","PC650-6(E)","SA6D140","#31001~","150KN","496PW","3510KF","178-450L,C=527K","","","","unverified"
"komatsu","14","パワーショベル","PC650LC-8","SAA6D140","#50001~","150KN,C=527K","496PW","3520KF+4540PF","H=209-60-77530","","","","unverified"
"komatsu","14","パワーショベル","PC710·710SE-5","SA6D140","#10001~","150K,C=527K","492N","150F","150-450×3,ドレン=165KH","","","","unverified"
"komatsu","14","パワーショベル","PC750S(E)-6","SAA6D140","#10001~","150K×2","492N","150F","150-450×2","","","","unverified"
"komatsu","14","パワーショベル","PC750,800-7","SAA6D140","","150KNC=527KH","496PW","3510KF","","","","HYD欄に淡色の純正番号表記あり：209-60-77530(?)×2 と読める（判読不確実・原本確認）","unverified"
"komatsu","14","パワーショベル","PC750,800-7","SAA6D140","E#114134~","150KNC=527KH","496PW","3520KF","","","","HYD欄に淡色の純正番号表記あり：209-60-77530(?)×2 と読める（判読不確実・原本確認）","unverified"
"komatsu","14","パワーショベル","PC800(SE)-6","SAA6D140","#30001~","150K×2","492N","150F","150-450×2","","","","unverified"
"komatsu","14","パワーショベル","PC800-8,850-8","SAA6D140","","150KN×2","496PW","3520KF+4540PF","","","","HYD欄に淡色の純正番号表記あり：209-60-77531×2 と読める（判読不確実・原本確認）","unverified"
"komatsu","14","パワーショベル","PC950-11","SAA6D140","#10001~","150KN×2","496PW","3840KF+純正","","","","HYD欄に淡色の純正番号表記あり：2AA-60-11260×2 と読める（判読不確実・原本確認）","unverified"
"komatsu","14","パワーショベル","PC1000(SE)-1","SA6D170","#10001~10371","150K×2","492N","165FN×2","150-450×4","","","","unverified"
"komatsu","14","パワーショベル","PC1000(SE)-1","SA6D170","#10372~","","","","C=527K","","","","unverified"
"komatsu","14","パワーショベル","PC1100(SE)-6","SAA6D170","","150K×2","492N","165FN×3","","","","","unverified"
"komatsu","14","パワーショベル","PC1250-7","","#20001~","150K×2C=527KH","496PW","(600-319-3111+3240KF)×2","178-450L×2,P=1114","","","","unverified"
"komatsu","14","パワーショベル","PC1250-8","SAA6D170","","150KN×2","496PW","3550KF+4540PF×2","209-60-77531×2,P=1114","","","","unverified"
"komatsu","14","パワーショベル","PC1500-1","KT-1150×2","#10001~","150K×4,5300N×2,C=527K","492N×2","165FN×2","150-450×5,ドレン=121CG","","","原本のOIL欄は「150K×45300N×2C=527K」と区切りなしで印字","unverified"
"komatsu","14","パワーショベル","PC1500-1A","S6D170-1×2","#10007~","150K×4,5300N×2,C=527K","492N×2","165FN×2","150-450×5,ドレン=121CG","","","原本のOIL欄は「150K×45300N×2C=527K」と区切りなしで印字","unverified"
"komatsu","15","パワーショベル","PC1600-1","S6D140-1×2","#1001~","","492N×2","150F×2","150-450×6+121CG","","","OIL欄は極小文字で判読困難（150K×2+151KB×2,C=527K×2 のように見える・原本確認）","unverified"
"komatsu","15","パワーショベル","PC1800","SAA6D140E×2","","150KN","496PW","3510KF","","","","HYD欄に淡色の純正番号表記あり（判読困難・原本確認）","unverified"
"komatsu","15","パワーショベル","PC1800","SAA6D140E×2","E#114134~","150KN","496PW","3520KF","","","","HYD欄に淡色の純正番号表記あり（判読困難・原本確認）","unverified"
"komatsu","15","パワーショベル","PC2000-11R","","","","","","","","","","unverified"
"komatsu","15","パワーショベル","PC3000","","","","","","","","","","unverified"
"komatsu","15","パワーショベル","PC4000","","","","","","","","","","unverified"
"komatsu","15","パワーショベル","PC8000","","","","","","","","","","unverified"
"komatsu","15","パワーショベル","PC9000","","","","","","","","","","unverified"
"komatsu","15","パワーショベル","PX500","SAA6D102","","","","","","","","","unverified"
"komatsu","15","パワーショベル","PF3-1","6D95","#10001~","103-3N","823NH","516KH","195N","","","","unverified"
"komatsu","15","パワーショベル","PF3W-1","S6D95","#3501~","103-3N","823NHA","516KH","195N","","","","unverified"
"komatsu","15","パワーショベル","PF5·5LC-1","S6D105","#10001~","165K","494K","101K","150-300","","","","unverified"
"komatsu","15","パワーショベル","PW05-1","3D72","#1001~","203","838NT","532-85","","","","HYD欄に淡色の純正番号表記あり（判読困難・原本確認）","unverified"
"komatsu","15","パワーショベル","PW20-1","3D84","#1001~","108","837N","532-85","33130、1222","","","","unverified"
"komatsu","15","パワーショベル","PW30-1","3D84","#1001~","108","837N","532-85","33130、1222","","","","unverified"
"komatsu","15","パワーショベル","PW40UU","4D84","","","","","","","","","unverified"
"komatsu","15","パワーショベル","PW60-1","4D94","#1501~","103-3","836N","516KH","1222","","","","unverified"
"komatsu","15","パワーショベル","PW60-3","4D95","#1001~","103-3N","836N","516KH","1222","","","","unverified"
"komatsu","15","パワーショベル","PW100-1","S4D105","#1001~","165K","815NN","516KH","195N","","","","unverified"
"komatsu","15","パワーショベル","PW100-3","S6D95","","103-3N","823NH","516KH","195N","","","","unverified"
"komatsu","15","パワーショベル","PW128UU-1","S4D102","#1001~","103-6","810TW","201-3","195N","","","","unverified"
"komatsu","15","パワーショベル","PW150-1","6D95","#1001~","103-3N","823NH","516KH","195N","","","","unverified"
"komatsu","15","パワーショベル","PW200-1","S6D105","#10001~","165K","494K","101K","150-300","","","","unverified"
"komatsu","15","パワーショベル","PW200-7","SAA6D102","#20001~","207N-6","809PW","201-3","","","","","unverified"
"komatsu","15","ホイルローダ","WA10-1","3D66","#10001~","203","838NT","532-85","","","","HYD欄に淡色の純正番号表記あり（判読困難・原本確認）","unverified"
"komatsu","15","ホイルローダ","WA10-6","","#12001~","203S","838P","532-85","","","","HYD欄に淡色の純正番号表記あり（判読困難・原本確認）","unverified"
"komatsu","15","ホイルローダ","WA20-1","3D78","#1001~","106S","837N","50-90","103SS","","","","unverified"
"komatsu","15","ホイルローダ","WA20-2","3D78","","108","837N-190","532-85","103SS","","","","unverified"
"komatsu","15","ホイルローダ","WA30-1","2D94","#1001~","103-3","836N","500E","35310","","","","unverified"
"komatsu","15","ホイルローダ","WA30-2","3D84","#3001~9000","108","837N","532-85","","","","HYD欄に淡色の純正番号表記あり（判読困難・原本確認）","unverified"
"komatsu","15","ホイルローダ","WA30(-3)","3D84","#9001~","106S","837N","50-90","","","","HYD欄に淡色の純正番号表記あり（判読困難・原本確認）","unverified"
"komatsu","15","ホイルローダ","WA30-5","3D84N","#15001~18969","","","","35310","","","","unverified"
"komatsu","15","ホイルローダ","WA30-5E","3D84E","#18970~","","","","","","","型式は原本で「WA30-5€」のように印字。HYD欄に淡色の純正番号表記あり（判読困難・原本確認）","unverified"
"komatsu","15","ホイルローダ","WA30-5EO","3D84E","#26001~","203","837N","107SF","35310","","","","unverified"
"komatsu","15","ホイルローダ","WA30-6","3D88E","","203","837P","107SF","35310","","","","unverified"
"komatsu","15","ホイルローダ","WA30-6EO(NI)","","#100001~","203","836P","107SF","","","","","unverified"
"komatsu","15","ホイルローダ","WA40-1","4D95L","#1001~","103-3N","836N","516KH","33130","","","","unverified"
"komatsu","15","ホイルローダ","WA40-2","S3D84","#3001~","106S","837N","50-90","35310","","","","unverified"
"komatsu","16","ホイルローダ","WA40-3","S3D84","#10001~13529","106S","837N","50-90","35310","","","","unverified"
"komatsu","16","ホイルローダ","WA40-3E","S3D84","","108","837N","50-90+532S","35310","","","","unverified"
"komatsu","16","ホイルローダ","WA40-3E","S3D84","E#20305~","108","837N","50-90+563F","35310","","","","unverified"
"komatsu","16","ホイルローダ","WA40-3E","S3D84","#19001~","203","837N","107SF","35310","","","","unverified"
"komatsu","16","ホイルローダ","WA40-6","4D88E","#60001~","203","836P","107SF","35310","","","","unverified"
"komatsu","16","ホイルローダ","WA40-8(NO)","4D88E","#7001~","203","836P","3530KF+3530PF","","","","HYD欄に淡色の純正番号表記あり：HYD=42A-60-71310、HST=42A-15-51??? と読める（判読不確実・原本確認）","unverified"
"komatsu","16","ホイルローダ","WA50","4D95S","#10001~","103-3N","836NR","516V","","","","","unverified"
"komatsu","16","ホイルローダ","WA50-3","S3D84E","#20001~20641","108","837N","50-90+532S","35310","","","","unverified"
"komatsu","16","ホイルローダ","WA50-3","S3D84E","#20642~","108","837N","50-90","35310","","","","unverified"
"komatsu","16","ホイルローダ","WA50-3","S3D84E","E#20305~","108","837N","50-90+563F","35310","","","","unverified"
"komatsu","16","ホイルローダ","WA50-3EO","S3D84E","#23001~","203","837N","107SF","35310","","","","unverified"
"komatsu","16","ホイルローダ","WA50-6","4D88E","#60001~","203","836P","107SF","35310","","","","unverified"
"komatsu","16","ホイルローダ","WA50-8(NO)","4D88E-7","#70001~","203","836P","3530KF+3530PF","","","","HYD欄に淡色の純正番号表記あり：HYD=42A-60-71310、HST=42A15-51??? と読める（判読不確実・原本確認）","unverified"
"komatsu","16","ホイルローダ","WA70-1","4D95L","~#12000","103-3N","836N","516KH","35310,T=1114","","","","unverified"
"komatsu","16","ホイルローダ","WA70-1","4D95L","#12001~","103-3N","836T","516KH","35310,T=1114","","","","unverified"
"komatsu","16","ホイルローダ","WA80-3(E)","4D102E","#10001~12000","103-6","836T","201-3","35310","","","","unverified"
"komatsu","16","ホイルローダ","WA80-3CN(EO)","4D95L","#12001~","205SK","823P(W)","516KH","712H","","","","unverified"
"komatsu","16","ホイルローダ","WA80-8","SAA4D95L","#20001~","205SK","839PW","3870KF+4110KF","","","","HYD欄に淡色の純正番号表記あり：419-60-35151 と読める（判読不確実・原本確認）","unverified"
"komatsu","16","ホイルローダ","WA100-1,3","6D95","~#110729","103-3N","823NH","516KH","1222,T=1114","","","","unverified"
"komatsu","16","ホイルローダ","WA100-1,3","6D95","#110730~","103-3","823NH","516KH","1222,T=1114","","","","unverified"
"komatsu","16","ホイルローダ","WA100M-3","S4D102E","#10001~11500","103-6","823NTW","201-3","35310","","","","unverified"
"komatsu","16","ホイルローダ","WA100M-3","S4D95LE","#11501~","205SK","823PW","516KH","35310","","","","unverified"
"komatsu","16","ホイルローダ","WA100-3(A)","S4D102E","","103-6","810TW","201-3","1222,T=1114","","","","unverified"
"komatsu","16","ホイルローダ","WA100-3ED","SAA4D102E","#70001~","103-6","823NHPW","201-3","","","","HYD欄に淡色の純正番号表記あり：419-60-35152 と読める（原本確認）","unverified"
"komatsu","16","ホイルローダ","WA100-5","SAA4D102E","#70001~","103-6","823NHPW","201-3","TM=160K","","","","unverified"
"komatsu","16","ホイルローダ","WA100-6","SAA4D95L","","205SK","823NHPW","3530KF+4110KF","T/M=160K","","","HYD欄に淡色の純正番号表記あり：419-60-3515? と読める（判読不確実・原本確認）","unverified"
"komatsu","16","ホイルローダ","WA100-6","SAA4D95L","E#516805~","205SK","823NHPW","3870KF+4110KF","T/M=160K","","","HYD欄に淡色の純正番号表記あり：419-60-3515? と読める（判読不確実・原本確認）","unverified"
"komatsu","16","ホイルローダ","WA100-7","SAA4D95L","","205SK","","3870KF+4110KF","CV=101KBF","","","AIR欄に淡色の純正番号 600-185-2710、HYD欄に 419-60-35150 と読める表記あり（判読不確実・原本確認）","unverified"
"komatsu","16","ホイルローダ","WA100-8","SAA4D95L","","205SK","823NHPW","3870KF+4110KF","TM=160K,CV=101KBF","","","AIR欄に淡色の純正番号 600-185-2710 の併記あり。HYD欄にも淡色の純正番号表記あり（判読困難・原本確認）","unverified"
"komatsu","16","ホイルローダ","WA100-8","SAA4D95L","","205SK","823NHPW","","CV=101KBF","","","FUEL欄は淡色の純正番号表記：※6540-71-2320、PCV 600-333-3900 と読める（判読不確実・原本確認）","unverified"
"komatsu","16","ホイルローダ","WA103","SAA6D107E","","207N-6","494KPW","201-3","","","","HYD欄に淡色の純正番号表記あり：419-60-35152 と読める（原本確認）","unverified"
"komatsu","16","ホイルローダ","WA105","SAA4D107E","","207N-6","494KPW","201-3","","","","HYD欄に淡色の純正番号表記あり：419-60-35152 と読める（原本確認）","unverified"
"komatsu","16","ホイルローダ","WA108","SAA6D107","","207N-6","494KPW","6140KF+3610KF","TM=160K","","","HYD欄に淡色の純正番号表記あり：419-60-35152 と読める（原本確認）","unverified"
"komatsu","16","ホイルローダ","WA108","SAA6D107","E#26548330~","207N-6","494KPW","3750KF+3610KF","TM=160K","","","HYD欄に淡色の純正番号表記あり：419-60-35152 と読める（原本確認）","unverified"
"komatsu","16","ホイルローダ","WA150-1,3","S6D95L","~#110798","103-3N","815NN","516KH","1222,C=527K,T=1114(メッシュW058)","","","","unverified"
"komatsu","16","ホイルローダ","WA150-1,3","S6D95L","#110799~","103-3","815NN","516KH","1222,C=527K,T=1114(メッシュW058)","","","","unverified"
"komatsu","16","ホイルローダ","WA150-1,3","S6D102E","#63001~","103-6","494KW","201-3","1222,T=1114","","","","unverified"
"komatsu","16","ホイルローダ","WA150-5NI","SAA4D102E","","103-6","823NHPW","201-3","","","","HYD欄に淡色の純正番号表記あり：419-60-35152 と読める（原本確認）","unverified"
"komatsu","16","ホイルローダ","WA150-6","SAA4D95LE","","205SK","823NHPW","3530KF+4110KF","T/M=160K","","","HYD欄に淡色の純正番号表記あり：419-60-35152 と読める（原本確認）","unverified"
"komatsu","16","ホイルローダ","WA150-6","SAA4D95LE","E#516805~","205SK","823NHPW","3870KF+4110KF","T/M=160K","","","HYD欄に淡色の純正番号表記あり：419-60-35152 と読める（原本確認）","unverified"
"komatsu","17","ホイルローダ","WA150-8","SAA4D95LE","","205SK","823NHPW","3870KF+4110KF","","","","","unverified"
"komatsu","17","ホイルローダ","WA200-1","6D105","#10001~","165K","815NN","101K","1222,T=1114,C=527K","","","","unverified"
"komatsu","17","ホイルローダ","WA200-3","6D105","#60001~","103-3","","516KH","","","","","unverified"
"komatsu","17","ホイルローダ","WA200-3","S6D102E","#63001~","207N-6","494KW","201-3","1222,T=1114","","","","unverified"
"komatsu","17","ホイルローダ","WA200-5","SAA6D102E","#65001~","207N-6","809PW","201-3","T/M=160K","","","HYD欄に淡色の純正番号表記の併記あり（判読困難・原本確認）","unverified"
"komatsu","17","ホイルローダ","WA200-6","SAA4D107E","","207N-6","823NHPW","6140KF+3610KF","T/M=160K","","","HYD欄に淡色の純正番号表記の併記あり（判読困難・原本確認）","unverified"
"komatsu","17","ホイルローダ","WA200-6","SAA4D107E","E#26548134~","207N-6","823NHPW","3750KF+3610KF","T/M=160K","","","HYD欄に淡色の純正番号表記の併記あり（判読困難・原本確認）","unverified"
"komatsu","17","ホイルローダ","WA200-7","SAA4D107E","","207N-6","","3750KF+3610KF","T/M=160K","","","","unverified"
"komatsu","17","ホイルローダ","WA200-8","SAA4D107E","","207N-6","","3750KF+3610KF","T/M=160K","","","","unverified"
"komatsu","17","ホイルローダ","WA200","SAA4D107E","","207N-6","494KPW","201-3","","","","HYD欄に淡色の純正番号表記あり（判読困難・原本確認）","unverified"
"komatsu","17","ホイルローダ","WA250-(3E)","S6D102E","#65001~","207N-6","494KW","201-3","1222,T=1114","","","","unverified"
"komatsu","17","ホイルローダ","WA270-5","SAA6D102E","#70001~","207N-6","809PW","201-3","","","","HYD欄に淡色の純正番号表記あり（判読困難・原本確認）","unverified"
"komatsu","17","ホイルローダ","WA270","SAA6D107E","","207N-6","494KPW","201-3","","","","HYD欄に淡色の純正番号表記あり（判読困難・原本確認）","unverified"
"komatsu","17","ホイルローダ","WA270-6","SAA4D107E","","207N-6","494KPW","6140KF+3610KF","","","","HYD欄に淡色の純正番号表記あり（判読困難・原本確認）","unverified"
"komatsu","17","ホイルローダ","WA270-6","SAA4D107E","#75813~","207N-6","494KPW","3750KF+3610KF","","","","HYD欄に淡色の純正番号表記あり（判読困難・原本確認）","unverified"
"komatsu","17","ホイルローダ","WA270-8","SAA6D107E","","207N-6","494KPW","3750KF+3610KF","","","","HYD欄に淡色の純正番号表記あり（判読困難・原本確認）","unverified"
"komatsu","17","ホイルローダ","WA300-1","S6D105-1X,WW","","165K","460NN","101K","#~30000=195N,#30001~=150-300","","","","unverified"
"komatsu","17","ホイルローダ","WA300-1","S6D105-1AH","","165K","494KW","101K","#~30000=195N,#30001~=150-300","","","","unverified"
"komatsu","17","ホイルローダ","WA300-3","S6D108","#50322~","165K","815NTW","165FN","150-300,T=1114(W039)","","","","unverified"
"komatsu","17","ホイルローダ","WA300-3CS,EX","SA6D102","#51001~","207N-6","494KPW","201-3","150-300,T=1114(W067)","","","","unverified"
"komatsu","17","ホイルローダ","WA320-5","SAA6D102","#60001~","207N-6","809PW","201-3","T/M=160K","","","HYD欄に淡色の純正番号表記の併記あり（判読困難・原本確認）","unverified"
"komatsu","17","ホイルローダ","WA320-6","SAA6D107","","207N-6","494KPW","6140KF+3610KF","T/M=160K","","","原本では「WA320-6／WA108」を同一行に記載。HYD欄に淡色の純正番号表記の併記あり（判読困難・原本確認）","unverified"
"komatsu","17","ホイルローダ","WA320-6","SAA6D107","E#26548330~","207N-6","494KPW","3750KF+3610KF","T/M=160K","","","原本では「WA320-6／WA108」を同一行に記載。HYD欄に淡色の純正番号表記の併記あり（判読困難・原本確認）","unverified"
"komatsu","17","ホイルローダ","WA108","SAA6D107","","207N-6","494KPW","6140KF+3610KF","T/M=160K","","","原本では「WA320-6／WA108」を同一行に記載（P16のWA108と表記差あり）","unverified"
"komatsu","17","ホイルローダ","WA108","SAA6D107","E#26548330~","207N-6","494KPW","3750KF+3610KF","T/M=160K","","","原本では「WA320-6／WA108」を同一行に記載（P16のWA108と表記差あり）","unverified"
"komatsu","17","ホイルローダ","WA320-7","","","207N-6","494KPW","3750KF+3610KF","T/M=160K","","","HYD欄に淡色の純正番号表記の併記あり（判読困難・原本確認）","unverified"
"komatsu","17","ホイルローダ","WA320-8","SAA6D107","","207N-6","494KPW","3750KF+3610KF","","","","HYD欄に淡色の純正番号表記あり（判読困難・原本確認）","unverified"
"komatsu","17","ホイルローダ","WA350-1","S6D110-1A","#10001~","165K","460NN","101K","150-300","","","","unverified"
"komatsu","17","ホイルローダ","WA350-1","S6D110-1G","#10001~","165K","494KW","101K","150-300","","","","unverified"
"komatsu","17","ホイルローダ","WA350-3","S6D108","","165K","815NTW","165FN","150-300(x2),T=1114","","","","unverified"
"komatsu","17","ホイルローダ","WA380-5","SAA6D114E","","9009LF","977KPW","165FNS","150-450","","","","unverified"
"komatsu","17","ホイルローダ","WA380-6","SAA6D107E","#65001~","207N-6","977KPW","6140KF+3610KF","","","","HYD欄に淡色の純正番号表記あり（判読困難・原本確認）","unverified"
"komatsu","17","ホイルローダ","WA380-7","SAA6D107E","","207N-6","977KPW","3750KF+3610KF","110-200,T/M=712H","","","","unverified"
"komatsu","17","ホイルローダ","WA380-8","SAA6D107E","","207N-6","494KPW","3750KF+3610KF","110-200N,尿素=529UNF","","","","unverified"
"komatsu","17","ホイルローダ","WA400-1","SA6D110","#10001~","165K","495B","165FN","150-300×2,T=1114","","","","unverified"
"komatsu","17","ホイルローダ","WA400-1","SA6D110","#20001~","165K+527K","815NTW","165FN","150-300×2,T=1114","","","","unverified"
"komatsu","17","ホイルローダ","WA400-3","SA6D108","","165K+527K","815NTW","165FN","150-300,T=1114","","","","unverified"
"komatsu","17","ホイルローダ","WA400-3","SA6D108","トンネル工事用","165K+527K","","165FN","150-300,T=1114","","","AIR欄に極小文字の表記あり（判読困難・原本確認）","unverified"
"komatsu","17","ホイルローダ","WA430","SAA6D125E","#60001~","150KN","977KPW","165FNS","150-450+527KS","","","","unverified"
"komatsu","17","ホイルローダ","WA430-6","SAA6D114E","#65001~","9009LF","977KPW","6140KF+3610KF","","","","HYD欄に淡色の純正番号表記あり（判読困難・原本確認）","unverified"
"komatsu","17","ホイルローダ","WA450-1","","#10001~20000","150K","495B","165FN","150-300×2,T=1114C=527K","","","","unverified"
"komatsu","17","ホイルローダ","WA450-3","S6D125","#50001~50145","150K","495BNTW","165FN","150-300×2,T=1114C=527K","","","","unverified"
"komatsu","18","ホイルローダ","WA470-5","SAA6D125E","E#~316946","150KN","977KPW","","178-450,C=527K","","","FUEL欄は淡色の純正番号表記：600-319-3310 と読める（原本確認）。HYD欄に「ST/M714-07-2871?」の併記あり（判読不確実）","unverified"
"komatsu","18","ホイルローダ","WA470-5","SAA6D125E","#70001~","150KN","977KPW","3510KF+4540PF","178-450,C=527K","","","HYD欄に「ST/M714-07-2871?」の併記あり（判読不確実）","unverified"
"komatsu","18","ホイルローダ","WA470-6","SAA6D125E","","150KN","977KPW","3550KF+4540PF","178-450","","","HYD欄に「T/M=淡色の純正番号」の併記あり（判読困難・原本確認）","unverified"
"komatsu","18","ホイルローダ","WA470-7","","","150KN","977KPW","3840KF+4800KF","178-450","","","HYD欄に「T/M=淡色の純正番号」の併記あり（判読困難・原本確認）","unverified"
"komatsu","18","ホイルローダ","WA470-8","SAA6D125E","#100001~","150KN","977KPW","3840KF+4800KF","178-450","","","HYD欄に「T/M=淡色の純正番号」の併記あり（判読困難・原本確認）","unverified"
"komatsu","18","ホイルローダ","WA470-10","SAA6D125E","#120001~","150KN","977KPW","3840KF+4800KF","150-200N","","","HYD欄に「T/M=淡色の純正番号」の併記あり（判読困難・原本確認）","unverified"
"komatsu","18","ホイルローダ","WA480-5","SAA6D125E","E#~316946","150KN","977KPW","","178-450,C=527KS","","","FUEL欄は淡色の純正番号表記：600-319-3310 と読める（原本確認）。HYD欄に「T/M714-07-2?7??」の併記あり（判読不確実）","unverified"
"komatsu","18","ホイルローダ","WA480-5","SAA6D125E","#70001~","150KN","977KPW","3510KF+4540PF","178-450,C=527KS","","","HYD欄に「T/M714-07-2?7??」の併記あり（判読不確実）","unverified"
"komatsu","18","ホイルローダ","WA480-6","SAA6D125E","","150KN","977KPW","3550KF+4540PF","178-450","","","HYD欄に「T/M=淡色の純正番号」の併記あり（判読困難・原本確認）","unverified"
"komatsu","18","ホイルローダ","WA480-7","","","150KN","977KPW","3840KF+4800KF","178-450","","","HYD欄に「T/M=淡色の純正番号」の併記あり（判読困難・原本確認）","unverified"
"komatsu","18","ホイルローダ","WA480-8","SAA6D125E","#100001~","150KN","977KPW","3840KF+4800KF","178-450","","","HYD欄に「T/M=淡色の純正番号」の併記あり（判読困難・原本確認）","unverified"
"komatsu","18","ホイルローダ","WA500-1","S6D140","#10001~","150K+527K","492N","150F","150-300×2,T=1114","","","","unverified"
"komatsu","18","ホイルローダ","WA500-3","S6D140E","#50001~","150K+527K","492N","150F","T=1114×2","","","","unverified"
"komatsu","18","ホイルローダ","WA500-3","SAA6D140E","","150KN","496PW","3510KF(~E#114518),3550KF(E#114519~)","178-450,T=1114×2","","","","unverified"
"komatsu","18","ホイルローダ","WA500-3","SA6D140E","","527KQ","496PW","3510KF(~E#114518),3550KF(E#114519~)","178-450,T=1114×2","","","原本ではOIL欄が「150KN／527KQ」の2段表記（エンジン行ごとに記載）","unverified"
"komatsu","18","ホイルローダ","WA500-6","","#55001~","150KN×2+527KH","496PW","3550KF+4540PF","T=1114×2","","","HYD欄に淡色の純正番号表記あり：209-60-77532 と読める（判読不確実・原本確認）","unverified"
"komatsu","18","ホイルローダ","WA500-6","","#55531~","150KN×2+527KH","496PW","3840KF+4540PF","T=1114×2","","","HYD欄に淡色の純正番号表記あり：209-60-77532 と読める（判読不確実・原本確認）","unverified"
"komatsu","18","ホイルローダ","WA500-7","","#10001~","150KN×2","496PW","3840KF+4800KF","","","","HYD欄に淡色の純正番号表記あり：209-60-77532 と読める（判読不確実・原本確認）","unverified"
"komatsu","18","ホイルローダ","WA600-1","S6D170","#10001~","150K×2+527KH","492N","165FN×2","150-300×2,T=1114×3","","","","unverified"
"komatsu","18","ホイルローダ","WA600-1","S6D170","#10865~","150K×2+527KH","492N","165FN×2","150-300×2,T=1114×3","","","","unverified"
"komatsu","18","ホイルローダ","WA600-3","SA6D170","#50001~","150K×2+527KH","492N","165FN×2,WS=600-319-3111×2","150-450×2,T=1114×3","","","","unverified"
"komatsu","18","ホイルローダ","WA600-3","SAA6D107","#52000~","150K×2+527KH","496PW","165FN×2,WS=600-319-3111×2","150-450×2,T=1114×3","","","エンジン型式は原本の印字どおり「SAA6D107」","unverified"
"komatsu","18","ホイルローダ","WA700(-1)","SA6D170","#10001~","150K×2+527KH","492N","165FN×3","150-300×3,T=1114×4","","","","unverified"
"komatsu","18","ホイルローダ","WA700-3","SA6D170","#50001~","150K×2+527KH","492N×2","165FN×3","150-450×2,T=1114×4","","","","unverified"
"komatsu","18","ホイルローダ","WA800-1","SA6D170","","150K×3+527KH","492N×2","150F×2+516KH","150-300×4,T=1114×6","","","","unverified"
"komatsu","18","ホイルローダ","WA800-1","SA12V140","#10001~10448","150K×2+527KH","492N×2","150F×2+516KH","150-300×4,T=1114×6","","","","unverified"
"komatsu","18","ホイルローダ","WA800-1","SA12V140","#10449~","150K×4+527KH","492N×2","150F×2+516KH","150-300×4,T=1114×6","","","","unverified"
"komatsu","18","ホイルローダ","WA800-3","SA12V140","#10001~","150K×4","492N×2","150F×2","150-450×3,T=1114×4","","","","unverified"
"komatsu","18","ホイルローダ","WA900-1","SA12V140","#10001~","150K×4+527KH","492N×2","150F×2","150-300×4,T=1114×6","","","","unverified"
"komatsu","18","ホイルローダ","WA900-3","SA12V140","#50001~","150K×4","492N×2","150F×2","150-450×3,T=1114×4","","","","unverified"
"komatsu","18","ホイルローダ","WA900-8R","SA12V140","","150K×4","496PW×2","3840KF×2","","","","FUEL欄に「+421-60-35170×1」と読める淡色の純正番号の併記あり（判読不確実・原本確認）","unverified"
"komatsu","18","ホイルローダ","WA1200-6","SSDA16V160","","","","","","","","","unverified"
"komatsu","18","ホイルローダ","WR8-1","4D95L","#19001~","103-3N","836T","516KH","35310,T=1114","","","","unverified"
"komatsu","18","ホイルローダ","WR11-1","6D95L","#29005~","103-3N","823NH","516KH","1222,T=1114","","","","unverified"
"komatsu","18","ホイルローダ","WR11-3","S4D102E","#53001~","103-6","810TW","201-3","1222,T=1114","","","","unverified"
"komatsu","18","ホイルローダ","WR12","SAA4D102E","","103-6","823NHPW","201-3","","","","","unverified"
"komatsu","18","ホイルローダ","WR12-5","SAA4D102E","#55001~","103-6","823NHPW","201-3","","","","HYD欄に淡色の純正番号表記あり：419-60-35152 と読める（原本確認）","unverified"
"komatsu","18","ホイルローダ","WR12-6","SAA4D95LE","","205SK","823NHPW","3530KF+4110KF","","","","HYD欄に淡色の純正番号表記あり：419-60-35152 と読める（原本確認）","unverified"
"komatsu","18","ホイルローダ","WR12-6","SAA4D95LE","E#516805~","205SK","823NHPW","3870KF+4110KF","","","","HYD欄に淡色の純正番号表記あり：419-60-35152 と読める（原本確認）","unverified"
"komatsu","19","ホイルローダ","WR12-8","","","","","","","","","","unverified"
"komatsu","19","ホイルローダ","505","4D94","#10001~","103-3","836N","516KH","","","","HYD欄に淡色の純正番号表記あり（判読困難・原本確認）","unverified"
"komatsu","19","ホイルローダ","507(J01-~)","4D94","#50001~","103-3","836N","516KH","","","","HYD欄に淡色の純正番号表記あり（判読困難・原本確認）","unverified"
"komatsu","19","ホイルローダ","510","4D105","#10001~14003","103-3×2","845","540,#4263~=101K","T=1114","","","","unverified"
"komatsu","19","ホイルローダ","510","4D105","#14004~","165K","823NH","516KH","T=1114","","","","unverified"
"komatsu","19","ホイルローダ","515-1","DA220","#10001~","314-1","","540","T=1114","","","","unverified"
"komatsu","19","ホイルローダ","515-2","6D105","#12001~","165K+527K","815NN","101K","T=1114","","","","unverified"
"komatsu","19","ホイルローダ","520B","6D105","#10001~","165K+527K","815NN","101K","T=1114","","","","unverified"
"komatsu","19","ホイルローダ","530(B)","S6D105","","165K","","101K","","","","AIR欄・HYD欄に淡色の純正番号表記あり（判読困難・原本確認）","unverified"
"komatsu","19","ホイルローダ","540","SA6D110","#10001~","165K+227N","","165FN","T=1114","","","AIR欄に淡色の純正番号表記あり。HYD欄「T=1114」の前に淡色の純正番号表記あり（判読困難・原本確認）","unverified"
"komatsu","19","ホイルローダ","540B","SA6D110","#50001~","165K","","165FN","150-300","","","AIR欄に淡色の純正番号表記あり（判読困難・原本確認）","unverified"
"komatsu","19","ホイルローダ","545","NT855","#10001~","150K+5300N+527K","492N","165FN×2","150-300,T=1114×2","","","","unverified"
"komatsu","19","ホイルローダ","555","NT855","#10001~","150K+5300N+527K","492N","165FN×2","150-300,T=1114×2","","","","unverified"
"komatsu","19","ホイルローダ","560B","KT-1150","","150K×2+5300N","","165FN×2","150-300×2,T=1114×2","","","AIR欄に淡色の純正番号表記あり（判読困難・原本確認）","unverified"
"komatsu","19","ホイルローダ","570","","","","","","","","","OIL欄「CULF-516×2」ほか各欄に淡色の表記あり（判読困難・原本確認）","unverified"
"komatsu","19","ホイルローダ","JH30B","DA220","#1~10794","","835","","","","","","unverified"
"komatsu","19","ホイルローダ","JH60","DA640","#0003~","314-1","","540","","","","","unverified"
"komatsu","19","ホイルローダ","JH63","DA220","#0001~","","835","","","","","","unverified"
"komatsu","19","ホイルローダ","JH63-2","6D105","#10001~","165K","815NN","101K","C=527K","","","","unverified"
"komatsu","19","ホイルローダ","JH65","DA120","","314-1","490NN","540","","","","","unverified"
"komatsu","19","ホイルローダ","JH65C","DA640","#0003~","","818NS","","","","","","unverified"
"komatsu","19","ホイルローダ","JH65C","DA640","#1399~","","490NN","","","","","","unverified"
"komatsu","19","ホイルローダ","JH65C","DA640","#1581~","","490NNS","","","","","","unverified"
"komatsu","19","ホイルローダ","JH65CN","C-464","#0043~8068","CULF-516","818NS","CUFF-108","","","","","unverified"
"komatsu","19","ホイルローダ","JH65CN","C-464","#8069~8477","CULF-516","490NN","CUFF-108","","","","","unverified"
"komatsu","19","ホイルローダ","JH65CN","C-464","#8478~","CULF-516","490NNS","CUFF-108","","","","","unverified"
"komatsu","19","ホイルローダ","JH65C-2","DA640","#10001~","314-1","490NNS","540","","","","","unverified"
"komatsu","19","ホイルローダ","JH65CH","1HDT414","","","875H","","","","","","unverified"
"komatsu","19","ホイルローダ","JH65CV","V-504","","5300N","875H","165FN","","","","OIL欄は「CULF613+5300N」と印字（CULF613は淡色の小文字）。HYD欄に淡色の「C=CUWF-2012」表記あり（原本確認）","unverified"
"komatsu","19","ホイルローダ","JH80B","1HDT466","#0001~","","875H","","","","","","unverified"
"komatsu","19","ホイルローダ","JH80C","PD6T04","#10001~","226+227NP","875H","529N","","","","","unverified"
"komatsu","19","ホイルローダ","JH90E","V-170","#0001~0276","317+5300N","495BH","","","","","","unverified"
"komatsu","19","ホイルローダ","JH90EA","8MA1","#0277~","317+5300N","495BH","","","","","","unverified"
"komatsu","19","ホイルローダ","JH90EV","V-903","#0001~","","495BH","","","","","OIL欄「CULF-516」、FUEL欄「CUFF-108」、HYD欄「C=CUWF-2012」が淡色表記（原本確認）","unverified"
"komatsu","19","ホイルローダ","JH90EH","1HDVT573B","#0001~","","495BH","","","","","","unverified"
"komatsu","19","ホイルローダ","SK04-1","2HS72","#1001~","203","838N","","","","","FUEL欄に淡色の純正番号表記あり：105223-55600? と読める（判読不確実・原本確認）","unverified"
"komatsu","19","ホイルローダ","SK04-2","3D66","#3001~","203","838N","532-85","","","","","unverified"
"komatsu","19","ホイルローダ","SK05-1","3D75N","#1001~","106S","838N","532-85","","","","","unverified"
"komatsu","20","ホイルローダ","SK07-1","2D94","#1001~","103-3","836N","500E","","","","","unverified"
"komatsu","20","ホイルローダ","SK07-2","3D84","#3001~","108","837N","532-85","","","","エンジン欄の先頭文字は原本で「3」「S」の判別が難しい（3D84 と判断）","unverified"
"komatsu","20","ホイルローダ","SK07-3","3D84N","#5001~","203","837N","50-90","","","","エンジン欄の先頭文字は原本で「3」「S」の判別が難しい（3D84N と判断）","unverified"
"komatsu","20","ホイルローダ","SK714-5","","","","","","","","","","unverified"
"komatsu","20","ホイルローダ","SK815-5","","","","","","","","","","unverified"
"komatsu","20","モータグレーダ","GD22H-1","4D105","#1003~","103-3","845","540","1221N","","","","unverified"
"komatsu","20","モータグレーダ","GD22AC-1","4D105","#1501~","103-3","845","101K","1221N","","","","unverified"
"komatsu","20","モータグレーダ","GD28AC-1","4D105","#1002~","103-3","845","101K","1221N","","","","unverified"
"komatsu","20","モータグレーダ","GD30-5M","4D120","#801~","191N","450","529N","","","","","unverified"
"komatsu","20","モータグレーダ","GD31RC-3A","4D130","","191N","450","529N","1221N","","","","unverified"
"komatsu","20","モータグレーダ","GD31-3H","S4D120","#1501~","191N","460N","529N","1221N","","","","unverified"
"komatsu","20","モータグレーダ","GD37-5H","S4D120","#2101~","191N","460N","529N","1221N","","","","unverified"
"komatsu","20","モータグレーダ","GD37-6H","NH-220-CI","E#100101~112050","192N+5300N+526","460N","590","1221N","","","","unverified"
"komatsu","20","モータグレーダ","GD37-6H","NH-220-CI","E#112051~","192N+5300N+527K","460N","590","1221N","","","","unverified"
"komatsu","20","モータグレーダ","GD40A","6D95","","103-3","494K","101K","","","","","unverified"
"komatsu","20","モータグレーダ","GD40HT-2","NH-220-CI","E#100101~112050","192N+5300N+526","460N","590","1221N","","","","unverified"
"komatsu","20","モータグレーダ","GD40HT-2","NH-220-CI","E#112051~","192N+5300N+527K","460N","590","1221N","","","","unverified"
"komatsu","20","モータグレーダ","GD200A·300A-1","4D105","#2001~","165K","823NH","516KH","1221-2","","","","unverified"
"komatsu","20","モータグレーダ","GD305A-1","6D95","#6001~","103-3N","823NH","516KH","90-180,T=1222","","","","unverified"
"komatsu","20","モータグレーダ","GD305A-1A","6D95","#6501~","103-3N","823NH","516KH","","","","","unverified"
"komatsu","20","モータグレーダ","GD305A-3","S4D102","#8001~","103-6","810TW","201-3","","","","","unverified"
"komatsu","20","モータグレーダ","GD355A-1(A)","6D95","#5001~","103-3N","823NH","516KH","90-180,T=1222","","","","unverified"
"komatsu","20","モータグレーダ","GD355A-3","S4D102","#7001~","103-6","810TW","201-3","","","","","unverified"
"komatsu","20","モータグレーダ","GD405A-1","6D105","#50002~50112","165K","815NN","101K","1221N,T=191AN","","","","unverified"
"komatsu","20","モータグレーダ","GD405A-1","6D105","#50113~","165K","815NN","101K","191AN,T=191AN","","","","unverified"
"komatsu","20","モータグレーダ","GD405A-2","6D95","#1001~","103-3N","494KW","516KH","90-180,T=191AN","","","","unverified"
"komatsu","20","モータグレーダ","GD405A-2A","6D95","#2001~","103-3N","494KW","516KH","T=191AN","","","HYD欄「T=191AN」の前に淡色の純正番号表記あり：230-60-13140 と読める（判読不確実・原本確認）","unverified"
"komatsu","20","モータグレーダ","GD405A-3","S6D102","#5001~","207N-6","494KW","201-3","","","","","unverified"
"komatsu","20","モータグレーダ","GD405A-3EO(Y)","SAA6D102","#6001~","207N-6","809PW","201-3","","","","","unverified"
"komatsu","20","モータグレーダ","GD405A-7","SAA4D107","","207N-6","823NHPW","3750KF+3610KF","","","","HYD欄に淡色の純正番号表記あり：423-60-45461 と読める（判読不確実・原本確認）","unverified"
"komatsu","20","モータグレーダ","GD500R-2","S6D105","E#19730~49999","165K","460NN","101K","193","","","HYD欄「193」の後ろに淡色の表記あり（判読困難）","unverified"
"komatsu","20","モータグレーダ","GD505A-2","S6D105","#50003~","165K","460NN","101K","1221N×2,T=191AN","","","","unverified"
"komatsu","20","モータグレーダ","GD505A-3(A)","S6D(95)105","#79301~92777","165K","460NN","101K","1222","","","","unverified"
"komatsu","20","モータグレーダ","GD505A-3(A)","S6D(95)105","#92778~","165K","494KW","101K","1222","","","","unverified"
"komatsu","20","モータグレーダ","GD505A-3(A)","S6D102","#2001~","207N-6","494KW","201-3","1222","","","","unverified"
"komatsu","20","モータグレーダ","GD600R-1","NH-220-CI","#10002~","192N+5300N+527K","460NN","590","1221NT=191AN","","","","unverified"
"komatsu","20","モータグレーダ","GD600R-1","NH-220-CI","#177874~","150K+5300N+527K","460NN","165FN","1221NT=191AN","","","","unverified"
"komatsu","20","モータグレーダ","GD600R-3","6D125","#14001~","165K","460NN","165FN","1221N,T=191AN","","","","unverified"
"komatsu","21","モータグレーダ","GD605A-1","NH-220-CI","#10002~","192N+5300N+527K","460NN","590","1221NT=191AN","","","","unverified"
"komatsu","21","モータグレーダ","GD605A-1","NH-220-CI","#177874~","150K+5300N+527K","460NN","165FN","1221NT=191AN","","","","unverified"
"komatsu","21","モータグレーダ","GD605A-3","6D125","#54001~","165K","460NN","165FN","1221N,T=191AN","","","","unverified"
"komatsu","21","モータグレーダ","GD605A-5","6D125","#1001~","165K","460NN","165FN","1221N,T=191AN","","","","unverified"
"komatsu","21","モータグレーダ","GD605A-5A","6D125","#1501~","165K","450N","165FN","1221N,T=191AN","","","","unverified"
"komatsu","21","モータグレーダ","GD605A-5AE","6D125","#1601~","165K","450N","165FNS","1222,T=1222","","","","unverified"
"komatsu","21","モータグレーダ","GD655","SAA6D114","","9009LF","977KPW","165FNS","195N","","","HYD欄は「195N,M=」の後ろに淡色の純正番号表記あり：714-07-2071? と読める（判読不確実・原本確認）","unverified"
"komatsu","21","モータグレーダ","GD655-3EO","SAA6D114","","9009LF","977KPW","6140KF+3610KF","195NL","","","HYD欄「195NL,」の後ろに淡色の純正番号表記：M=714-07-28710? と読める（判読不確実・原本確認）","unverified"
"komatsu","21","モータグレーダ","GD655-3EO","SAA6D114","E#26859153","9009LF","977KPW","3750KF+3610KF","195NL","","","HYD欄「195NL,」の後ろに淡色の純正番号表記：M=714-07-28710? と読める（判読不確実・原本確認）","unverified"
"komatsu","21","モータグレーダ","GD675-6","SAA6D107","","207N-6","494KPW","3750KF+3610KF","T=712H,エアコン170-230AC","","","","unverified"
"komatsu","21","モータグレーダ","GD705R-1","NH-220-CI","#2052~","192N+5300N","490N","590","1221-2×2,T=191AN","","","","unverified"
"komatsu","21","モータグレーダ","GD705R-1A","NTO-6-CI","#2052~","192N+5300N+527K","495B","590","","","","","unverified"
"komatsu","21","モータグレーダ","GD705A-3A","NH-220-CI","#10002~","150K+5300N+527K","495B","165FN×2","110-440T=191AN","","","","unverified"
"komatsu","21","モータグレーダ","GD705A-4A","S6D125","#11001~","150K+5300N+527K","495B","165FN×2","110-440T=191AN","","","","unverified"
"komatsu","21","モータグレーダ","GD705A-4AE","S6D125","#13001~","150K+527K","495B","165FN","195N,T=191AN","","","","unverified"
"komatsu","21","モータグレーダ","GD755-3","SAA6D125","#30001~","150KN","977KPW","3510KF","110-100","","","","unverified"
"komatsu","21","モータグレーダ","GD755-5","","","150KN","977KPW","","H=110-100","","","FUEL欄に淡色の純正番号表記あり：600-319-3550+4540? と読める（判読不確実・原本確認）","unverified"
"komatsu","21","モータグレーダ","GD805A-1","S6D140","#10002~","150K","492N","150F","T=191AN","","","","unverified"
"komatsu","21","モータグレーダ","GD825A-2","S6D140","#11001~","150K","492N","150F","110-440,T=1114","","","","unverified"
"komatsu","21","モータグレーダ","CS210-1","S6D125","#10001~","150K+527K","495B","165FN","110-440","","","原本で同一内容の行が2行記載","unverified"
"komatsu","21","モータグレーダ","CS360(-1)","NTA-855","#10003~","150K+5300N","492N","165FN","195N","","","","unverified"
"komatsu","21","モータグレーダ","CS360(SD)-2","S6D140","#11001~","150K+527K","496W","150F","110-440","","","","unverified"
"komatsu","21","モータグレーダ","GS360SD-2","S6D140","#12000~","150K+527K","496W","150F","110-440","","","","unverified"
"komatsu","21","モータグレーダ","CS360(SD)-2(A)","SA6D140","#11087~11093","150KN","496PW","3510KF","110-440","","","","unverified"
"komatsu","21","モータグレーダ","CS360(SD)-2(A)","SA6D140","#11094~","150KN","496PW","3550KF","110-440","","","","unverified"
"komatsu","21","モータグレーダ","CS360(SD)-2(A)","SA6D140","E#114421~","150KN","496PW","3520KF","110-440","","","","unverified"
"komatsu","21","モータグレーダ","GC50-1(A)","S3D84","#1001~","106S","","50-90","","","","AIR欄に淡色の純正番号 YMX8727070000?、HYD欄に 26A-60-16540? と読める表記あり（判読不確実・原本確認）","unverified"
"komatsu","21","モータグレーダ","GC380(F)-1(A)","S6D140","#10001~10025","150K","496W","150F","110-440","","","","unverified"
"komatsu","21","モータグレーダ","GC380-2","SA6D140","#12001~","150K×2","496W","150F","110-440,1222×3","","","","unverified"
"komatsu","21","モータグレーダ","GC380-2","SA6D140","E#110003~","150KN+527KH","977KPW","3510KF","HST=1222N","","","","unverified"
"komatsu","21","モータグレーダ","GH320-2","SA6D125","#11001~12000","150K+5300N","495B","165FN×2","195N,T=191AN","","","","unverified"
"komatsu","21","モータグレーダ","GH320-2E","SA6D125","#12001~","150K","","165FN","195N,T=191AN","","","AIR欄は淡色の純正番号表記：516-02-00010→516-02-00020? と読める（判読不確実・原本確認）","unverified"
"komatsu","21","ダンプトラック","HD180-4","NTO-6B","E#133388-148462","192N","","590","","","","AIR欄に淡色の純正番号「6655-81-7012 #510~955」、HYD欄に淡色の「287-16-11510,T=1221-2」と読める表記あり（判読不確実・原本確認）","unverified"
"komatsu","21","ダンプトラック","HD180-4","NTO-6B","E#148463~","150K+5300N+527K","495B#956~","165FN","","","","HYD欄に淡色の「287-16-11510,T=1221-2」と読める表記あり（判読不確実・原本確認）","unverified"
"komatsu","21","ダンプトラック","HD200-2","NTC-743","E#125628~147773","192N","","590","","","","AIR欄に淡色の純正番号「6685-81-7012 #1002~1040」、HYD欄に淡色の「287-16-11510,T=287-16-11510,S=1221-2」と読める表記あり（判読不確実・原本確認）","unverified"
"komatsu","21","ダンプトラック","HD200-2","NTC-743","E#147774~","150K+5300N+527K","495B#1041~","165FN","","","","HYD欄に淡色の「287-16-11510,T=287-16-11510,S=1221-2」と読める表記あり（判読不確実・原本確認）","unverified"
"komatsu","21","ダンプトラック","HD200D-3","S6D125-1L","#1001~","150K+527K","495B","165FN","150-300","","","","unverified"
"komatsu","21","ダンプトラック","HD205-3","S6D125-1R","#1003~","150K","495B","165FN","HYD,T=150-300","","","","unverified"
"komatsu","22","ダンプトラック","HD255-5","SA6D125E-2G","#1001~","150K","495B","165FN","HYD,T=150-300","","","","unverified"
"komatsu","22","ダンプトラック","HD255-5","SAA6D125E-3","#1601~","150KN","495B","600-319-3310","T=1114,HYD,T=150-300","","","","unverified"
"komatsu","22","ダンプトラック","HD285TN-5A","SA6D128E-2","#1201~","150KC=527KQ","491BW","165FN","T=1114,HYD,T=150-300","","","","unverified"
"komatsu","22","ダンプトラック","HD285TN-5B","SAA6D128E-3","#1301~","150KN","","","T=1114,HYD,T=150-300","","","AIR欄・FUEL欄に淡色の純正番号表記あり：AIR 561-02-00010? ／FUEL 600-319-3440 と読める（判読不確実・原本確認）","unverified"
"komatsu","22","ダンプトラック","HD320-3","NAT-855","#169352~180719","150K+5300N+527K","495B×2","165FN×2","150-300,T=150-300×2","","","","unverified"
"komatsu","22","ダンプトラック","HD320-3","NAT-855","#180720~","150K+5300N+527KH","495B×2","165FN×2","150-300,T=150-300×2","","","","unverified"
"komatsu","22","ダンプトラック","HD325-2","","","150K×2+5300N","495B","165FN","195N","","","","unverified"
"komatsu","22","ダンプトラック","HD325-3","KT-1150","#1501~","150K×2+5300N+527K","495B×2","165FN×2","150-300T=150-300×2","","","","unverified"
"komatsu","22","ダンプトラック","HD325-5","SA6D140","#2001~","150K","495B×2","150F","150-300","","","","unverified"
"komatsu","22","ダンプトラック","HD325-6","SA6D140","E#17739~","150K×2","495B×2","150F","150-300×3","","","","unverified"
"komatsu","22","ダンプトラック","HD325-6","SA6D140","E#22653~","150K×2","495BNTW×2","150F","150-300×3","","","","unverified"
"komatsu","22","ダンプトラック","HD325-6","SA6D140","E#110003~","150KN","977KPW","","150-300+150-450","","","FUEL欄に淡色の純正番号表記あり：600-311-7550 と読める（判読不確実・原本確認）","unverified"
"komatsu","22","ダンプトラック","HD325-7","SAA6D140","","150KN×2","977KPW","3550KF","","","","","unverified"
"komatsu","22","ダンプトラック","HD405-6","SAA6D140","#1001~1999","150K×2","495BNTW×2","150F","150-300×3","","","","unverified"
"komatsu","22","ダンプトラック","HD405-6","SAA6D140","#2001~","150KN","977KPW","150F","150-300+150-450","","","","unverified"
"komatsu","22","ダンプトラック","HD405-7","SAA6D140","#3001~","150KN×2","977KPW","3550KF","","","","","unverified"
"komatsu","22","ダンプトラック","HD405-8","SAA6D140","#50001~","150KN×2","496PW","3840KF+4800KF","150-200N","","","","unverified"
"komatsu","22","ダンプトラック","HD465","SAA6D170","","","","","","","","","unverified"
"komatsu","22","ダンプトラック","HD465-2","VTA-1710","#1102~","150K×3+5300N×2","496W×2","","150-300T=150-300…","","","FUEL欄は淡色表記「CUFF-202×2」。HYD欄の末尾が綴じ目で欠け（原本確認）","unverified"
"komatsu","22","ダンプトラック","HD465-3","SA6D170","#2001~","150K×2","496W×2","165FN×3","150-300,T=150-300…","","","HYD欄の末尾が綴じ目で欠け（原本確認）","unverified"
"komatsu","22","ダンプトラック","HD465-5","SA6D170","#4001~4406","150K×2","491BW×2","165FN×3","150-450×2T=1114…","","","HYD欄の末尾が綴じ目で欠け（原本確認）","unverified"
"komatsu","22","ダンプトラック","HD465-5","SAA6D170","#4407~","151KB","491BW×2","165FN×3","150-450×2T=1114…","","","HYD欄の末尾が綴じ目で欠け（原本確認）","unverified"
"komatsu","22","ダンプトラック","HD605-5","SAA6D170","#1001~","","","","","","","","unverified"
"komatsu","22","ダンプトラック","HD605","SAA6D170","","","","","","","","","unverified"
"komatsu","22","ダンプトラック","HD605-10E1","","","","","","","","","","unverified"
"komatsu","22","ダンプトラック","HD680-2","VTA-1710","#430077-467000","5300N","492N×2","","150-300×2,T=150-300","","","OIL欄は「6710-58-5101×3+5300N」（前半は淡色の純正番号）。FUEL欄は淡色表記「CUFF-108」（原本確認）","unverified"
"komatsu","22","ダンプトラック","HD680-2","VTA-1710","#467001-669061","150K×3+5300N+527K","","","150-300×2,T=150-300","","","FUEL欄は淡色表記「CUFF-108」（原本確認）","unverified"
"komatsu","22","ダンプトラック","HD680-2","VTA-1710","#669062~","150K×3+5300N+527K","","165FN","150-300×2,T=150-300","","","","unverified"
"komatsu","22","ダンプトラック","HD785-2","SA8V170","#1002~","150K×3","496W×3","150F×2","H,T=150-450","","","","unverified"
"komatsu","22","ダンプトラック","HD785-3","SA12V140","#2001~","150K×4","491BW×3","150F×2","150-450×3","","","","unverified"
"komatsu","22","ダンプトラック","HD985-3","SA12V140","#1001~","151KB","","","T=1114×4","","","","unverified"
"komatsu","22","ダンプトラック","HD785-5","SA12V140","","150K×4","491BW×3","150F×2","150-450×3","","","","unverified"
"komatsu","22","ダンプトラック","HD785","SAA12V140","","","","","","","","","unverified"
"komatsu","22","ダンプトラック","HD1200(M)-1","SA12V170","","150K×4","","","","","","FUEL欄は淡色表記「CUFF-202」（原本確認）","unverified"
"komatsu","22","ダンプトラック","HD1500-8","","","","","","","","","","unverified"
"komatsu","22","ダンプトラック","730E","SSA16V159","","","","","","","","","unverified"
"komatsu","22","ダンプトラック","960E","SSDA18V170","","","","","","","","","unverified"
"komatsu","22","エアーコンプレッサー","EC15SSB-5·6","D722","","203C","KGA-50","30-85","103SS","","","","unverified"
"komatsu","23","エアーコンプレッサー","EC20SSB-5·6","D905","","203","836FR/836P","532-85","","","","","unverified"
"komatsu","23","エアーコンプレッサー","EC20Z-1","3KC1","#1001~","203","","532N","C.O=103-3,C.A=839N","","","AIR欄に淡色の純正番号表記あり（判読困難・原本確認）","unverified"
"komatsu","23","エアーコンプレッサー","EC25Z,ZS-1","2D94","#1001~","103-3×2","823NH","500E","","","","","unverified"
"komatsu","23","エアーコンプレッサー","EC25SSB-3","3KC1","","203","837NR","532-65","","","","","unverified"
"komatsu","23","エアーコンプレッサー","EC25SSB-5,-6","3LB1","","203","836P/839P","532-85","103SS","","","","unverified"
"komatsu","23","エアーコンプレッサー","EC25SSB-5","D1005","","203","836FR/836P","50-90/532-85","103SS","","","FUEL欄に原本で「要確認」の注記あり","unverified"
"komatsu","23","エアーコンプレッサー","EC35Z,ZS-1","3D94","#1001~","103-3","836N","516KH","C.O=165K,C.A=845","","","","unverified"
"komatsu","23","エアーコンプレッサー","EC35Z,ZS-2","3D95S","#3001~","101SK","","500E","","","","HYD欄に淡色の表記あり（判読困難・原本確認）","unverified"
"komatsu","23","エアーコンプレッサー","EC35ZSB-2","3D95S","#1001~","103-3","823NHA","516KH","","","","HYD欄に淡色の表記あり（判読困難・原本確認）","unverified"
"komatsu","23","エアーコンプレッサー","EC35SSB","3KR1","","203(C)","837NR","532-85","C.O=165KB,C.A=836N","","","","unverified"
"komatsu","23","エアーコンプレッサー","EC35SSB-5,6","3LD1","","203","823P","532-85","C.O=207HS","","","","unverified"
"komatsu","23","エアーコンプレッサー","EC35SS-5","3LD1","","203","823P","532-85","C.O=207HS","","","","unverified"
"komatsu","23","エアーコンプレッサー","EC35SSB-7","","","","","","","","","","unverified"
"komatsu","23","エアーコンプレッサー","EC50SSB","3LD1","","203","823P/810P/836FR","532-85","C.O=207HS","","","","unverified"
"komatsu","23","エアーコンプレッサー","EC50Z,ZS-1","4D92","#1001~","6141-55-5120","823N","516B","C.A=823N","","","","unverified"
"komatsu","23","エアーコンプレッサー","EC50Z-2","4D94","#10001~340878","103-3","457","516KH","C.A=823N","","","シリアルは原本の印字どおり「#10001~340878」","unverified"
"komatsu","23","エアーコンプレッサー","EC50Z-2","4D94","#34079~","103-3","460NN","516KH","C.A=823N","","","","unverified"
"komatsu","23","エアーコンプレッサー","EC50ZS-2","4D94","#1001~33341","103-3","457","516KH","C.A=823N","","","","unverified"
"komatsu","23","エアーコンプレッサー","EC50ZS-2","4D94","#33342~","103-3","460NN","516KH","C.A=823N","","","","unverified"
"komatsu","23","エアーコンプレッサー","EC50Z,ZS-3","4D94","#10001~","103-3","460NN","516KH","C.O=165K","","","","unverified"
"komatsu","23","エアーコンプレッサー","EC50Z,ZS(B)-5","4D95","#20001~","103-3N","494K","516KH","C.O=165K","","","","unverified"
"komatsu","23","エアーコンプレッサー","EC75Z,ZS-1","4D105","#1001~","103-3N","845","101K","C.A=460NN","","","","unverified"
"komatsu","23","エアーコンプレッサー","EC75Z,ZS-2","4D105","#2001~","103-3","490NN","516KH","C.O=165K","","","","unverified"
"komatsu","23","エアーコンプレッサー","EC75Z,ZS-2","4D95","#3001~","103-3N","490NN","516KH","C.O=165K","","","","unverified"
"komatsu","23","エアーコンプレッサー","EC75Z-3","","#3001~","103-3N","490N","516KH","C.O=165K","","","AIR欄に原本で「要確認」の注記あり","unverified"
"komatsu","23","エアーコンプレッサー","EC105Z,ZS-1","S4D105","#1001~","165K","815NN","516KH","C.O=165K,C.A=460NN","","","","unverified"
"komatsu","23","エアーコンプレッサー","EC170Z,ZS-1","S6D105","#1001~","165K","815NN","101K","C.O=?,C.A=460NN","","","","unverified"
"komatsu","23","エアーコンプレッサー","EC210Z-1","SA6D110","#1001~","165K","495B×2","165FN","","","","","unverified"
"komatsu","23","エアーコンプレッサー","EC210SS-2","H07C","","122KDT","818NS","540×2","C.O=150KBH,C.A=491BW","","","","unverified"
"komatsu","23","エアーコンプレッサー","EC210SS-2","H07C","#3704570~","122KDT","494KPWA","540×2","C.O=150KBH,C.A=491BW","","","","unverified"
"komatsu","23","エアーコンプレッサー","EC260Z-1","S6D125","#1001~","150K","495B","165FN","C.O=?,C.A=460NN","","","","unverified"
"komatsu","23","ディーゼル発電機","EG13BS-2","3TNE82A","","203S","838N","532-85","","","","","unverified"
"komatsu","23","ディーゼル発電機","EG15BS-2","3TNE88","","203S","KGA-50","50-90","","","","","unverified"
"komatsu","23","ディーゼル発電機","EG15BS-3","2D94","#20004~","103-3","839N","500E","","","","","unverified"
"komatsu","23","ディーゼル発電機","EG15BS-3","2D94","#25651~","103-3","839N","","","","","FUEL欄に淡色の純正番号表記あり：6143-72-8720? と読める（判読不確実・原本確認）","unverified"
"komatsu","23","ディーゼル発電機","EG20BS-2","4TNE88","","203S","KGA-50","50-90","","","","","unverified"
"komatsu","23","ディーゼル発電機","EG25BS-1","C240","","200DH","837N","516KH","","","","","unverified"
"komatsu","23","ディーゼル発電機","EG30(S)-1","4D92","#1001~","103-3+227NP","","516B","","","","AIR欄に淡色の純正番号表記あり：6141-85-7210? と読める（判読不確実・原本確認）","unverified"
"komatsu","24","ディーゼル発電機","EG30S-3","4D92","E#10008~37316","103-3","457","516KH","","","","","unverified"
"komatsu","24","ディーゼル発電機","EG30S-3","4D92","E#37317~","103-3","836NW","516KH","","","","","unverified"
"komatsu","24","ディーゼル発電機","EG33B,BS-1","4D95","#4001~","103-3N","836N","516KH","","","","","unverified"
"komatsu","24","ディーゼル発電機","EG35BS","4JG2","","106DS","837NR","516KH","","","","","unverified"
"komatsu","24","ディーゼル発電機","EG40B,BS-1","4D95","#4001~","103-3N","836N","516KH","","","","","unverified"
"komatsu","24","ディーゼル発電機","EG45BS-1","4BG1","","338NW","836N","109HFS/109HFN","","","","","unverified"
"komatsu","24","ディーゼル発電機","EG45BS-2","4JG1","","106DS","839P","491F","","","","","unverified"
"komatsu","24","ディーゼル発電機","EG55S-2","4D105-5","E#103958~","165K","823NH","516KH","","","","","unverified"
"komatsu","24","ディーゼル発電機","EG55S-2","4D105-5","E#160747~","165K","836NWA","516KH","","","","","unverified"
"komatsu","24","ディーゼル発電機","EG60B,BS-1","6D95L-1","#4001~","103-3","823NHA","516KH","","","","","unverified"
"komatsu","24","ディーゼル発電機","EG60BS-2","6BG1","","121","823N","540/109HFN","","","","","unverified"
"komatsu","24","ディーゼル発電機","EG75BS-1","6BG1","","121","823N","540/109HFN","","","","原本では「121／823N／540/109HFN」がSERIAL〜AIR欄に1列ずれて印字（列を補正して収録・原本確認）","unverified"
"komatsu","24","ディーゼル発電機","EG85B,BS-1","S6D95","#4001~","103-3","823NHA","516KH","","","","","unverified"
"komatsu","24","ディーゼル発電機","EG90BS-2","J08C","","120KD","815NNA","109HFN","","","","","unverified"
"komatsu","24","ディーゼル発電機","EG95BS-1","S6D102","#6001~","207N-6","810TW","201-3","C=527K","","","","unverified"
"komatsu","24","ディーゼル発電機","EG100S-2","S6D105","","165K","815NN","165FN","","","","","unverified"
"komatsu","24","ディーゼル発電機","EG125B,BS-2","S6D105","#4001~","165K","815NN","165FN","","","","","unverified"
"komatsu","24","ディーゼル発電機","EG125B,BS-2E","SA6D102","#5001~","207N-6","810TW","201-3","C=527K","","","","unverified"
"komatsu","24","ディーゼル発電機","EG125BS-3","SAA6D102","#3776115","207N-6","810T","201-3","","","","","unverified"
"komatsu","24","ディーゼル発電機","EG150BS-5","SA6D110","#50001~55187","165K","460NN","165FN","","","","","unverified"
"komatsu","24","ディーゼル発電機","EG150BS-5","SA6D110","#55188~","165K","460NNA","165FN","","","","","unverified"
"komatsu","24","ディーゼル発電機","EG150BS-5","S6D108","","165K","815NTW","165FN","150-450","","","","unverified"
"komatsu","24","ディーゼル発電機","EG220B-1,2","S6D125","#20105~31491","150K","495B","165FN","C=527K","","","","unverified"
"komatsu","24","ディーゼル発電機","EG220B-1,2","S6D125","#31492~","150K","495BA","165FN","C=527K","","","","unverified"
"komatsu","24","ディーゼル発電機","EG220BS-1,2","S6D125","#20105~31491","150K","495B","165FN×2","C=527K","","","","unverified"
"komatsu","24","ディーゼル発電機","EG220BS-1,2","S6D125","#31492~","150K","495BA","165FN×2","C=527K","","","","unverified"
"komatsu","24","ディーゼル発電機","EG220BS-2","S6D125","","150K","495B","165FN","","","","HYD欄に淡色の純正番号表記あり：208-60-61150 と読める（原本確認）","unverified"
"komatsu","24","ディーゼル発電機","EG275B-1,2","SA6D125","#20105~31491","150K","495B","165FN","C=527K","","","","unverified"
"komatsu","24","ディーゼル発電機","EG275B-1,2","SA6D125","#31492~","150K","495BA","165FN","C=527K","","","","unverified"
"komatsu","24","ディーゼル発電機","EG275BS-1,2","SA6D125","#20105~31491","150K","495B","165FN×2","C=527K","","","","unverified"
"komatsu","24","ディーゼル発電機","EG275BS-1,2","SA6D125","#31492~","150K","495BA","165FN×2","C=527K","","","","unverified"
"komatsu","24","ディーゼル発電機","EG300B-3","S6D155","#4001~","150K×2+5300N","491NN","165FN×2","C=527K","","","","unverified"
"komatsu","24","ディーゼル発電機","EG300B,BS-5","S6D140","#4001~","150K","491NNA","150F","C=527K","","","","unverified"
"komatsu","24","ディーゼル発電機","EG300BS-5","SA6D125","","150K","495B","165F","","","","HYD欄に淡色の純正番号表記あり：208-60-61150 と読める（原本確認）","unverified"
"komatsu","24","ディーゼル発電機","EG350B-1","S6D155","#4001~","150K×2+5300N","491NN","165FN×2","C=527K×2","","","","unverified"
"komatsu","24","ディーゼル発電機","EG380B,BS-5","SA6D140","#4501~","150K","491NNA","150F","C=527K","","","","unverified"
"komatsu","24","ディーゼル発電機","EG400B,BS-2","SA6D140","#1001~","150K","491NNA","150F","","","","","unverified"
"komatsu","24","ディーゼル発電機","EG480B-1","SA6D170","#11452~11789","150K×2","495B×2","165FN×2","","","","","unverified"
"komatsu","24","ディーゼル発電機","EG480B-1","SA6D170","#117900~","150K×2","495BA","165FN×2","","","","","unverified"
"komatsu","24","ディーゼル発電機","EG500BS-1","SA6D170","","150K×2","495B×2","165FN×2","","","","","unverified"
"komatsu","25","振動ローラ","CP3DLD,LLD","","","","","","","","","","unverified"
"komatsu","25","振動ローラ","CP6DD","NFA70","","","","","","","","","unverified"
"komatsu","25","振動ローラ","JV06H-3","NFAD6","#5001~","","YMA-1","30-85N","","","","","unverified"
"komatsu","25","振動ローラ","JV07H-3","NFAD6","#1001~","","YMA-1","30-85N","","","","","unverified"
"komatsu","25","振動ローラ","JV08H-3","NFAD8","#5001~","","YMA-2(廃版)","30-85N","","","","","unverified"
"komatsu","25","振動ローラ","JV16-1","","#1001~","","E60N","","","","","","unverified"
"komatsu","25","振動ローラ","JV25CM,DW,W","CD84N","","","","","","","","","unverified"
"komatsu","25","振動ローラ","JV25CW-2","3D84E","#1201~","106S","837N","50-90","","","","","unverified"
"komatsu","25","振動ローラ","JV25DW-2","3D84E","#1201~","106S","837N","50-90","","","","","unverified"
"komatsu","25","振動ローラ","JV25W-2","3D84E","#5201~","106S","837N","50-90","","","","","unverified"
"komatsu","25","振動ローラ","JV25CR-5","3D78N","","106S","837N","50-90","","","","","unverified"
"komatsu","25","振動ローラ","JV25CR-6","3D78N","","106S","837N","50-90","","","","","unverified"
"komatsu","25","振動ローラ","JV25CR-7","3D78E","#7201~","106S/203","837N","532-85","","","","","unverified"
"komatsu","25","振動ローラ","JV32W-2","","#2501~","","838N","30-85","","","","OIL欄に淡色の純正番号表記あり：2691-8-37310? と読める（判読不確実・原本確認）","unverified"
"komatsu","25","振動ローラ","JV33-2","","","204Y","837N","","","","","FUEL欄・HYD欄は淡色の純正番号表記：FUEL 258-70-17620? ／HYD 257-60-12310? と読める（判読不確実・原本確認）","unverified"
"komatsu","25","振動ローラ","JV40C","D1402","","103N-1","837N","564KSN","505C(ダンパ)","","","","unverified"
"komatsu","25","振動ローラ","JV40C(CR)-2A","3D84N","","106S","837N","50-90","","","","","unverified"
"komatsu","25","振動ローラ","JV40CW-2A","3D84N","","106S","837N","50-90","","","","","unverified"
"komatsu","25","振動ローラ","JV40CW-2A","3D84N","#58590~","203C","837N","50-90","","","","","unverified"
"komatsu","25","振動ローラ","JV40CW-3","3D84N","#5001~","106S","837N","532-85","","","","","unverified"
"komatsu","25","振動ローラ","JV40CW-3","3D84E","#5301~","106S","837N","50-90","","","","","unverified"
"komatsu","25","振動ローラ","JV40DW-3","3D84N","#5001~","106S","837N","532-85","","","","","unverified"
"komatsu","25","振動ローラ","JV40DW-3","3D84E","#5101~","106S","837N","50-90","","","","","unverified"
"komatsu","25","振動ローラ","JV40C(D)W-5EO","3D84E","#6001~","203C","837P","107SF","","","","HYD欄に淡色の純正番号表記あり：278-60-15270? と読める（判読不確実・原本確認）","unverified"
"komatsu","25","振動ローラ","JV40CW-5EO","3D84E-3Q","#6001~","203","837P","50-90+563F","","","","HYD欄に淡色の純正番号表記あり：278-60-15270? と読める（判読不確実・原本確認）","unverified"
"komatsu","25","振動ローラ","JV40CW-5EO","3D84E-5N","#6001~","","","107SF","","","","","unverified"
"komatsu","25","振動ローラ","JV70DW-1","S4D95","#10001~","103-3","","101K","","","","","unverified"
"komatsu","25","振動ローラ","JV70DW-2","4GB1","#20001~","209S","","516KH","","","","","unverified"
"komatsu","25","振動ローラ","JV80DW-1","S4D95","#10001~","103-3","823NTW","101K","","","","","unverified"
"komatsu","25","振動ローラ","JV100A-1","S6D105","#10011~","165K","460NN","101K","1221-2","","","","unverified"
"komatsu","25","振動ローラ","JV100WA-1","S6D105","#20003~","165K","460NN","101K","1221-2","","","","unverified"
"komatsu","25","振動ローラ","JV100WA-2","S6D102","#21001~","207N-6","494KW","201-3","","","","","unverified"
"komatsu","25","振動ローラ","JV100WP-1","S6D105","#30003~","165K","460NN","101K","1221-2","","","","unverified"
"komatsu","25","振動ローラ","JV100WP-2","S6D102","#21001~","207N-6","494KW","201-3","","","","","unverified"
"komatsu","25","振動ローラ","JV130WH-1","S6D102","#21001~","207N-6","494KW","201-3","","","","","unverified"
"komatsu","25","振動ローラ","JM120","4BD1","E#~960840","338N","836NR","570","","","","","unverified"
"komatsu","25","振動ローラ","JM120","4BD1","E#960841~","209S","836NR","109SFN","","","","","unverified"
"komatsu","25","振動ローラ","JM120-2","4BG1","#20001~","209S","836NR","516KH","","","","","unverified"
"komatsu","25","振動ローラ","JM120-3","4BG1","#30001~","209S","836NR","516KH","","","","","unverified"
"komatsu","26","振動ローラ","JW25W-2","3D84E","","106S","837N","532-85","","","","原本は紙面の湾曲が大きく、行の対応は罫線追跡で確認","unverified"
"komatsu","26","振動ローラ","JW30-1(-2)","3D78AE-3B","#2001~","106S","837N","532-85","","","","","unverified"
"komatsu","26","振動ローラ","JW33-1","2D94","","103-3","839N","500E","","","","エンジン欄は原本で「2DS4」のようにかすれて印字（2D94 と判断）","unverified"
"komatsu","26","振動ローラ","JW33-2","D1402","","200S","837N","564KSN","","","","","unverified"
"komatsu","26","振動ローラ","JW40CW-3E","3D84E","","106S","837N","532-85","","","","","unverified"
"komatsu","26","振動ローラ","JW200","6BD1","#10001~","121","823N","540","","","","","unverified"
"komatsu","26","振動ローラ","JW200-2","6BG1","#20001~","121CHD","823N","109HFN","","","","HYD欄に淡色の純正番号表記あり（判読困難・原本確認）","unverified"
"komatsu","26","振動ローラ","JW200T-1","6BG1","#20001~","121CHD","823N","109HFN","","","","HYD欄に淡色の純正番号表記あり（判読困難・原本確認）","unverified"
"komatsu","26","振動ローラ","JW210","6BD1","#10001~","121","823NR","540","","","","","unverified"
"komatsu","26","振動ローラ","JW210-2","6BG1","#20001~","121CHD","823N","109HFN","","","","HYD欄に淡色の純正番号表記あり（判読困難・原本確認）","unverified"
"komatsu","26","振動ローラ","JW215","6BG1","#10001~","121CHD","823P","109HFN","","","","","unverified"
"komatsu","26","振動ローラ","JW215-1","6BG1","#20001~","121CHD","823P","109HFN","","","","","unverified"
"komatsu","26","振動ローラ","SE23","K3F","","","","","","","","","unverified"
"komatsu","26","モービルクラッシャー","BZ40","4D84E","","","","","","","","","unverified"
"komatsu","26","モービルクラッシャー","BZ120","SA6D125","","103-6","810TW","201-3","195N","","","","unverified"
"komatsu","26","モービルクラッシャー","BZ200","S6D102","","207N-6","494KW","201-3","150-450","","","","unverified"
"komatsu","26","モービルクラッシャー","BZ210","SAA6D102","","207N-6","809PW","201-3","150-200","","","","unverified"
"komatsu","26","モービルクラッシャー","BR60","4D95L","","103-3N","836T","516KH×2","1222","","","","unverified"
"komatsu","26","モービルクラッシャー","BR80T-1","SAA4D102","","103-6","823NHPWA","201-3","110-100","","","","unverified"
"komatsu","26","モービルクラッシャー","BR100J,R,JG-1","4D95","#1002~","103-3","836T","516KH","1222","","","","unverified"
"komatsu","26","モービルクラッシャー","BR100J,R,JG-1","4D102","#1101~","103-3","823NTW","201-3","1222","","","","unverified"
"komatsu","26","モービルクラッシャー","BR100JG-2","4D95","#1301~","205SK","823P","516KH","1222","","","","unverified"
"komatsu","26","モービルクラッシャー","BR120T-1","SAA6D102","","207N-6","494KPW","201-3","150-450","","","","unverified"
"komatsu","26","モービルクラッシャー","BR200J-1","S6D95","#1201~","103-3","810TW","101K","150-450","","","","unverified"
"komatsu","26","モービルクラッシャー","BR200S-1","S6D95","#1001~","103-3","810TW","101K","150-450","","","","unverified"
"komatsu","26","モービルクラッシャー","BR200S-1","SA6D102","#1101~","207N-6","494KW","201-3","150-450","","","","unverified"
"komatsu","26","モービルクラッシャー","BR200R-1","S6D95","#1002~","103-3","810TW","101K","150-450","","","","unverified"
"komatsu","26","モービルクラッシャー","BR200T-2","","","150K","495B","165FNS","150-200","","","","unverified"
"komatsu","26","モービルクラッシャー","BR200T-3","SAA6D125","#3001~","150KN","496PW","3840KF+600-319-4800","150-200N","","","FUEL欄の「600-319-4800」は淡色の純正番号表記","unverified"
"komatsu","26","モービルクラッシャー","BR210JG-1","SA6D102","#1002~","207N-6","494KW","201-3","150-450","","","","unverified"
"komatsu","26","モービルクラッシャー","BR210(200)T-1","SA6D125","#1101~","150K","495B","165FNS","178-450(L)","","","","unverified"
"komatsu","26","モービルクラッシャー","BR250RG-1","SA6D102","#1101~","207N-6","494KW","201-3","150-450","","","","unverified"
"komatsu","26","モービルクラッシャー","BR300J-1","SA6D95","#1001~","103-3","810TW","101K","150-450","","","","unverified"
"komatsu","26","モービルクラッシャー","BR300S-1","SAA6D108","#1001~","165K","815NTW","165FN","150-450","","","","unverified"
"komatsu","26","モービルクラッシャー","BR300S-1,2","SAA6D102","#2001~","207N-6","494KPW","201-3","150-200","","","","unverified"
"komatsu","26","モービルクラッシャー","BR310JG-1","SA6D95","#1002~","103-3","810TW","101K","150-450","","","","unverified"
"komatsu","26","モービルクラッシャー","BR350JG-1","SA6D102","#1005~","207N-6","494KW","201-3","150-450","","","","unverified"
"komatsu","26","モービルクラッシャー","BR380JB(G)","SAA6D102","#1001~","207N-6","494KPW","201-3","150-200","","","","unverified"
"komatsu","26","モービルクラッシャー","BR380JB(G)-1EO","SAA6D107","#2001~","207N-6","977KPW","600-319-3750+3610KF","150-200","","","FUEL欄の「600-319-3750」は淡色の純正番号表記","unverified"
"komatsu","27","モービルクラッシャー","BR380JB(G)-3","SAA6D107","","207N-6","977KPW","3750KF+3610KF","150-200+49-23AB","","","","unverified"
"komatsu","27","モービルクラッシャー","BR480RG","SAA6D125","#1001~","150K","495B","165FNS","","","","","unverified"
"komatsu","27","モービルクラッシャー","BR500JG-1","SA6D125","#1002~","150K","495B","165FNS","178-450","","","","unverified"
"komatsu","27","モービルクラッシャー","BR550JG","SAA6D125","#1001~","150K+151KB","495B","165FNS","178-450","","","","unverified"
"komatsu","27","モービルクラッシャー","BR580JG-1","SAA6D125","","","","","","","","","unverified"
"komatsu","27","モービルクラッシャー","BR1000JG-1","SAA6D140","#~114574","150KN","496PW","3510KF","","","","","unverified"
"komatsu","27","モービルクラッシャー","BR1000JG-1","SAA6D140","#114575~","150KN","496PW","3550KF","","","","","unverified"
"komatsu","27","小松クレーン","LC383","3D84","","","","","","","","","unverified"
"komatsu","27","小松クレーン","LC383-5","3D88E","","203","837P","107SF","1222","","","","unverified"
"komatsu","27","小松クレーン","LC503","4D88E","","","","","","","","","unverified"
"komatsu","27","小松クレーン","LC603","4D95L","","","","","","","","","unverified"
"komatsu","27","小松クレーン","LC605(-2)","4D95L","","","","","","","","","unverified"
"komatsu","27","小松クレーン","LC755-2","4D95L","","103-3","836T","516KH","","","","","unverified"
"komatsu","27","小松クレーン","LC755-3","4D102","~E#26231194","","836T","201-3","","","","OIL欄は淡色の純正番号表記：6732-51-5310? と読める（判読不確実）。HYD欄に淡色の純正番号表記あり（判読困難・原本確認）","unverified"
"komatsu","27","小松クレーン","LC755-3","4D102","E#26231195~","103-6","836T","201-3","","","","HYD欄に淡色の純正番号表記あり（判読困難・原本確認）","unverified"
"komatsu","27","小松クレーン","LC785","S4D95","","205SK","836T/836P","516KH","","","","HYD欄に淡色の表記あり（判読困難・原本確認）","unverified"
"komatsu","27","小松クレーン","LC785-6","S4D95","#15001~","205SK","836P","516KH","","","","HYD欄に淡色の純正番号表記あり（判読困難・原本確認）","unverified"
"komatsu","27","小松クレーン","LC785M-6","","","205SK","836P","516KH","207HS+CS-190W+317HS","","","","unverified"
"komatsu","27","小松クレーン","LC785M-8","","","205SK","839PW","3530KF+4110KF","","","","","unverified"
"komatsu","27","小松クレーン","LC785M-8","","","205SK","839PW","3870KF+4110KF","","","","","unverified"
"komatsu","27","小松クレーン","LC1285","S4D102","","103-6","823NTW","201-3","","","","","unverified"
"komatsu","27","小松クレーン","LC1383-1","","","","823PW","","","","","","unverified"
"komatsu","27","小松クレーン","LC1385","S4D102","","103-6","823PW","201-3","","","","","unverified"
"komatsu","27","小松クレーン","LC1385","S4D102","旧タイプ","103-6","823NTW","201-3","","","","","unverified"
"komatsu","27","小松クレーン","LC1385-2","SAA4D102","","103-6","823NHPW","201-3","195N","","","","unverified"
"komatsu","27","小松クレーン","LC1385M-8","SAA4D95","","205SK","823PW","3530KF+4110KF","","","","","unverified"
"komatsu","27","小松クレーン","LC1385M-8","SAA4D95","E#8111~","205SK","823PW","3870KF+4110KF","","","","","unverified"
"komatsu","27","小松クレーン","CC1485S-1","","","206I","839PW","529NPF+323PLH","CSP10L-30","","","","unverified"
"komatsu","27","ラフテレーンクレーン","LW80-1H","S6D95","#10001~","103-3","810TW","101K","","","","","unverified"
"komatsu","27","ラフテレーンクレーン","LW80-1X","S6D95","#18001~","103-3","810TW","101K","","","","","unverified"
"komatsu","27","ラフテレーンクレーン","LW100-1","S6D95","#10001~","103-3","810T(W)","101K","","","","","unverified"
"komatsu","27","ラフテレーンクレーン","LW100-1E","SAA6D95","","103-3","810T(W)","101K","","","","","unverified"
"komatsu","27","ラフテレーンクレーン","LW200L-1","S6D105","#1001~","165K","495B","101K","150-450,T=1114","","","","unverified"
"komatsu","27","ラフテレーンクレーン","LW250-1","S6D125","","150K","490NA","165FN","150-450","","","","unverified"
"komatsu","27","ラフテレーンクレーン","LW250-2X,H","S6D125","#10001~","150K+527K","490NA","165FN","150-450","","","","unverified"
"komatsu","27","ラフテレーンクレーン","LW250-3H,X","S6D125","#20001~","150K","490NA","165FN","150-450,T=1114","","","","unverified"
"komatsu","27","ラフテレーンクレーン","LW250-5X,H","S6D125","#50001~","150K+527K","815NTWA","165FN","150-450,T=1114/712H","","","","unverified"
"komatsu","27","ラフテレーンクレーン","LW500-1H","S6D140","#10001~","150K","495BA","150F","T=1114","","","","unverified"
"komatsu","28","オールテレーンクレーン","KMK4080","","","","","","","","","","unverified"
"komatsu","28","オールテレーンクレーン","KMK4100","","","","","","","","","","unverified"
"komatsu","28","オールテレーンクレーン","KMK6200","","","","","","","","","","unverified"
"komatsu","28","リーチタワークレーン","LT300-1H","S6D95","#20005~","103-3","810TW","101K","","","","","unverified"
"komatsu","28","リーチタワークレーン","LT300-2H","S6D95","#21001~","103-3","810TWA","101K","T=11…","","","HYD欄の末尾が綴じ目で欠け（原本確認）","unverified"
"komatsu","28","リーチタワークレーン","LT500-1H","S6D125","#30003~","150K","490NA","165FN","150-450,T=…","","","HYD欄の末尾が綴じ目で欠け（原本確認）","unverified"
"komatsu","28","リーチタワークレーン","LT500-1H","S6D125","E#60053~","150K","815NTWA","165FN","150-450,T=…","","","HYD欄の末尾が綴じ目で欠け（原本確認）","unverified"
"komatsu","28","ウイング","WING100-1H,X","S6D95","#10001~","103-3","810TW","101K","T=1114","","","HYD欄は綴じ目付近の小文字（判読やや不確実）","unverified"
"komatsu","28","ウイング","WING250-5H,X","S6D125","#50001~","","","","","","","","unverified"
"komatsu","28","ウイング","WING500-1H","S6D140","#10001~","150K","495BA","150F","T=1114","","","HYD欄は綴じ目付近の小文字（判読やや不確実）","unverified"
"komatsu","28","クローラードリル","KHCD650(C)","BF6L913","","","","","","","","","unverified"
"komatsu","28","クローラードリル","KHCD850C","H06C","","","","","","","","","unverified"
"komatsu","28","ヘラクレス","CT60","3D84E","","","","","","","","","unverified"
"komatsu","28","ヘラクレス","KDG3000E","","","","121SA","","","","","","unverified"
"komatsu","28","ヘラクレス","KDG3000E,EL","","","","121SA","","","","","","unverified"
"komatsu","28","ヘラクレス","KCR1000C","S6D125","","","","","","","","","unverified"
"komatsu","28","ヘラクレス","WF350","6D110","","","","","","","","","unverified"
"komatsu","28","ヘラクレス","WF450T","S6D125","","150K","495BNTW","165FN","H=150-300,T…","","","HYD欄の末尾が綴じ目で欠け（原本確認）","unverified"
"komatsu","28","ヘラクレス","WF600T","","","150K+527KS","492N","150F","150-300×2,T…","","","HYD欄の末尾が綴じ目で欠け（原本確認）","unverified"
"komatsu","28","ヘラクレス","SR200","","","203S","838P","532-85","","","","","unverified"
"komatsu","28","ヘラクレス","SR3000","3D84E","","203","837P","107SF","563W?","","","HYD欄は小文字で「563WS」または「563W6」のように見える（判読不確実・原本確認）","unverified"
"komatsu","28","ヘラクレス","ZC01-1A","GX160K","","","HD17210ZE1822","","","","","AIR欄は淡色の純正番号表記。HYD欄にも淡色の純正番号表記あり：214-52…（判読困難・原本確認）","unverified"
"komatsu","28","ヘラクレス","ZC02-1A","1D75","#10001~","114250-36070","121SA(-O)","114350-55120","203H","","","OIL欄・FUEL欄は淡色の純正番号表記","unverified"
"komatsu","28","ヘラクレス","ZC03-1","1D84","","","","","","","","","unverified"
"komatsu","28","ヘラクレス","ZC03-2","GX160K","","","","","","","","","unverified"
"komatsu","28","ヘラクレス","ZC03-2F","2D68","","203S","838N","532-85","203H","","","","unverified"
"komatsu","28","ヘラクレス","ZHM1700","3D88","","203","837N","50-90","103K","","","","unverified"
"komatsu","28","ヘラクレス","CB4410","","","","","","","","","","unverified"
"komatsu","28","ヘラクレス","JP45-2","EY08D","","","","","","","","","unverified"
"komatsu","28","ヘラクレス","JP60-2","EY15D","","","","","","","","","unverified"
"komatsu","28","ヘラクレス","JP70-5","EY15D","","","","","","","","","unverified"
"komatsu","28","ヘラクレス","JP80-5","EY20D","","","","","","","","","unverified"
"komatsu","28","クローラキャリア","CD10R","V2203KA","","","","","","","","","unverified"
"komatsu","28","クローラキャリア","CD10R-1","3D68E","#1027~","203S","838P","532-85+563F","","","","","unverified"
"komatsu","29","クローラキャリア","CD20R","","","","","","","","","","unverified"
"komatsu","29","クローラキャリア","CD20R-1","3D82","#1003~","203","837P","532-85+563F","1222","","","","unverified"
"komatsu","29","クローラキャリア","CD25-1,-2","2T75","","108","838N","532-85","","","","","unverified"
"komatsu","29","クローラキャリア","CD28","3D75","","108","837N-190","532-85","","","","","unverified"
"komatsu","29","クローラキャリア","CD30R-1","V2203","","108","837N-190","532-85","","","","","unverified"
"komatsu","29","クローラキャリア","CD30R-1","4D88E","#1061~","106S","837P","50-90","1222N","","","","unverified"
"komatsu","29","クローラキャリア","CD40R","4D105","","103-3","823NHA","101K","121CG","","","","unverified"
"komatsu","29","クローラキャリア","CD60R-1","S4D105","#1002~","103-3","450NN","101K","121CG","","","","unverified"
"komatsu","29","クローラキャリア","CD60R-1","S6D95","#1033~","103-3N","494KW","516KH","1222L,1114","","","","unverified"
"komatsu","29","クローラキャリア","CD60R-1","S6D102","#1081~","207N-6","494KWA","201-3","1222L,1114","","","","unverified"
"komatsu","29","クローラキャリア","CD60R-1","3D68","","203S","838P","532-85","","","","","unverified"
"komatsu","29","クローラキャリア","CD60R-3","SAA4D107","","","","","","","","","unverified"
"komatsu","29","クローラキャリア","CD110R","SAA6D108","#1061~","165K","815NTW","165FN","150-450","","","","unverified"
"komatsu","29","クローラキャリア","CD110R-2","SAA6D114","#1501~","9009LF","977KPW","165FNS","110-100,1114","","","","unverified"
"komatsu","29","クローラキャリア","CD110R-3","SAA6D107","#2001~","207N-6","977KPW","3610KF+3750KF","110-100N","","","","unverified"
"komatsu","29","クローラキャリア","HA250-3","S6D125","","","","","","","","","unverified"
"komatsu","29","クローラキャリア","HA270-3","S6D125","","","","","","","","","unverified"
"komatsu","29","クローラキャリア","NF40W","BD30","","103C","","516F","","","","","unverified"
"komatsu","29","クローラキャリア","NFB63W","4BD1","","209S","","516KH","","","","","unverified"
"komatsu","29","クローラキャリア","LG90-1","4D95","#40373~","103-3N","836T","516KH","1222","","","","unverified"
"komatsu","29","クローラキャリア","PG15SVE","","","","","","","","","","unverified"
"komatsu","29","クローラキャリア","PG75","","","203","836T","107SF","1222N","","","","unverified"
"komatsu","29","クローラキャリア","WT150E","S6D102E-1","","207N-6","494KW","201-3","","","","","unverified"
"komatsu","29","クローラキャリア","WT250E","","","165K","815NTW","","キャビン150-250AC","","","","unverified"
"komatsu","29","クローラキャリア","WT500E-1","","","150K","495B","","1222,キャビン150-250AC","","","","unverified"
"komatsu","29","クローラキャリア","BA70","","","","","","","","","","unverified"
"komatsu","29","クローラキャリア","BA100","4D95LE-2","","205SK","836N(W)","516KH","1222N","","","","unverified"
"komatsu","29","クローラキャリア","BA100-2","4D95LE-3D2M","","205SK","836P(W)","516KH","110-100","","","","unverified"
"komatsu","29","クローラキャリア","BC70","","","","","","","","","","unverified"
"komatsu","29","モービルスクリーン","BM545S-1","S4D95LE-3","#1101~","205SK","836PW","516KH","110-100","","","","unverified"
"komatsu","29","モービルスクリーン","BM595F-1","S4D106E-2SFY","","108","823PW","107SFH","","","","","unverified"
"komatsu","29","モービルスクリーン","BM653F","4D98E","","203","836P","107SF","","","","","unverified"
"komatsu","29","モービルスクリーン","BM683F","S4D106E-2SFY","","108","823P","107SF","","","","","unverified"
"komatsu","29","モービルスクリーン","BM883F","S4D106E","","","","","","","","","unverified"
"komatsu","29","モービルスクリーン","BM2009C-2","S4D95LE","","205SK","823PW","516KH","110-100P","","","","unverified"
"komatsu","29","アーティキュレートダンプ","HM300-1","SAA6D125E-3","","150KN","496PW","3510KF","H=150-300,T=150-450","","","","unverified"
"komatsu","29","アーティキュレートダンプ","HM300-1","SAA6D125E-3","E#316114~","150KN","496PW","3550KF","H=150-300,T=150-450","","","","unverified"
"komatsu","29","アーティキュレートダンプ","HM300-2","SAA6D125E-5","#2001~","150KN","496PW","3550KF×2+4540PF×2","H=150-300,T=150-450","","","","unverified"
"komatsu","30","アーティキュレートダンプ","HM350-1","SAA6D140E-3A","","150KN","496PW","3510KF","H=150-450,T=150-450×2","","","","unverified"
"komatsu","30","アーティキュレートダンプ","HM350-1","SAA6D140E-3A","E#114202~","150KN","496PW","3550KF","H=150-450,T=150-450×2","","","","unverified"
"komatsu","30","アーティキュレートダンプ","HM350-2","SAA6D140E-5","#2001~","150KN×2","496PW","3550KF+4540PF","H=150-450,T=150-45…","","","HYD欄の末尾が紙端で欠け（原本確認）","unverified"
"komatsu","30","アーティキュレートダンプ","HM400-1","SAA6D140E-3A","","150KN","496PW","3510KF","H=150-450,T=150-450×2","","","","unverified"
"komatsu","30","アーティキュレートダンプ","HM400-1","SAA6D140E-3A","E#114202~","150KN","496PW","3550KF","H=150-450,T=150-450×2","","","","unverified"
"komatsu","30","アーティキュレートダンプ","HM400-2","SAA6D140E-5","","150KN×2","496PW","3550KF+4540PF","H=150-450,T=150-4…","","","HYD欄の末尾が紙端で欠け（原本確認）","unverified"
"komatsu","30","アーティキュレートダンプ","HM400-3","SAA6D140E-6A","#3001~","150KN×4+527KH×2","496PW","3840KF+4800KF","H=150-200N,T=712-…","","","HYD欄の末尾が紙端で欠け（原本確認）","unverified"
"komatsu","30","アーティキュレートダンプ","HM400-5(HM016)","SAA6D140E-7","#2001~","150KN×2","496PW","3840KF+4800KF","H=150-200N,T=712-…","","","HYD欄の末尾が紙端で欠け（原本確認）","unverified"
"komatsu","30","アーティキュレートダンプ","H285S","K2000E","","","","","","","","","unverified"
"komatsu","30","堆肥切り返し専用機","RT3000","","","","","","","","","","unverified"
"komatsu","30","自走式土質改良機","BZ120-1","S4D102E","#1001~","103-6","810TW","201-3","195N","","","","unverified"
"komatsu","30","自走式土質改良機","BZ200-1","S6D102E-1","#1006~","207N-6","494KW","201-3","150-450","","","","unverified"
"komatsu","30","自走式土質改良機","BZ210Gモード","SAA6D102E-2","#1001~","207N-6","809PW","201-3","150-200","","","","unverified"
"komatsu","30","ウエルダー(溶接機)","KW150C","","","","","","","","","","unverified"
"komatsu","30","ウエルダー(溶接機)","KW200","2T72HL","","108","838N","532-65","","","","","unverified"
"komatsu","30","ウエルダー(溶接機)","KW200-3","Z482","","203S","838N","","","","","","unverified"
"komatsu","30","ウエルダー(溶接機)","KW280B-2","","","203S","KWA300","532-85","","","","","unverified"
"komatsu","30","ウエルダー(溶接機)","KW300C","3TNE68","","203","838N/KWA300","532-85","838PSN","","","HYD欄に「838PSN」と印字（原本通り）","unverified"
"komatsu","30","ウエルダー(溶接機)","KW300C","D722KB","","203(S)","838N/KWA300","532-85","838PSN","","","HYD欄に「838PSN」と印字（原本通り）","unverified"
"komatsu","30","油圧ショベル","LZ600C-1","","","","","","","","","","unverified"
"komatsu","30","パワースプリッター(割岩専用機)","KW150E","","","","","","","","","","unverified"
"komatsu","30","コマツ地下建機","TP40SCL-2E","4D88","","","","","","","","","unverified"
"komatsu","30","コマツ地下建機","TP60S-1E","4D88","","","","","","","","","unverified"
"cat","31","HE油圧ショベル","226D3","C2.2","","","","","","","","","unverified"
"cat","31","HE油圧ショベル","235D","3306","8KJ","196K","880PN/880PNU","207M","1210×3","","1210","","unverified"
"cat","31","HE油圧ショベル","235C","3306","2PG,4DG","196K","880PN/880PNU","207M","1210×3","","1210","","unverified"
"cat","31","HE油圧ショベル","235C","3306","5AF,3WG","196K","880PN/880PNU","207M","1210×3","","1210","","unverified"
"cat","31","HE油圧ショベル","235B","3306","7WC,1FD,9PC","196K","880PN/880PNU","207M","1210×3","","1210","","unverified"
"cat","31","HE油圧ショベル","245B","3406","95V,4LK,6MF","197K","880PN/880PNU","","1210×3","","1210","","unverified"
"cat","31","HE油圧ショベル","245D","3406","4LK,6MF,7ZJ","197K","880PN/880PNU","","1210×3","","1210","","unverified"
"cat","31","HE油圧ショベル","274","","","","","","","","","","unverified"
"cat","31","HE油圧ショベル","301.5CR","L3E","","203C","838P","532-65","225-3695","","","","unverified"
"cat","31","HE油圧ショベル","302C(CR).SR","L3E","","203C","838P","532-65","175-1713","","","","unverified"
"cat","31","HE油圧ショベル","303CR","S3L2","","203C","837P/838P","532-65/156-1200","1210","","","","unverified"
"cat","31","HE油圧ショベル","303CR新型","C1.1","","205SK","569-6762+569-6763","156-1200","575-2548","","","","unverified"
"cat","31","HE油圧ショベル","303CCR","","","108","837P","156-1200","265-8676","","284-5666?","TM欄の淡色番号は「284-5666」または「284-5686」（判読不確実）","unverified"
"cat","31","HE油圧ショベル","303CSR","","","108","","156-1200","265-8676","","284-5686?","TM欄の淡色番号は「284-5666」または「284-5686」（判読不確実）","unverified"
"cat","31","HE油圧ショベル","303SR","S3L2","","203C","837P/838P","532-65/156-1200","1210","","","","unverified"
"cat","31","HE油圧ショベル","303SR新型","C1.1","","205SK","569-6762+569-6763","156-1200","575-2548","","","","unverified"
"cat","31","HE油圧ショベル","303.5CCR","S3Q2","","108","","156-1200","","","","","unverified"
"cat","31","HE油圧ショベル","303.5DCR","S3Q2","","","","","","","","","unverified"
"cat","31","HE油圧ショベル","303.5E2CR","C1.7","","103N-1","836PW","156-1200","","","","","unverified"
"cat","31","HE油圧ショベル","303.5新型","C1.7","","205SK","569-6762+569-6763","156-1200","575-2548","","","","unverified"
"cat","31","HE油圧ショベル","303E","C1.3","#00412","103N-1","837P","156-1200","","","","","unverified"
"cat","31","HE油圧ショベル","304CR","S4L2","","203C","837P","156-1200","1210","","","","unverified"
"cat","31","HE油圧ショベル","304C(SR)","S3Q2","","108","","156-1200","","","","","unverified"
"cat","31","HE油圧ショベル","304CR新型","C1.1","","205SK","569-6762+569-6763","156-1200","575-2548","","","","unverified"
"cat","31","HE油圧ショベル","304SR新型","C1.1","","205SK","569-6762+569-6763","156-1200","575-2548","","","","unverified"
"cat","31","HE油圧ショベル","304E","","","103N-1","837P","156-1200","","","","","unverified"
"cat","31","HE油圧ショベル","304E2CR","C2.4","","","","","","","","","unverified"
"cat","31","HE油圧ショベル","304SR","","","","","","","","","","unverified"
"cat","31","HE油圧ショベル","305CR","","DCR,BMW","108","837P","156-1200","1210","","K4N-Y1D","","unverified"
"cat","31","HE油圧ショベル","305CR新型","C1.7T","","205SK","526-3118+526-3122","590-2978","529-0121","","","","unverified"
"cat","31","HE油圧ショベル","305CCR","","","108","836P","156-1200","1210","","","","unverified"
"cat","31","HE油圧ショベル","305CSR","S4Q2","","108","837P","156-1200","1210","","","","unverified"
"cat","31","HE油圧ショベル","305DCR","S4Q2","","108","837P(W)","156-1200/204FN","","","","","unverified"
"cat","31","HE油圧ショベル","305E2CR","C2.4","","103N-1","","156-1200","","","","","unverified"
"cat","31","HE油圧ショベル","305ECR","","XSC1","103N-1","836PW","156-1200","304-7195","","","","unverified"
"cat","31","HE油圧ショベル","305SR","","","108","837P","204FN/純正","1210/156-1200","","K4N-E2D","","unverified"
"cat","31","HE油圧ショベル","305SR新型","C1.7T","","205SK","","590-2978","","","","","unverified"
"cat","31","HE油圧ショベル","305.5DCR","S4Q2","","108","836PW","156-1200","1210","","","","unverified"
"cat","31","HE油圧ショベル","305.5CR","C1.7T","","","","","","","","","unverified"
"cat","32","HE油圧ショベル","305.5E2CR","C2.4","","","","","","","","","unverified"
"cat","32","HE油圧ショベル","307B","4M40","4RW","323KWD","836P","106FN","137YN","","5I8670","","unverified"
"cat","32","HE油圧ショベル","307(SSR)","4D32","2FL,9ZL","200D+322K","836NR/836P","106FN","137YN","","5I8670","","unverified"
"cat","32","HE油圧ショベル","307C","4M40","BAJ1~385","323KWD","836P","106FN","137YN","","5I8670","","unverified"
"cat","32","HE油圧ショベル","307C","4M40","BAJ386~","121CG","836P","106FN","137YN","","5I8670","","unverified"
"cat","32","HE油圧ショベル","307D","4M40","GMCT4","121CG","836P","233-9856","","","5I8670","","unverified"
"cat","32","HE油圧ショベル","308B(SR,CR)","4M40","3YS(PMZ-R4)","323KWD","836NR","106FN","137YN","","5I8670","","unverified"
"cat","32","HE油圧ショベル","308C(CR)","4M40","","121CG","836NR/836P","106FN","137YN","","5I8670","","unverified"
"cat","32","HE油圧ショベル","308C(SR)","4M40","","121CGor323KWD","836P","106FN","137YN","","5I8670","","unverified"
"cat","32","HE油圧ショベル","308CR","C3.3","","103N-1","純正","純正(541-6956)","","","PCV60-73BF?","TM欄の淡色表記は紙の湾曲で末尾が読みにくい（原本確認）","unverified"
"cat","32","HE油圧ショベル","308SR","C3.3B","","","","","","","","","unverified"
"cat","32","HE油圧ショベル","308D(CR)","4M40","","121CG","836P","233-9856","","","5I8670","","unverified"
"cat","32","HE油圧ショベル","308E(CR,SR)","C3.3B","(V3307)","103N-1","836PW","156-1200","304-7195","","","","unverified"
"cat","32","HE油圧ショベル","308E2CR","C3.3B","(V3307)","103N-1","415-2592+2593","363-5819","362-1163","","","","unverified"
"cat","32","HE油圧ショベル","308CR-07新型","C3.8B","","103N-1","526-3118+526-3122","541-6956","519-9926","","PCV=60-73BF","","unverified"
"cat","32","HE油圧ショベル","308SR-07新型","C3.8B","","103N-1","526-3118+526-3122","541-6956","519-9926","","PCV=60-73BF","","unverified"
"cat","32","HE油圧ショベル","311","3064","5PK","5I7950","823NR","204FN","150-300","","5I8670","","unverified"
"cat","32","HE油圧ショベル","311B(CU)","3064","8HR,2MS","196K","823P","204FN","140-420","207HS","5I8670","","unverified"
"cat","32","HE油圧ショベル","311C(U)REGA","3064","CAE","196K","823P","209F","140-420","207HS","5I8670","","unverified"
"cat","32","HE油圧ショベル","311DRR","C4.2","","196KN","","209F×2+1R0770","","","","","unverified"
"cat","32","HE油圧ショベル","311FLRR","C3,4B","","","311FWA+311FWB","311-3903","","207HS","5I8670","","unverified"
"cat","32","HE油圧ショベル","312","3064T","7DK,6LK","5I7950","823NR","204FN","150-300","","5I8670","","unverified"
"cat","32","HE油圧ショベル","312B","3064","9HR,3ES","196K","823P","204FN","140-420","207HS","5I8670","","unverified"
"cat","32","HE油圧ショベル","312C","3064","CAE","196K","823P","209F","140-420","207HS","5I8670","","unverified"
"cat","32","HE油圧ショベル","312DRR","C4.2","","196KN","823P/809PSCW","209F×2+1R0770","","207HS","5I8670","","unverified"
"cat","32","HE油圧ショベル","312E","","","322-3155","312EW","8960F+8959WS","","207HS","5I8670","","unverified"
"cat","32","HE油圧ショベル","312FGC","C4.4","","322-3155","312EW","8960F+8959WS","","207HS","5I8670","","unverified"
"cat","32","HE油圧ショベル","313B(SR,CR)","4D31","(GMZ-T5)","200D+322K","836NR/836P","106SFN","150-300","","5I8670","","unverified"
"cat","32","HE油圧ショベル","313B(SR,CR)","4D34","9PR,(GMZ-T5)AEX","137K","823NR","106FN","150-300","","5I8670","","unverified"
"cat","32","HE油圧ショベル","313C(SR)","3064","(PMZ-T5)","196K","823P","209F","140-420","207HS","5I8670","","unverified"
"cat","32","HE油圧ショベル","313C(CR)HGF1~","3064","","196K","823P","209F","140-420","207HS","","","unverified"
"cat","32","HE油圧ショベル","313D(CR)(SR)","C4.2","","196KN","823P","209F","","207HS","5I8670","","unverified"
"cat","32","HE油圧ショベル","313D(CL)","","","196KN","823P","1R0770W/S一体型","","207HS","5I8670","","unverified"
"cat","32","HE油圧ショベル","313新型","C3.6","","569-8036","527-6894+527-6895","8960F+","590-9787","","","FUEL欄「8960F+」の後ろに淡色の「(WS)523-8802?」と読める表記あり（判読不確実・原本確認）","unverified"
"cat","32","HE油圧ショベル","314C(CR)","3064","(GMZ-T5)","196K","823P","209F","140-420","207HS","5I8670","","unverified"
"cat","32","HE油圧ショベル","314D(CR)","C4.2","","196KN","823P(W)","209F×2+1R0770","","207HS","5I8670","","unverified"
"cat","32","HE油圧ショベル","314E","C4.4","","322-3155","312EW","8960F+8959WS","140-420","207HS","5I8670","","unverified"
"cat","32","HE油圧ショベル","314F(CR)","C4.4","","322-3155","312EW","8960F+8959WS","140-420","207HS","5I8670","","unverified"
"cat","32","HE油圧ショベル","315","3046","6XM","103-3","810T","204FN","150-300","","5I8670","","unverified"
"cat","32","HE油圧ショベル","315B","3064","(GLZ-T5)","103-3","810PWor823P","204FN","140-420","207HS","5I8670","","unverified"
"cat","33","HE油圧ショベル","315C","3046","","196K","809PW","209F","140-420","207HS","5I8670","","unverified"
"cat","33","HE油圧ショベル","315DL","C4.2","","196KN","810PW","209F","","207HS","5I8670","","unverified"
"cat","33","HE油圧ショベル","315FL","C4.4","","","","","","","","","unverified"
"cat","33","HE油圧ショベル","315新型","C3.6","","","","8960F","","","","OIL・AIR・FUEL・HYD欄に淡色の純正番号表記あり（313新型と同様の番号に見えるが判読困難・原本確認）","unverified"
"cat","33","HE油圧ショベル","316FL","C4.4","","","","","","","","","unverified"
"cat","33","HE油圧ショベル","317","C4.4","","","","","","","","","unverified"
"cat","33","HE油圧ショベル","318CLN","3066","","196K","810PW","209F","140-420","207HS","5I8670","","unverified"
"cat","33","HE油圧ショベル","320","3066T","7GJ,3XM","5I7950","810T","204FN","150-450","207HS","4I3948","","unverified"
"cat","33","HE油圧ショベル","320L","3066T","4JM,8HJ","5I7950","810T","204FN","150-450","207HS","4I3948","","unverified"
"cat","33","HE油圧ショベル","320B","3066","3MR,4FS","196K","822PW","204FN","140-420","207HS","4I3948","","unverified"
"cat","33","HE油圧ショベル","320B(L)","3066","1CS,4MR","196K","822PW","204FN","140-420","207HS","4I3948","","unverified"
"cat","33","HE油圧ショベル","320BU","3066","8GZ,7ZZ","196K","822PW","204FN","150-450","207HS","4I3948","","unverified"
"cat","33","HE油圧ショベル","320C","3066","","196K","822PW","209F","140-420","207HS","4I3948","","unverified"
"cat","33","HE油圧ショベル","320C(L)U","3066","(GLC-T6)","196K","822PW","209F","140-420","207HS","4I3948","","unverified"
"cat","33","HE油圧ショベル","320C(L)U-TUN","3066","(GLC-T6)","196K","822PW","209F","140-420","207HS","4I3948","","unverified"
"cat","33","HE油圧ショベル","320C(L)U","3066","7JK","196K","822PW","209F","140-420","207HS","5I8670","","unverified"
"cat","33","HE油圧ショベル","320D(L),RR","","","196KN","822PW","209F×2","140-420","207HS","5I8670","","unverified"
"cat","33","HE油圧ショベル","320DⅡ","","","196KN","822PW","209F×2","140-420","207HS","","","unverified"
"cat","33","HE油圧ショベル","320E","C6.6","","322-3155","822PW/320EW","8960F+8959WS","140-420","207HS","5I8670","","unverified"
"cat","33","HE油圧ショベル","320GC","","LKS","322-3155","479-8989+479-8991","523-4987+509-5694","590-9787","","BF=339-1048?","TM欄の淡色表記は判読不確実（原本確認）","unverified"
"cat","33","HE油圧ショベル","320-07新型","C4.4","","322-3155","479-8989+479-8991","","590-9787","","","","unverified"
"cat","33","HE油圧ショベル","321B(L)CR,SR","3066","(GLZ-T6)","196K","822PW","204FN","140-420","207HS","4I3948","","unverified"
"cat","33","HE油圧ショベル","321C(L)CR","3066","(GLZ-T6)","196K","822PW","209F","140-420","207HS","5I8670","","unverified"
"cat","33","HE油圧ショベル","321D(L),CR","C6.4","(GLZ-T6)","196KN","822PW","209F","140-420","207HS","","","unverified"
"cat","33","HE油圧ショベル","322(L)","3116","7WL,8CL","196K","833TW","209F","137YN","","4I3948","","unverified"
"cat","33","HE油圧ショベル","322B(L)","3116TA","1AS,3NR,5CR","196K","822PW","209F","140-420","207HS","4I3948","","unverified"
"cat","33","HE油圧ショベル","322C(L)","3126","","196K","977KPW","1R0762","140-420","207HS","5I8670","","unverified"
"cat","33","HE油圧ショベル","M322CMH","3056E","","","","","","","","","unverified"
"cat","33","HE油圧ショベル","323","C7.1","","322-3155","","8960F+8959WS","","","","","unverified"
"cat","33","HE油圧ショベル","324D(L)","C7","","196KN","977KPW","1R0762+1R0770","140-420","207HS","5I8670","","unverified"
"cat","33","HE油圧ショベル","325","C4.4","","","","","","","","","unverified"
"cat","33","HE油圧ショベル","325(L)","3116TA","8JG,5WX,7CJ,6KK","196K","833TW","209F","137YN","","4I3948","","unverified"
"cat","33","HE油圧ショベル","325B(L)","3116TA","1AS,3NR,5CR","196K","822PW","209F","140-420","207HS","4I3948","","unverified"
"cat","33","HE油圧ショベル","325C(L)","3126B","","196K","977KPW","1R0762","140-420","207HS","5I8670","","unverified"
"cat","33","HE油圧ショベル","325D(L)排ガス","C7","C7-JE3-TAA","196KN","","","","","","","unverified"
"cat","33","HE油圧ショベル","325F(L)CR","","","322-3155","9020PW","8960F+8959WS","140-420","207HS","5I8670","","unverified"
"cat","33","HE油圧ショベル","328DLCR","JDS","","196KN","977KPW","1R0762+1R0770","140-420","207HS","126-1813","","unverified"
"cat","33","HE油圧ショベル","329D","","","196KN","977KPW","1R0762+1R0770","","","","","unverified"
"cat","33","HE油圧ショベル","330","3306TA","9NG,9PJ","196K","495BHW","207M","150-450","","4I3946","TM欄は原本で「4I3946」と印字（他の行は4I3948）","unverified"
"cat","33","HE油圧ショベル","330L","3306TA","6WJ,6SK","196K","495BHW","207M","150-450","","4I3948","","unverified"
"cat","34","HE油圧ショベル","330B(L)","3306TA","1JS,2RR,9HN","196K","977KPW","207M","140-420","207HS","4I3948","","unverified"
"cat","34","HE油圧ショベル","330C(L,R)","C9","HGF1~","197K","977KPHW","1R0762","140-420","207HS","5I8670","","unverified"
"cat","34","HE油圧ショベル","330D(L)排ガス","","","197K","977KPHW","1R0762+1R0770","140-420","207HS","5I8670","","unverified"
"cat","34","HE油圧ショベル","330GC","C7.1","","","","","","","","","unverified"
"cat","34","HE油圧ショベル","334D,335D","3408E","","","","","","","","","unverified"
"cat","34","HE油圧ショベル","336D","","","197K","977KPHW","1R0762","140-420","207HS","5I8670","","unverified"
"cat","34","HE油圧ショベル","336E(LH)","C9.3","","197K","977KPHW","207MH+326-1643","","207HS","5I8670","行の下段に淡色の純正番号表記あり：00453-5509+471-6955(453-5510)? と読める（判読不確実・原本確認）","unverified"
"cat","34","HE油圧ショベル","336F","C9.3","","197K","","207MH×2","","207HS","5I8670","","unverified"
"cat","34","HE油圧ショベル","336GC","C7.1","","","","","","","","","unverified"
"cat","34","HE油圧ショベル","340F","C9.3","","","","","","","","","unverified"
"cat","34","HE油圧ショベル","345B(L)","3176C","","197K","496PW","1R0762","140-420","207HS","4I3948","","unverified"
"cat","34","HE油圧ショベル","345C(L)","C13","","197K","106-3969+3973","1R0755","140-420","207HS","","","unverified"
"cat","34","HE油圧ショベル","345GC","C9.3B","","","","","","","","","unverified"
"cat","34","HE油圧ショベル","349FLXE","C13","","","","","","","","","unverified"
"cat","34","HE油圧ショベル","350(L)","3306A","7RK,9DK","197K","491BW","207M","150-450×2","4T6788×2","4I3950","","unverified"
"cat","34","HE油圧ショベル","352FXE","C13","","","","","","","","","unverified"
"cat","34","HE油圧ショベル","365BL","3196A","","","","","","","","","unverified"
"cat","34","HE油圧ショベル","365BLⅡ","3196JE2","","197K","495BHW","1R0762×2","140-420","4T6788×2","185-0637","","unverified"
"cat","34","HE油圧ショベル","365CL","C15","","","","","","","","","unverified"
"cat","34","HE油圧ショベル","374FL","C15","","","","","","","","","unverified"
"cat","34","HE油圧ショベル","375(N)","3406","8XG","197K","7Y1196+1197","207MH","150-450×3","4T6788×3","4I3950","","unverified"
"cat","34","HE油圧ショベル","385B","3456","","197K","1063969+3973","1R0762×2","140-420","4T6788×2","4I3948","","unverified"
"cat","34","HE油圧ショベル","385C","C18","","","","","","","","","unverified"
"cat","34","HE油圧ショベル","390FL","C18","C18","","","","","","","","unverified"
"cat","34","HE油圧ショベル","395","C18","C18","","","","","","","","unverified"
"cat","34","HE油圧ショベル","434B","3054","","","","","","","","","unverified"
"cat","34","HE油圧ショベル","518","","","","","","","","","","unverified"
"cat","34","HE油圧ショベル","534B","3054T","","","","","","","","","unverified"
"cat","34","HE油圧ショベル","572G","","","","","","","","","","unverified"
"cat","34","HE油圧ショベル","5130(B)","3508(B)TA","","197K×2","6I3833×2","1R0715","","","7Y4075","","unverified"
"cat","34","スクレーパ","613","","71M","103-3","870","9L9100","","","1210","","unverified"
"cat","34","スクレーパ","613C","","","","","","","","","","unverified"
"cat","34","スクレーパ","621","","23H","196×3","977K×2","596×2","193×2","","1210","","unverified"
"cat","34","スクレーパ","621E","3406","TRC6BB","197K","880P","","7J0670×2","9T5003","1210","","unverified"
"cat","34","スクレーパ","621B","3406","TRC45P","197K","880P","","7J0670×2","","1210","","unverified"
"cat","34","スクレーパ","627","","54K,68M","196","870","207M","193×2","","1210","","unverified"
"cat","34","スクレーパ","627","","50K,69M","196","977K","207M","193×2","","1210","","unverified"
"cat","34","スクレーパ","627","","54K737~·68M651~","196K","870","207M","193×2","","1210","","unverified"
"cat","35","スクレーパ","627E","3306","TRC6EB,6GB","196K","880P","207M","7J0670×2","","1210","原本はFUEL・TM欄が2段結合（両段共通）","unverified"
"cat","35","スクレーパ","627E","3406","SCR6FB,6HB","197K","977K","207M","","","1210","原本はFUEL・TM欄が2段結合（両段共通）","unverified"
"cat","35","スクレーパ","627B","3306","TRC14S,15S","197K","880PA+870B","207M","7J0670×2","","1210","原本はFUEL・TM欄が2段結合（両段共通）","unverified"
"cat","35","スクレーパ","627B","3306","SCR37V,38V","196K","977K/880PUN","207M","","","1210","原本はFUEL・TM欄が2段結合（両段共通）","unverified"
"cat","35","スクレーパ","631","","67M","194×2","890G","207M×2","193×2","","1210","原本はOIL・HYD欄が2段結合（両段共通）","unverified"
"cat","35","スクレーパ","631","","13G","194×2","977K×2","596×3","193×2","","193","原本はOIL・HYD欄が2段結合（両段共通）","unverified"
"cat","35","スクレーパ","631D","3408","TRC24W","197K×2","880PN","","7J0670×3","","1210","","unverified"
"cat","35","スクレーパ","631E","3408","TRC1AB1480~","197K×2","7W5313+6N6444","","193×2","","1210","ST欄に淡色の表記あり：7J2656? と読める（判読不確実・原本確認）","unverified"
"cat","35","スクレーパ","637","トラクタ","65M,79P","194×2","890G","207M×2","193×3","","1210","ENGINE欄は原本で「トラクタ」と記載。TM欄は2段結合（両段共通）。ST欄に淡色の表記あり（判読困難）","unverified"
"cat","35","スクレーパ","637","スクレーパー","64M,91N,92N","196","977K","207M","","","1210","ENGINE欄は原本で「スクレーパー」と記載。TM欄は2段結合（両段共通）","unverified"
"cat","35","スクレーパ","637E","3408","TRC1FB,1JB","197K×2","7W5313+6N6444","","193×2","","1210","TM欄は2段結合（両段共通）。ST欄に淡色の表記あり：7J2656? と読める（判読不確実・原本確認）","unverified"
"cat","35","スクレーパ","637E","3306","SCR1HB,1LB","196K","7W5313+6N6444","207M","","","1210","TM欄は2段結合（両段共通）","unverified"
"cat","35","スクレーパ","637D","3408","TRC26W,27W","197K×2","880PN","","7J0670×3","","1210","TM欄は2段結合（両段共通）","unverified"
"cat","35","スクレーパ","637D","3306","SCR21W,22W","196K","977K","207M","","","1210","TM欄は2段結合（両段共通）","unverified"
"cat","35","スクレーパ","657","トラクタ","68K","196×3","977K×2","207M×3","193×2","","1210","ENGINE欄は原本で「トラクタ」と記載。AIR欄は5段結合、FUEL・HYD・TM欄は上2段結合","unverified"
"cat","35","スクレーパ","657","TRC","68K827~","197K×2","977K×2","207M×3","193×2","","1210","AIR欄は5段結合、FUEL・HYD・TM欄は上2段結合","unverified"
"cat","35","スクレーパ","657","トラクタ","31G,46M","194×3","977K×2","596×4","","","193","ENGINE欄は原本で「トラクタ」と記載。AIR欄は5段結合、TM欄は下3段結合","unverified"
"cat","35","スクレーパ","657","スクレーパー","19G,47M,53K","194×2","977K×2","596","","","193","ENGINE欄は原本で「スクレーパー」と記載。OIL欄は下2段結合、AIR欄は5段結合、TM欄は下3段結合","unverified"
"cat","35","スクレーパ","657","SCR","47M91~·53K631~","194×2","977K×2","207M×2","","","193","OIL欄は下2段結合、AIR欄は5段結合、TM欄は下3段結合","unverified"
"cat","35","スクレーパ","657B","3408","TRC68K","197K×2","880PN×2","","193×2","","1210","OIL欄は2段結合（両段共通）","unverified"
"cat","35","スクレーパ","657B","D343","SCR47M,53K","197K×2","977K","207M×2","","","193","OIL欄は2段結合（両段共通）","unverified"
"cat","35","スクレーパ","657E","3412","TRC","197K×2","880PN×2","","193×2","7J2656","193","OIL・AIR欄は2段結合（両段共通）","unverified"
"cat","35","スクレーパ","657E","3408","SCR","197K×2","880PN×2","","","","1210","OIL・AIR欄は2段結合（両段共通）","unverified"
"cat","35","ダンプトラック","725","C11","","197K","977KPHW","","","","","","unverified"
"cat","35","ダンプトラック","725C2","C9.3","","197K","977KPHW","207MH×2+プレ未対応","","","","","unverified"
"cat","35","ダンプトラック","730","C11","","","","","","","","","unverified"
"cat","35","ダンプトラック","730C2EJ","C13","","","","","","","","","unverified"
"cat","35","ダンプトラック","735,740","C15","","","","","","","","","unverified"
"cat","35","ダンプトラック","740EJ·745","C18","","","","","","","","","unverified"
"cat","35","ダンプトラック","769","","99F","196×2","977K×2","596×3","193","193","193","OIL・AIR・HYD・ST・TM欄は2段結合（両段共通）","unverified"
"cat","35","ダンプトラック","769","","99F1230~","196×2","977K×2","207M×2","193","193","193","OIL・AIR・HYD・ST・TM欄は2段結合（両段共通）","unverified"
"cat","35","ダンプトラック","769B","D343","99F1230~","194×2","977K×2","207M×2","193","193","193","","unverified"
"cat","35","ダンプトラック","769C","3408","01X","197K×2","880PN×2","207MH","193","1210","1210×2","","unverified"
"cat","35","ダンプトラック","769D","3408","5TR","197K×2","880PNUW×2","207MH","","","","","unverified"
"cat","35","ダンプトラック","770","C15","","","","1R0762","","","","","unverified"
"cat","35","ダンプトラック","771C","3408","3BJ","197K×2","880PN×2","207MH","193","1210","193","","unverified"
"cat","35","ダンプトラック","771D","3408E","6JR","","","","","","","","unverified"
"cat","35","ダンプトラック","772","C18","","","","","","","","","unverified"
"cat","36","ダンプトラック","773","","63G","196×3","977K×2","207M×3","193","193","193","AIR・FUEL・HYD・ST・TM欄は3段結合（共通）","unverified"
"cat","36","ダンプトラック","773","","63G253~","194×2","977K×2","207M×3","193","193","193","AIR・FUEL・HYD・ST・TM欄は3段結合（共通）","unverified"
"cat","36","ダンプトラック","773","","63G859~","197K×2","977K×2","207M×3","193","193","193","AIR・FUEL・HYD・ST・TM欄は3段結合（共通）","unverified"
"cat","36","ダンプトラック","773B","3412","63W","197K×2","880PN×2","207MH×2","193","193","193","","unverified"
"cat","36","ダンプトラック","773D","3412","7ER","","","","","","","","unverified"
"cat","36","ダンプトラック","773E","3412E","","","","","","","","","unverified"
"cat","36","ダンプトラック","773F","C27","","","","","","","","","unverified"
"cat","36","ダンプトラック","775B","3412","7XJ","","","","","","","","unverified"
"cat","36","ダンプトラック","775D","3412E","6KR","","","","","","","","unverified"
"cat","36","ダンプトラック","775E","3412E","","","","","","","","","unverified"
"cat","36","ダンプトラック","775F","C27","","","","","","","","","unverified"
"cat","36","ダンプトラック","776C","3508","2TK","","","","","","","","unverified"
"cat","36","ダンプトラック","776D","3508","5ER","","","","","","","","unverified"
"cat","36","ダンプトラック","777","3508","84A","196","880P","596×4","193","","193","AIR・FUEL・HYD欄は2段結合（共通）","unverified"
"cat","36","ダンプトラック","777","D348","84A","197K×2","880P","596×4","193","193","193×2","AIR・FUEL・HYD欄は2段結合（共通）","unverified"
"cat","36","ダンプトラック","777B","3508","4YC","197K×2","4W5716+6N6072","1R0715","193","193","193×2","","unverified"
"cat","36","ダンプトラック","777C","3508","4XJ","","","","","","","","unverified"
"cat","36","ダンプトラック","777D","3508","3PR","","","","","","","","unverified"
"cat","36","ダンプトラック","777E","3412E","","","","","","","","","unverified"
"cat","36","ダンプトラック","777F","C32","","","","","","","","","unverified"
"cat","36","ダンプトラック","785","3512","8GB","197K×3","4W5228+1N4864","1R0715×2","193×2","193(x2)","1210","","unverified"
"cat","36","ダンプトラック","789B","3516","","","","","","","","","unverified"
"cat","36","ダンプトラック","789C","3516B","","","","","","","","","unverified"
"cat","36","ダンプトラック","789D","3516B","","","","","","","","","unverified"
"cat","36","ダンプトラック","793C","3156B","","","","","","","","エンジン欄は原本の印字どおり「3156B」","unverified"
"cat","36","800コンパクタ","815","3306","91P920~","196K","870F","207M","193×2","","1210","","unverified"
"cat","36","800コンパクタ","815B","3306","17Z","196K","870F/870FPW","207M","193×2","","1210","","unverified"
"cat","36","800コンパクタ","815F","3306TA","","196K","870FPW","207M","193H×2","","1210","","unverified"
"cat","36","800コンパクタ","815F","3176C","","","","","","","","","unverified"
"cat","36","800コンパクタ","815F2","C9","","","","","","","","","unverified"
"cat","36","800コンパクタ","816B","3306TA","15Z","196K","870FPW","207M","193H×2","","1210","","unverified"
"cat","36","800コンパクタ","816F","3306TA","5FN","196K","880PUW","207M","193H×2","","1210","","unverified"
"cat","36","800コンパクタ","816F","3176C","","","","","","","","","unverified"
"cat","36","800コンパクタ","816F2","C9","","","","","","","","","unverified"
"cat","36","800コンパクタ","824C","3406TA","85X","197K","880P/880PUW","","193H×2","","1210","","unverified"
"cat","36","800コンパクタ","824G","3406TA","85X","197K","880PUW","","193H×2","","1210","","unverified"
"cat","36","800コンパクタ","825B","D343","43N494~","194×2","977K×2","207M×2","193×2","","193","","unverified"
"cat","36","800コンパクタ","825C","3406","86X","197K","880P/880PUW","","193H×2","","1210","","unverified"
"cat","36","800コンパクタ","825G","3406C","6RN","197K","880PUW","","193H×2","","1210","","unverified"
"cat","37","800コンパクタ","825GⅡ","3406E","","","","","","","","","unverified"
"cat","37","800コンパクタ","825H","C15","","","","","","","","","unverified"
"cat","37","800コンパクタ","826B","D343","58U","194×2※","977K×2","207M×2","193×2","","193","","unverified"
"cat","37","800コンパクタ","826C","3406","87X","197K","880P/880PUW","","193H×2","","1210","","unverified"
"cat","37","800コンパクタ","826G","3406C","7NL","197K","880PUW","","193H×2","","1210","","unverified"
"cat","37","800コンパクタ","826GⅡ","3406E","","","","","","","","","unverified"
"cat","37","800コンパクタ","826H","C15","","","","","","","","","unverified"
"cat","37","800コンパクタ","834B","","","","","","","","","","unverified"
"cat","37","800コンパクタ","836","3408E","","","","","","","","","unverified"
"cat","37","800コンパクタ","836G","3456","","197K","6I2509+6I2510","207MH","150KBS","","","","unverified"
"cat","37","800コンパクタ","836H","C18","","","","","","","","","unverified"
"cat","37","WLホイルローダ・TTL・トラックタイプローダ","901B","K3M","W7A","200DH","837P","156-1200","207HS","","","","unverified"
"cat","37","WLホイルローダ・TTL・トラックタイプローダ","901B2","S3Q2","W7B","108","837P","156-1200","207HS","","","","unverified"
"cat","37","WLホイルローダ・TTL・トラックタイプローダ","901C","C1.8","W4T","103N-1","837P","156-1200","","","","","unverified"
"cat","37","WLホイルローダ・TTL・トラックタイプローダ","901C2","C1.7","","103N-1","837P","156-1200","5I8670","","","","unverified"
"cat","37","WLホイルローダ・TTL・トラックタイプローダ","902(C)","C1.7","","103N-1","837P","156-1200","5I8670","","","","unverified"
"cat","37","WLホイルローダ・TTL・トラックタイプローダ","902B","K3M","W8A","200DH","837P","156-1200","207HS","229-5269","","ST欄の淡色番号の後ろにも淡色表記あり（判読困難）","unverified"
"cat","37","WLホイルローダ・TTL・トラックタイプローダ","902B2","S3Q2","W8C","108","837P","156-1200","207HS","","","","unverified"
"cat","37","WLホイルローダ・TTL・トラックタイプローダ","902C","C2.4","","103N-1","837P","156-1200","","","","","unverified"
"cat","37","WLホイルローダ・TTL・トラックタイプローダ","902C2","C2.4","","103N-1","837PW","156-1200","5I8670","","","","unverified"
"cat","37","WLホイルローダ・TTL・トラックタイプローダ","903B","K3M","W8B","200DH","837P","156-1200","207HS","","","","unverified"
"cat","37","WLホイルローダ・TTL・トラックタイプローダ","903B2","S3Q2","W8D","108","837P","156-1200","207HS","","","","unverified"
"cat","37","WLホイルローダ・TTL・トラックタイプローダ","903(C)","","","103N-1","837P","156-1200","5I8670","","","","unverified"
"cat","37","WLホイルローダ・TTL・トラックタイプローダ","903C2","C2.4","","103N-1","","","","","","","unverified"
"cat","37","WLホイルローダ・TTL・トラックタイプローダ","907","C2.8","","","","","","","","","unverified"
"cat","37","WLホイルローダ・TTL・トラックタイプローダ","907M","C3.3B","DIT","103N-1","823PW","","150KBS","","","","unverified"
"cat","37","WLホイルローダ・TTL・トラックタイプローダ","910","3204","80U 40Y1~3519,41Y1~1287","103-3","823W","9L9100","1210","","1R0730","原本はSERIAL欄に「80U」と「40Y1~3519,41Y1~1287」を併記。AIR・HYD・TM欄は2段結合。HYD欄は「-1210」のように印字","unverified"
"cat","37","WLホイルローダ・TTL・トラックタイプローダ","910","3204","80U 40Y3520~,41Y1288~","103SS","823W","207M","1210","","1R0730","AIR・HYD・TM欄は2段結合（上段と共通）","unverified"
"cat","37","WLホイルローダ・TTL・トラックタイプローダ","910E","3114T","~1YK1799","121CG","840","207M","1R0735","","","TM欄に淡色の表記あり：9T9054? と読める（判読不確実・原本確認）","unverified"
"cat","37","WLホイルローダ・TTL・トラックタイプローダ","910F,E","3114T","1YK1800~","121CG","810TW","207M","1R0735","","1R0746","","unverified"
"cat","37","WLホイルローダ・TTL・トラックタイプローダ","910F(Ⅱ),G","3064","","121CG","810PW","204FN","1R0735","","","","unverified"
"cat","37","WLホイルローダ・TTL・トラックタイプローダ","910GⅡ","3064","B9X","121CG","823P","204FN","150KBS×2","","","","unverified"
"cat","37","WLホイルローダ・TTL・トラックタイプローダ","910H","C4.4","","103HR","823P","299-8229","150KBS","","WS306-7298","","unverified"
"cat","37","WLホイルローダ・TTL・トラックタイプローダ","910M","C4.4","","103HR","346-6687,6688","8960F+8959WS","421-5479","PCV339-1048","","","unverified"
"cat","37","WLホイルローダ・TTL・トラックタイプローダ","910Z","","","103SS","","9L9100","","","","","unverified"
"cat","37","WLホイルローダ・TTL・トラックタイプローダ","914G","3054","9WM,PS","103HR","810TW","1005593","150KBS","","","","unverified"
"cat","37","WLホイルローダ・TTL・トラックタイプローダ","914K","","","103N-1","823PW","","","","","","unverified"
"cat","37","WLホイルローダ・TTL・トラックタイプローダ","914M","C4.4","","","","","","","","","unverified"
"cat","38","WLホイルローダ・TTL・トラックタイプローダ","916(F)","3204","5KC","121CG","850F/850PW","207M","193H","","1R0746","","unverified"
"cat","38","WLホイルローダ・TTL・トラックタイプローダ","918F","3114T","5DL,PS","121CG","850PW","207M","193H","","9T5918?","TM欄の淡色番号は「9T5918」と読める（判読不確実・原本確認）","unverified"
"cat","38","WLホイルローダ・TTL・トラックタイプローダ","918M","C4.4","","","","","","","","","unverified"
"cat","38","WLホイルローダ・TTL・トラックタイプローダ","920","3204","75J","196/196K","850/850PW","207M","193/193H","","1210","","unverified"
"cat","38","WLホイルローダ・TTL・トラックタイプローダ","922B","","74J","196","850","207M","193","","196","OIL・AIR・HYD・TM欄は2段結合（共通）。TM欄は原本の印字どおり「196」","unverified"
"cat","38","WLホイルローダ・TTL・トラックタイプローダ","922B","","97A","196","850","596","193","","196","OIL・AIR・HYD・TM欄は2段結合（共通）。TM欄は原本の印字どおり「196」","unverified"
"cat","38","WLホイルローダ・TTL・トラックタイプローダ","922D","","","","","","","","","","unverified"
"cat","38","WLホイルローダ・TTL・トラックタイプローダ","922G","","","","","","","","","","unverified"
"cat","38","WLホイルローダ・TTL・トラックタイプローダ","922K","C32","","","","","","","","","unverified"
"cat","38","WLホイルローダ・TTL・トラックタイプローダ","924F(TUN)","3114","7PN","121CG","850PW","207M","193H","","9T5918?","TM欄の淡色番号は「9T5918」と読める（判読不確実・原本確認）","unverified"
"cat","38","WLホイルローダ・TTL・トラックタイプローダ","924Gz","3056","3PZ,3DZ","196K","809PW","131-1812+144501","126-1818","","150KBS","","unverified"
"cat","38","WLホイルローダ・TTL・トラックタイプローダ","924(Hz)","C6.6","","269-8325","9020PW","1R0770+299-8229","","","","","unverified"
"cat","38","WLホイルローダ・TTL・トラックタイプローダ","924K","C6.6","","","","","","","","","unverified"
"cat","38","WLホイルローダ・TTL・トラックタイプローダ","926(E)","3204","8NB","121CG","850F","207M","193H","","1R0730","","unverified"
"cat","38","WLホイルローダ・TTL・トラックタイプローダ","926(M)","C7.1","","","","","","","","","unverified"
"cat","38","WLホイルローダ・TTL・トラックタイプローダ","928(E)","3204","","121CG","850/850F","207M","193H","","1R0730","","unverified"
"cat","38","WLホイルローダ・TTL・トラックタイプローダ","928G","3116T","","196K","850PW","209F","193H","","9T5918?","OIL欄は2段結合（共通）。TM欄の淡色番号は「9T5918」と読める（判読不確実）","unverified"
"cat","38","WLホイルローダ・TTL・トラックタイプローダ","928G","3056E","","196K","809PW","145-4501","126-1818","","","OIL欄は2段結合（共通）","unverified"
"cat","38","WLホイルローダ・TTL・トラックタイプローダ","928F","3116","7YN","196K","850PW","207M","193H","","9T5918?","TM欄の淡色番号は「9T5918」と読める（判読不確実）","unverified"
"cat","38","WLホイルローダ・TTL・トラックタイプローダ","928K","","","197K","","207MH","","","","","unverified"
"cat","38","WLホイルローダ・TTL・トラックタイプローダ","930","3304","73U","196K","850/850PW","207M","193","","1210","","unverified"
"cat","38","WLホイルローダ・TTL・トラックタイプローダ","930E","","","121CG","","","","","","","unverified"
"cat","38","WLホイルローダ・TTL・トラックタイプローダ","930H","C6.6","","","","","","","","","unverified"
"cat","38","WLホイルローダ・TTL・トラックタイプローダ","930K","C6.6","","","","","","","","","unverified"
"cat","38","WLホイルローダ・TTL・トラックタイプローダ","930(M)","C7.1","","","","","","","","","unverified"
"cat","38","WLホイルローダ・TTL・トラックタイプローダ","931","","","103-3/103SS×2","823W","9L9100","1210","","1R0730","","unverified"
"cat","38","WLホイルローダ・TTL・トラックタイプローダ","931LGP","","8N,10N","103-3","823W","9L9100","1210","","1R0730","","unverified"
"cat","38","WLホイルローダ・TTL・トラックタイプローダ","931B","3204","25Y1~1549,29Y1~1197","103-3","823W","9L9100","1210","","1R0730","AIR・FUEL・HYD・TM欄は2段結合（共通）","unverified"
"cat","38","WLホイルローダ・TTL・トラックタイプローダ","931B","3204","25Y1550~,29Y1198~","103SS","823W","9L9100","1210","","1R0730","AIR・FUEL・HYD・TM欄は2段結合（共通）","unverified"
"cat","38","WLホイルローダ・TTL・トラックタイプローダ","931BLGP","3204","26Y1~440,30Y1~392","103-3","823W","9L9100","1210","","1R0730","AIR・FUEL・HYD・TM欄は3段結合（共通）","unverified"
"cat","38","WLホイルローダ・TTL・トラックタイプローダ","931BLGP","3204","26Y441~,30Y393~","103SS","823W","9L9100","1210","","1R0730","AIR・FUEL・HYD・TM欄は3段結合、OIL欄は下2段結合（共通）","unverified"
"cat","38","WLホイルローダ・TTL・トラックタイプローダ","931BLGP","3204","4SC,6EC","103SS","823W","9L9100","1210","","1R0730","AIR・FUEL・HYD・TM欄は3段結合、OIL欄は下2段結合（共通）","unverified"
"cat","38","WLホイルローダ・TTL・トラックタイプローダ","931C(DD,PS","3204","5LG,2BJ,6AJ","103SS","823W","207M","1210","","1R0746","型式は原本の印字どおり（閉じ括弧なし）","unverified"
"cat","38","WLホイルローダ・TTL・トラックタイプローダ","931C(LGP)","3204","6RF,2AK,PS","103SS","823W","207M","1210","","1R0746","","unverified"
"cat","38","WLホイルローダ・TTL・トラックタイプローダ","933(LGP)","3046","8FL,9EL,DPS","103-3","823W","204FN","1210","","1R0746","","unverified"
"cat","38","WLホイルローダ・TTL・トラックタイプローダ","933C","3046","HS","103-3","823W","204FN","1210","","2P5834?","TM欄の淡色番号は「2P5834」と読める（判読不確実・原本確認）","unverified"
"cat","38","WLホイルローダ・TTL・トラックタイプローダ","933K","C32","","","","","","","","","unverified"
"cat","38","WLホイルローダ・TTL・トラックタイプローダ","936(E)(F)","3304","4SB","196K","870F/870FPW","207M","193H×2","","2P5834?","TM欄の淡色番号は「2P5834」と読める（判読不確実・原本確認）","unverified"
"cat","38","WLホイルローダ・TTL・トラックタイプローダ","938F","3116","8SM,PS","196K","870FPW","209F","193H×2","","9T5918?","TM欄の淡色番号は「9T5918」と読める（判読不確実）","unverified"
"cat","38","WLホイルローダ・TTL・トラックタイプローダ","938G","3126TA","8RS","196K","870FPW/495BNTW","209FH","193H","","","","unverified"
"cat","39","WLホイルローダ・TTL・トラックタイプローダ","938GⅡ","3126B","B9Y","196K","977KPW","1R0762","193H","","T=150KBS","","unverified"
"cat","39","WLホイルローダ・TTL・トラックタイプローダ","938H","C6.6","","","","","","","","","unverified"
"cat","39","WLホイルローダ・TTL・トラックタイプローダ","938(M)","C7.1","","","","","","","","","unverified"
"cat","39","WLホイルローダ・TTL・トラックタイプローダ","939C","3046T","","","","","","","","","unverified"
"cat","39","WLホイルローダ・TTL・トラックタイプローダ","941","75H","","196","850","207M","1200×2","","","ENGINE欄は原本の印字どおり「75H」","unverified"
"cat","39","WLホイルローダ・TTL・トラックタイプローダ","941B","16U","","196K","850","207M","1200×2","","196","ENGINE欄は原本の印字どおり「16U」","unverified"
"cat","39","WLホイルローダ・TTL・トラックタイプローダ","950","3304","99A","196","850","596","193×2","","196","","unverified"
"cat","39","WLホイルローダ・TTL・トラックタイプローダ","950(B)","3304","","196K","850","207M","193×2","","1210","OIL・AIR・FUEL・TM欄は2段結合（共通）","unverified"
"cat","39","WLホイルローダ・TTL・トラックタイプローダ","950(B)","3304","3957~","196K","850","207M","193H×2","","1210","OIL・AIR・FUEL・TM欄は2段結合（共通）","unverified"
"cat","39","WLホイルローダ・TTL・トラックタイプローダ","950E","3304","65R","196K","870F/870FPW","207M","193H×2","","1R0730","","unverified"
"cat","39","WLホイルローダ・TTL・トラックタイプローダ","950F","3116T","1~1999","196K","870F","207M","193H×2","","9T9054","","unverified"
"cat","39","WLホイルローダ・TTL・トラックタイプローダ","950F,FX","3116T","2000~","196K","870FPW","209F","193H×2","","9T9054","OIL・FUEL・HYD欄は2段結合（共通）","unverified"
"cat","39","WLホイルローダ・TTL・トラックタイプローダ","950F,FX","3116T","2800~","196K","833TW","209F","193H×2","","9T9054","OIL・FUEL・HYD欄は2段結合（共通）","unverified"
"cat","39","WLホイルローダ・TTL・トラックタイプローダ","950G","3126TA","","196K","870FPW","209FH","","","","","unverified"
"cat","39","WLホイルローダ・TTL・トラックタイプローダ","950GⅡ","3126B","","196K","977KPW","209F","150KBS×2","","7X6041×2?","TM欄の淡色番号は「7X6041×2」と読める（判読不確実・原本確認）","unverified"
"cat","39","WLホイルローダ・TTL・トラックタイプローダ","950GC","C7.1","","","","","","","","","unverified"
"cat","39","WLホイルローダ・TTL・トラックタイプローダ","950H","C7","","","","","","","","","unverified"
"cat","39","WLホイルローダ・TTL・トラックタイプローダ","950K","C7.1","","","","","","","","","unverified"
"cat","39","WLホイルローダ・TTL・トラックタイプローダ","951","","92A","196","840","596","193","","","","unverified"
"cat","39","WLホイルローダ・TTL・トラックタイプローダ","951","","19H1669","196K","850","207M","9T5916","","9T5916","","unverified"
"cat","39","WLホイルローダ・TTL・トラックタイプローダ","951B","78J","","196","840","207M","1200×2","","","ENGINE欄は原本の印字どおり「78J」。OIL・FUEL・HYD欄は2段結合（共通）","unverified"
"cat","39","WLホイルローダ・TTL・トラックタイプローダ","951B","72J","","196","850","207M","1200×2","","","ENGINE欄は原本の印字どおり「72J」。OIL・FUEL・HYD欄は2段結合（共通）","unverified"
"cat","39","WLホイルローダ・TTL・トラックタイプローダ","951B","32F1~966","","196","850","207M","1200×2","196","1210","ENGINE欄は原本の印字どおり「32F1~966」。OIL欄は上2段結合、AIR・FUEL・HYD・ST・TM欄は3段結合（共通）","unverified"
"cat","39","WLホイルローダ・TTL・トラックタイプローダ","951B","15F","","196","850","207M","1200×2","196","1210","ENGINE欄は原本の印字どおり「15F」。OIL欄は上2段結合、AIR・FUEL・HYD・ST・TM欄は3段結合（共通）","unverified"
"cat","39","WLホイルローダ・TTL・トラックタイプローダ","951B","32F967~","","196K","850","207M","1200×2","196","1210","ENGINE欄は原本の印字どおり「32F967~」。AIR・FUEL・HYD・ST・TM欄は3段結合（共通）","unverified"
"cat","39","WLホイルローダ・TTL・トラックタイプローダ","951C","3304","19H1~1668","196","850","207M","1200×2","196","","AIR・FUEL・HYD・ST欄は3段結合（共通）","unverified"
"cat","39","WLホイルローダ・TTL・トラックタイプローダ","951C","3304","19H1669~","196K","850","207M","1200×2","196","","OIL欄は下2段結合。AIR・FUEL・HYD・ST欄は3段結合（共通）","unverified"
"cat","39","WLホイルローダ・TTL・トラックタイプローダ","951C","3304","32F1197~","196K","850","207M","1200×2","196","1210","OIL欄は下2段結合。AIR・FUEL・HYD・ST欄は3段結合（共通）","unverified"
"cat","39","WLホイルローダ・TTL・トラックタイプローダ","953(LPG)","44Z,78Y","HS","121CG","870F/870FPW","207M","193H","","193","ENGINE欄は原本の印字どおり「44Z,78Y」","unverified"
"cat","39","WLホイルローダ・TTL・トラックタイプローダ","953B(LPG)","3116","5MK,HS","196K","850PW","207M","193H","","4T3132?","TM欄の淡色番号は「4T3132」と読める（判読不確実・原本確認）","unverified"
"cat","39","WLホイルローダ・TTL・トラックタイプローダ","953C","3116","2ZN,HS","196K","850PW","209F","193H","HYD8J1600","9T0973?","TM欄の淡色番号は「9T0973」と読める（判読不確実・原本確認）","unverified"
"cat","39","WLホイルローダ・TTL・トラックタイプローダ","953C","3126B","","","","","","","","","unverified"
"cat","39","WLホイルローダ・TTL・トラックタイプローダ","953C","C9","","","","","","","","","unverified"
"cat","39","WLホイルローダ・TTL・トラックタイプローダ","953D","C6.6","","","","","","","","","unverified"
"cat","39","WLホイルローダ・TTL・トラックタイプローダ","955H","93A","","196","850","596","193","196","196","ENGINE欄は原本の印字どおり「93A」","unverified"
"cat","39","WLホイルローダ・TTL・トラックタイプローダ","955K,L","31J","","196","870","596","193×2","196","1210","ENGINE欄は原本の印字どおり「31J」。OIL欄は上2段結合、AIR・HYD・ST・TM欄は4段結合（共通）","unverified"
"cat","39","WLホイルローダ・TTL・トラックタイプローダ","955K,L","3304","71J1~3568","196","870","207M","193×2","196","1210","OIL欄は上2段結合、FUEL欄は下3段結合、AIR・HYD・ST・TM欄は4段結合（共通）","unverified"
"cat","39","WLホイルローダ・TTL・トラックタイプローダ","955K,L","3304","71J3569~","196K","870","207M","193×2","196","1210","OIL欄は下2段結合、FUEL欄は下3段結合、AIR・HYD・ST・TM欄は4段結合（共通）","unverified"
"cat","39","WLホイルローダ・TTL・トラックタイプローダ","955K,L","3304","71J5832~","196K","870","207M","193×2","196","1210","OIL欄は下2段結合、FUEL欄は下3段結合、AIR・HYD・ST・TM欄は4段結合（共通）","unverified"
"cat","39","WLホイルローダ・TTL・トラックタイプローダ","955L","3304","57M","196K","870","207M","193H×2","1210","1210","","unverified"
"cat","40","WLホイルローダ・TTL・トラックタイプローダ","956G","","5MW","196K","870FPW","209FH","","","","","unverified"
"cat","40","WLホイルローダ・TTL・トラックタイプローダ","960F","3116","6XL","196K","870FPW","6I4783","193H×2","","9T9054","","unverified"
"cat","40","WLホイルローダ・TTL・トラックタイプローダ","962G","3126TA","","196K","870FPW","209FH","150KBS","","","","unverified"
"cat","40","WLホイルローダ・TTL・トラックタイプローダ","962GⅡ","3126B","","196K","977KPW","1R0762","150KBS×2","","","","unverified"
"cat","40","WLホイルローダ・TTL・トラックタイプローダ","962H","C7","","","","","","","","","unverified"
"cat","40","WLホイルローダ・TTL・トラックタイプローダ","962K","C7.1","","","","","","","","","unverified"
"cat","40","WLホイルローダ・TTL・トラックタイプローダ","963(LPG)","3306","29S,48Z,HS","196K","880PUN","207M","193H×2","","4T3132","","unverified"
"cat","40","WLホイルローダ・TTL・トラックタイプローダ","963B(LPG)","3116","9BL","196K","880PUN","209F","193H×2","","4T3132","","unverified"
"cat","40","WLホイルローダ・TTL・トラックタイプローダ","963C","3116TA","","196K","880PUN","209F","193H×2","","4T3132","","unverified"
"cat","40","WLホイルローダ・TTL・トラックタイプローダ","963C","3126B","","","","","","","","","unverified"
"cat","40","WLホイルローダ・TTL・トラックタイプローダ","963D","C6.6","","","","","","","","","unverified"
"cat","40","WLホイルローダ・TTL・トラックタイプローダ","963K","C7.1","","","","","","","","","unverified"
"cat","40","WLホイルローダ・TTL・トラックタイプローダ","966","C9.3","","","","","","","","","unverified"
"cat","40","WLホイルローダ・TTL・トラックタイプローダ","966C","3306","76J1~4836","196","977K","207M","193×2","","1210","OIL欄は上3段結合、FUEL・TM欄は5段結合、HYD欄は上3段結合（共通）","unverified"
"cat","40","WLホイルローダ・TTL・トラックタイプローダ","966C","3306","76J4837~","196","870","207M","193×2","","1210","OIL欄は上3段結合、AIR欄は下4段結合、FUEL・TM欄は5段結合、HYD欄は上3段結合（共通）","unverified"
"cat","40","WLホイルローダ・TTL・トラックタイプローダ","966C","3306","78G1~500","196","870","207M","193×2","","1210","OIL欄は上3段結合、AIR欄は下4段結合、FUEL・TM欄は5段結合、HYD欄は上3段結合（共通）","unverified"
"cat","40","WLホイルローダ・TTL・トラックタイプローダ","966C","3306","78G501~","196K","870","207M","193H×2","","1210","OIL欄は下2段結合、AIR欄は下4段結合、FUEL・TM欄は5段結合（共通）","unverified"
"cat","40","WLホイルローダ・TTL・トラックタイプローダ","966C","3306","78G1001~","196K","870","207M","193H×4","","1210","OIL欄は下2段結合、AIR欄は下4段結合、FUEL・TM欄は5段結合（共通）","unverified"
"cat","40","WLホイルローダ・TTL・トラックタイプローダ","966D(E)","3306","35S,35S2524~","196K","870F/870FPW","207M","193H×4","","1210","","unverified"
"cat","40","WLホイルローダ・TTL・トラックタイプローダ","966F","3306","8BG00606~","196K","870F","207M","193H×4","","1210","","unverified"
"cat","40","WLホイルローダ・TTL・トラックタイプローダ","966F-Ⅱ","3306","","196K","870FPW","207M","193H×4","","150KBS","","unverified"
"cat","40","WLホイルローダ・TTL・トラックタイプローダ","966G","3306TA","8XW","196K","977KPW","207M","193H×4","","150KBS","","unverified"
"cat","40","WLホイルローダ・TTL・トラックタイプローダ","966GⅡ","3176","AXL,AWE","197K","880PNUW","1R0762+1R0770","","","","","unverified"
"cat","40","WLホイルローダ・TTL・トラックタイプローダ","966GC","C9.3B","","","","","","","","","unverified"
"cat","40","WLホイルローダ・TTL・トラックタイプローダ","966H","C11","A6J1~","197K","245-3818+3819?","1R0762+1R0770","225-4118?","144-0832?","1R-1800?","AIR・HYD・ST・TM欄は淡色の純正番号表記（判読不確実・原本確認）","unverified"
"cat","40","WLホイルローダ・TTL・トラックタイプローダ","970F","3306T","7PL","196K","977KPW","207M","193H×4","","1210","","unverified"
"cat","40","WLホイルローダ・TTL・トラックタイプローダ","972","C9.3","","","","","","","","","unverified"
"cat","40","WLホイルローダ・TTL・トラックタイプローダ","972G","3306TA","","196K","977KPW","207M","193H×4","","1210","","unverified"
"cat","40","WLホイルローダ・TTL・トラックタイプローダ","972GⅡ","3196","","197K","880PNUW","1R0762","","","150KBS","","unverified"
"cat","40","WLホイルローダ・TTL・トラックタイプローダ","972H排ガス","C13","C13","197K","245-3818+3819?","1R0762+1R0770","","144-0832?","1R-1800?","AIR・ST・TM欄は淡色の純正番号表記（判読不確実・原本確認）","unverified"
"cat","40","WLホイルローダ・TTL・トラックタイプローダ","973","3306","90L,HS","196K","880P/880PUN","207M","193H×2","","193","","unverified"
"cat","40","WLホイルローダ・TTL・トラックタイプローダ","973(LPG)","3306","91L,HS","196K","880P/880PUN","207M","193H×2","","193","","unverified"
"cat","40","WLホイルローダ・TTL・トラックタイプローダ","973(C)","3306","86G,HS","196K","880PUN","207M","193H×2","","4T3132","","unverified"
"cat","40","WLホイルローダ・TTL・トラックタイプローダ","977K","3306","76H","196","977K","596","193×2","193","193","","unverified"
"cat","40","WLホイルローダ・TTL・トラックタイプローダ","977K,L","3306","70J1~1697","196","977K","207M","193×2","193","193","","unverified"
"cat","40","WLホイルローダ・TTL・トラックタイプローダ","977L","3306","70J1698~","196K","977K","207M","193×2","193","193","OIL・AIR・FUEL・ST・TM欄は2段結合（共通）","unverified"
"cat","40","WLホイルローダ・TTL・トラックタイプローダ","977L","3306","95X","196K","977K","207M","193H×2","193","193","OIL・AIR・FUEL・ST・TM欄は2段結合（共通）","unverified"
"cat","40","WLホイルローダ・TTL・トラックタイプローダ","980","42H","","196×3","870×2","596×2","193","193×2","1210","ENGINE欄は原本の印字どおり「42H」","unverified"
"cat","41","WLホイルローダ・TTL・トラックタイプローダ","980B","","89P1~1829,1830?","196","870×2","207M","193","193×2","1210","SERIALは原本ではENGINE欄に極小文字で印字（判読困難・原本確認）。AIR～TM欄は上3段結合","unverified"
"cat","41","WLホイルローダ・TTL・トラックタイプローダ","980B","","89P1830~?","196K","870×2","207M","193","193×2","1210","SERIALは原本ではENGINE欄に極小文字で印字（判読困難・原本確認）。OIL欄は下3段結合、AIR～TM欄は上3段結合","unverified"
"cat","41","WLホイルローダ・TTL・トラックタイプローダ","980B","","89P1~1878","196K","870×2","207M","193","193×2","1210","SERIALは原本ではENGINE欄に印字。OIL欄は下3段結合、AIR～TM欄は上3段結合","unverified"
"cat","41","WLホイルローダ・TTL・トラックタイプローダ","980B","","89P1879~","196K","880P","207MF","193","193×2","1210","SERIALは原本ではENGINE欄に印字。OIL欄は下3段結合","unverified"
"cat","41","WLホイルローダ・TTL・トラックタイプローダ","980B(C)","63X","","197K","880P","","193H×4","","1210","ENGINE欄は原本の印字どおり「63X」","unverified"
"cat","41","WLホイルローダ・TTL・トラックタイプローダ","980C","3406","13B","197K","880PUW","9M2341?","193H×4","","1210","FUEL欄の淡色番号は「9M2341」と読める（判読不確実・原本確認）","unverified"
"cat","41","WLホイルローダ・TTL・トラックタイプローダ","980C-TUN","3406E1TA","","197K","880PUW","9M2341?","193H×4","","1210","FUEL欄の淡色番号は「9M2341」と読める（判読不確実・原本確認）","unverified"
"cat","41","WLホイルローダ・TTL・トラックタイプローダ","980F","3406","5XJ","197K","880P","","193H×4","","1210","","unverified"
"cat","41","WLホイルローダ・TTL・トラックタイプローダ","980F","3406E1TA","5XJ","197K","880PUW","","193H×4","","1210","","unverified"
"cat","41","WLホイルローダ・TTL・トラックタイプローダ","980F-Ⅱ","3406E1TA","5XJ","197K","880PUW","","193H×4","","1210","","unverified"
"cat","41","WLホイルローダ・TTL・トラックタイプローダ","980G","3406E1TA","2SR","197K","880PUW","207MH","193H×4","","1210","","unverified"
"cat","41","WLホイルローダ・TTL・トラックタイプローダ","980GⅡ","3406E","","","","","","","","","unverified"
"cat","41","WLホイルローダ・TTL・トラックタイプローダ","980H","C15","","197K","880PNUSW","1R0762+1R0770","","","","","unverified"
"cat","41","WLホイルローダ・TTL・トラックタイプローダ","982M","C13","","","","","","","","","unverified"
"cat","41","WLホイルローダ・TTL・トラックタイプローダ","983","38K","","194","890G","207M×2","193×3","193×2","193×2","ENGINE欄は原本の印字どおり「38K」","unverified"
"cat","41","WLホイルローダ・TTL・トラックタイプローダ","983","58X","","197K","880P","207MH","193H×2","193","193","ENGINE欄は原本の印字どおり「58X」","unverified"
"cat","41","WLホイルローダ・TTL・トラックタイプローダ","988","","87A1~1878","194","977K×2","596","193×2","193","193","SERIALは原本ではENGINE～SERIAL欄に印字。OIL・HYD・ST・TM欄は3段結合（共通）","unverified"
"cat","41","WLホイルローダ・TTL・トラックタイプローダ","988","","87A1879~","194","977K×2","207M×2","193×2","193","193","OIL・HYD・ST・TM欄は3段結合（共通）","unverified"
"cat","41","WLホイルローダ・TTL・トラックタイプローダ","988","","87A9075~","194","880PN","207M","193×2","193","193","OIL・HYD・ST・TM欄は3段結合（共通）","unverified"
"cat","41","WLホイルローダ・TTL・トラックタイプローダ","988B","3408","50W","197K×2","880PN/880PNUW","","1R0732×2","","1210","","unverified"
"cat","41","WLホイルローダ・TTL・トラックタイプローダ","988F","3408","8YG","197K×2","880PN","","1R0732×2","","1210","","unverified"
"cat","41","WLホイルローダ・TTL・トラックタイプローダ","988F-Ⅱ","3408","8YG","197K×2","880PNUW","","1R0732×2","","1210","","unverified"
"cat","41","WLホイルローダ・TTL・トラックタイプローダ","988G","3456","","197K×2","880PNUSW","207MH","167-2009","","150KBS×3","","unverified"
"cat","41","WLホイルローダ・TTL・トラックタイプローダ","988H","C18","C18-JE3-TAA","","","","","","","","unverified"
"cat","41","WLホイルローダ・TTL・トラックタイプローダ","988K","","","","","","","","","","unverified"
"cat","41","WLホイルローダ・TTL・トラックタイプローダ","990","3412","4FR","197K×2","880PNUW","","4T3134×2","","9W2933×2?","TM欄の淡色番号は「9W2933×2」と読める（判読不確実・原本確認）","unverified"
"cat","41","WLホイルローダ・TTL・トラックタイプローダ","990","3412E","7HK","197K×2","880PN×2/880PNUW","","4T3134×2","","1210","","unverified"
"cat","41","WLホイルローダ・TTL・トラックタイプローダ","990-Ⅱ","3412E","","","","","","","","","unverified"
"cat","41","WLホイルローダ・TTL・トラックタイプローダ","992","25K","","196×3","977K×2","596×4","193×2","1200","193","ENGINE欄は原本の印字どおり「25K」","unverified"
"cat","41","WLホイルローダ・TTL・トラックタイプローダ","992B","D348","25K1170~","191AN×3","880P","596×2","193×2","1R0728","193","","unverified"
"cat","41","WLホイルローダ・TTL・トラックタイプローダ","992C","3412","42X","197K×2","880PN×2","","1R0732×4","1R0732×2","193","OIL・HYD・ST欄は2段結合（共通）","unverified"
"cat","41","WLホイルローダ・TTL・トラックタイプローダ","992C","3412","49Z","197K×2","880PN×2/880PNUW×2","","1R0732×4","1R0732×2","193×2","OIL・HYD・ST欄は2段結合（共通）","unverified"
"cat","41","WLホイルローダ・TTL・トラックタイプローダ","992D","3412","7MJ","197K×2","880PN×2","","1R0732×4","","193","OIL・HYD欄は2段結合（共通）","unverified"
"cat","41","WLホイルローダ・TTL・トラックタイプローダ","992D","3412","7MJ","197K×2","880PNUW×2","","1R0732×4","","193×2","OIL・HYD欄は2段結合（共通）","unverified"
"cat","41","WLホイルローダ・TTL・トラックタイプローダ","992G","3508B","7HR","197K×2","123-6855+6856","1R0755×2","9T0973","","132-8876?","TM欄の淡色番号は「132-8876」と読める（判読不確実・原本確認）","unverified"
"cat","41","WLホイルローダ・TTL・トラックタイプローダ","992G","3508B","","","","","","","","","unverified"
"cat","41","WLホイルローダ・TTL・トラックタイプローダ","994","3516","9YF","197K×4","7W5313+6N644×4","1R0755×2","4T3132×2","193H×2","193×2","","unverified"
"cat","41","WLホイルローダ・TTL・トラックタイプローダ","994F","3516B","","","","","","","","","unverified"
"cat","41","WLホイルローダ・TTL・トラックタイプローダ","AF240","KE150","","106S","837N","532-65","","","","","unverified"
"cat","41","WLホイルローダ・TTL・トラックタイプローダ","AF300","KE150T","","106","837N","532-65","","","","","unverified"
"cat","42","ミニフル","BD2C","","","399","408H","599","58673-15100","51727-02101","","","unverified"
"cat","42","ミニフル","BD2D","","88456~","103-3","408H","564","58673-15100?","51727-02101","","HYD欄の淡色番号は「58670-15100」とも読める（判読不確実）","unverified"
"cat","42","ミニフル","BD2D","","~88455,88466~89170","399","408H","564","58673-15100","51727-02101","","SERIAL欄の前半は極小文字（判読困難）で「~88455」と読める","unverified"
"cat","42","ミニフル","BD2E","","","103-3","408D","564","58873-15100?","51727-02101","","HYD欄の淡色番号は判読不確実","unverified"
"cat","42","ミニフル","BD2F","","DD,DPS","103-3","836NW","564K","58873-12200","51727-02101","","","unverified"
"cat","42","ミニフル","BD2GⅡ(P)","S4E2","DD","103-3","836NW","564K","58873-12200","","203C","ST欄に淡色の表記あり（判読困難・原本確認）","unverified"
"cat","42","ミニフル","BD2H(E)","S4S","TPS","209SS","836N","564K","58873-12200","","","ST欄に淡色の表記あり（判読困難・原本確認）","unverified"
"cat","42","ミニフル","BD2J","","DD,","209SS","836N","564K","58873-12200","","","","unverified"
"cat","42","ミニフル","BD2JⅡ","S4S","","209SS","836N","564K","","","108S","TM欄は「108S」と読める（最後の文字は「S」か「8」か判読不確実・原本確認）","unverified"
"cat","42","ミニフル","BD3C","","","399","408H","599","58673-15100","51727-02101","","","unverified"
"cat","42","ミニフル","BS3D","","88456~88465,89171~","103-3/399","408H/408D","564","58673-15100","51727-02101","","","unverified"
"cat","42","ミニフル","BD3J","","DD,","209SS","836N","564K","58873-12200","","","","unverified"
"cat","42","ミニフル","BD3JⅡ","S4S","","","","","","","","","unverified"
"cat","42","ミニフル","BD3H","","DD,","209SS","836N","564K","58873-12200","","","","unverified"
"cat","42","ミニフル","BS3E","","","103-3","408D","564K","58673-15100","51727-02101","","","unverified"
"cat","42","ミニフル","BS3F","","DD,DPS","103-3","836NW","564K/564","58673-15100","51727-02101","","","unverified"
"cat","42","ミニフル","BS3G","S4E2","DD","103-3","836NW","564K","58873-12200","","203/203C","","unverified"
"cat","42","ミニフル","BS3H(E,J)","S4S","DPS","209SS","836N","564K","58873-12200","","","","unverified"
"cat","42","ミニフル","BS6","","","322N","835","565","58673-15100","","","","unverified"
"cat","42","ミニフル","BS300","","","203","837N-190","532","52673-00500","","","","unverified"
"cat","42","TTT,ロー,ハイスポロケットタイプ","D3","3204","79U,82U","103-3","823W","9L9100","1210","","","","unverified"
"cat","42","TTT,ロー,ハイスポロケットタイプ","D3LGP","3204","6N,83U","103-3","823W","9L9100","1210","","","","unverified"
"cat","42","TTT,ロー,ハイスポロケットタイプ","D3B","3204","23Y,27Y","103-3","823W","9L9100","1210","","","AIR・FUEL・HYD欄は2段結合（共通）","unverified"
"cat","42","TTT,ロー,ハイスポロケットタイプ","D3B","3204","23Y1166~,27Y1543~","103SS","823W","9L9100","1210","","","AIR・FUEL・HYD欄は2段結合（共通）","unverified"
"cat","42","TTT,ロー,ハイスポロケットタイプ","D3BLGP","3204","24Y,28Y","103-3","823W","9L9100","1210","","","AIR・HYD欄は4段結合、FUEL欄は上3段結合（共通）","unverified"
"cat","42","TTT,ロー,ハイスポロケットタイプ","D3BLGP","3204","24Y1061~,28Y834~","103SS","823W","9L9100","1210","","","OIL欄は下3段結合、AIR・HYD欄は4段結合、FUEL欄は上3段結合（共通）","unverified"
"cat","42","TTT,ロー,ハイスポロケットタイプ","D3BLGP","3204","3YC,5MC","103SS","823W","9L9100","1210","","1R0730","OIL欄は下3段結合、AIR・HYD欄は4段結合、FUEL欄は上3段結合、TM欄は下2段結合（共通）","unverified"
"cat","42","TTT,ロー,ハイスポロケットタイプ","D3BLGP","3204","1PJ,5CJ,","103SS","823W","207M","1210","","1R0730","OIL欄は下3段結合、AIR・HYD欄は4段結合、TM欄は下2段結合（共通）","unverified"
"cat","42","TTT,ロー,ハイスポロケットタイプ","D3C(LGP)","3204","DD,DPS,PS","103SS","823W","207M/204FN","1210","","1R0730","","unverified"
"cat","42","TTT,ロー,ハイスポロケットタイプ","D3C-Ⅲ","3046","","","","","","","","","unverified"
"cat","42","TTT,ロー,ハイスポロケットタイプ","D3GLGP","3046T","CLB1~","103-3","180-5474+5475","209F","150KBS","","150KBS","","unverified"
"cat","42","TTT,ロー,ハイスポロケットタイプ","D3GL","","CXT~","103-3","180-5474+5475","228-9130","144-6691","","150KBS","","unverified"
"cat","42","TTT,ロー,ハイスポロケットタイプ","D3KLGP","","C4.4","","","","","","","原本では「C4.4」がSERIAL欄の位置に印字","unverified"
"cat","42","TTT,ロー,ハイスポロケットタイプ","D3K2(XL・LGP)","","C4.4","103HR","346-6687+346-6688","360-6572+363-6572","348-1861+348-1862","","","原本では「C4.4」がSERIAL欄の位置に印字。TM欄に淡色の表記あり（判読困難・原本確認）","unverified"
"cat","42","TTT,ロー,ハイスポロケットタイプ","D3S","3046","HS","103-3","823W","204FN","","","1R0730","","unverified"
"cat","42","TTT,ロー,ハイスポロケットタイプ","D3SLGP","3046","DPS,HS","103-3","823W","204FN","1210","","1R0730","SERIAL欄は「DPS」「HS」の2段表記（他の欄は共通）","unverified"
"cat","42","TTT,ロー,ハイスポロケットタイプ","D4C","3204","PS","103SS","823W","207M","","","150KBS×?","TM欄の「×」の後ろが紙端で欠け（原本確認）","unverified"
"cat","43","TTT,ロー,ハイスポロケットタイプ","D4C(LGP)","3204","PS","103SS","823W","207M","1210","","1R0730","AIR・HYD・TM欄は2段結合（共通）","unverified"
"cat","43","TTT,ロー,ハイスポロケットタイプ","D4C(LGP)","","S,6YL,6FS,8EL,7SL,7NS","103-3","823W","204FN","1210","","1R0730","SERIALは原本ではENGINE～SERIAL欄にまたがって印字。AIR・HYD・TM欄は2段結合（共通）","unverified"
"cat","43","TTT,ロー,ハイスポロケットタイプ","D4C-Ⅲ","3046","","","","","","","","","unverified"
"cat","43","TTT,ロー,ハイスポロケットタイプ","D4D","3304","65J1~1337","196","850","207M","1200","","","","unverified"
"cat","43","TTT,ロー,ハイスポロケットタイプ","D4D","3304","65J1338~","196K","850","207M","1200","","","","unverified"
"cat","43","TTT,ロー,ハイスポロケットタイプ","D4DLGP","","47H1~415,417,418,66J1~2171,2173","196","850","207M","1200","","","AIR・FUEL・HYD欄は2段結合（共通）","unverified"
"cat","43","TTT,ロー,ハイスポロケットタイプ","D4DLGP","","66J2172,2174~,47H416,419~","196K","850","207M","1200","","1210","AIR・FUEL・HYD欄は2段結合（共通）。TM欄の1210は下段のみ","unverified"
"cat","43","TTT,ロー,ハイスポロケットタイプ","D4E(LGP)","3304","DO,PS","196K","850/850PW","207M","1200","","1210","","unverified"
"cat","43","TTT,ロー,ハイスポロケットタイプ","D4GLGP","3046T","","103-3","180-5474+5475","228-9130","144-6691","","","","unverified"
"cat","43","TTT,ロー,ハイスポロケットタイプ","D4H","3304T","DO,PS","121CG","850F","207M","1210","","1210","","unverified"
"cat","43","TTT,ロー,ハイスポロケットタイプ","D4HLGP","3304T","DO,PS","121CG/196K","850F","207M","1210","","1210","","unverified"
"cat","43","TTT,ロー,ハイスポロケットタイプ","D4KLGP","C4.4","","","","","","","","","unverified"
"cat","43","TTT,ロー,ハイスポロケットタイプ","D4K2(XL・LGP)","C4.4","","","","","","","","","unverified"
"cat","43","TTT,ロー,ハイスポロケットタイプ","D5","","97J1~373","196","870","207M","1200×2","1210","1210","OIL欄は上2段結合、AIR・FUEL・HYD・ST・TM欄は4段結合（共通）","unverified"
"cat","43","TTT,ロー,ハイスポロケットタイプ","D5","","67J1~764","196","870","207M","1200×2","1210","1210","OIL欄は上2段結合、AIR・FUEL・HYD・ST・TM欄は4段結合（共通）","unverified"
"cat","43","TTT,ロー,ハイスポロケットタイプ","D5","","97J374~","196K","870","207M","1200×2","1210","1210","OIL欄は下2段結合、AIR・FUEL・HYD・ST・TM欄は4段結合（共通）","unverified"
"cat","43","TTT,ロー,ハイスポロケットタイプ","D5","","67J765~","196K","870","207M","1200×2","1210","1210","OIL欄は下2段結合、AIR・FUEL・HYD・ST・TM欄は4段結合（共通）","unverified"
"cat","43","TTT,ロー,ハイスポロケットタイプ","D5LGP","","68J1~1907","196","870","207M","1200×2","1210","1210","AIR・FUEL・HYD・TM欄は2段結合（共通）","unverified"
"cat","43","TTT,ロー,ハイスポロケットタイプ","D5LGP","","68J1908~","196K","870","207M","1200×2","","1210","AIR・FUEL・HYD・TM欄は2段結合（共通）。ST欄の1210は上段のみ","unverified"
"cat","43","TTT,ロー,ハイスポロケットタイプ","D5B","3306","DO","196K","870","207M","1200×2","","1210","AIR・FUEL・HYD・TM欄は3段結合（共通）","unverified"
"cat","43","TTT,ロー,ハイスポロケットタイプ","D5B","3306","48X1~","196","870","207M","1200×2","","1210","AIR・FUEL・HYD・TM欄は3段結合（共通）","unverified"
"cat","43","TTT,ロー,ハイスポロケットタイプ","D5B","3306","PS","196K","870","207M","1200×2","","1210","AIR・FUEL・HYD・TM欄は3段結合（共通）","unverified"
"cat","43","TTT,ロー,ハイスポロケットタイプ","D5BLGP","3306","49X1~","196K","870","207M","1200×2","","1210","","unverified"
"cat","43","TTT,ロー,ハイスポロケットタイプ","D5CLGP","3204","PS","103SS","823W","207M","1210","","1R0746","","unverified"
"cat","43","TTT,ロー,ハイスポロケットタイプ","D5C(2)LGP","3046","PS","103-3","823W","204FN","1210","","207M","TM欄は原本の印字どおり「207M」","unverified"
"cat","43","TTT,ロー,ハイスポロケットタイプ","D5C-Ⅲ","3046T","","","","","","","","","unverified"
"cat","43","TTT,ロー,ハイスポロケットタイプ","D5GLGP","3046T","","103-3","180-5474+5475","209F","144-6691","","","","unverified"
"cat","43","TTT,ロー,ハイスポロケットタイプ","D5H","","3MD1,4KD1,1YD1,2SD1~","196K","870F","207M","4T0522","","1210","SERIALは原本ではENGINE～SERIAL欄にまたがって印字","unverified"
"cat","43","TTT,ロー,ハイスポロケットタイプ","D5H(Ⅱ)(LGP","3304","DO,PS","196K","870F","207M","1R0735","","1210","型式は原本の印字どおり（閉じ括弧なし）","unverified"
"cat","43","TTT,ロー,ハイスポロケットタイプ","D5KLGP","","C4,4","","","","","","","原本では「C4,4」がSERIAL欄の位置に印字","unverified"
"cat","43","TTT,ロー,ハイスポロケットタイプ","D4K2(XL・LGP)","","C4.4","","","","","","","原本では「C4.4」がSERIAL欄の位置に印字（同ページ上段にも同型式あり）","unverified"
"cat","43","TTT,ロー,ハイスポロケットタイプ","D5MDPSLGP","3116T","","196K","850PW","209F","1210","","132-8875?","TM欄の淡色番号は「132-8875」と読める（判読不確実・原本確認）","unverified"
"cat","43","TTT,ロー,ハイスポロケットタイプ","D5N","3126B","","1R1807","870FPW","1R0762","1R0735","","","","unverified"
"cat","43","TTT,ロー,ハイスポロケットタイプ","D6B","37H","","196×2","850","596","1200×2","","","ENGINE欄は原本の印字どおり「37H」","unverified"
"cat","43","TTT,ロー,ハイスポロケットタイプ","D6BLGP","38H","","196×2","850","596","1200×2","","","ENGINE欄は原本の印字どおり「38H」","unverified"
"cat","43","TTT,ロー,ハイスポロケットタイプ","D6C","","26K1~793","196","870","207M","1200×2","193","193","FUEL・HYD・ST・TM欄は複数段結合（共通）","unverified"
"cat","43","TTT,ロー,ハイスポロケットタイプ","D6C","","26K794~921","196","880P","207M","1200×2","193","193","AIR欄は2段結合。FUEL・HYD・ST・TM欄は複数段結合（共通）","unverified"
"cat","43","TTT,ロー,ハイスポロケットタイプ","D6C","","26K922~","196K","880P","207M","1200×2","193","193","AIR欄は2段結合。FUEL・HYD・ST・TM欄は複数段結合（共通）","unverified"
"cat","43","TTT,ロー,ハイスポロケットタイプ","D6C","","69J1~1988","196","870","207M","1200×2","193","193","FUEL・HYD・ST・TM欄は複数段結合（共通）","unverified"
"cat","43","TTT,ロー,ハイスポロケットタイプ","D6C","","69J1989~2201","196","880P","207M","1200×2","193","193","FUEL・HYD・ST・TM欄は複数段結合（共通）","unverified"
"cat","44","TTT,ロー,ハイスポロケットタイプ","D6C","","69J2202~","196K","880P","207M","1200×2","193","193","HYD・ST・TM欄は2段結合（共通）","unverified"
"cat","44","TTT,ロー,ハイスポロケットタイプ","D6C","","96A","196×2","870","596","1200×2","193","193","HYD・ST・TM欄は2段結合（共通）","unverified"
"cat","44","TTT,ロー,ハイスポロケットタイプ","D6CLGP","","90B1~694","196","880P","207M","1200×2","193","193","","unverified"
"cat","44","TTT,ロー,ハイスポロケットタイプ","D6CLGP","","49W,90B695~","196K","880P","207M","1200×2","193","193","","unverified"
"cat","44","TTT,ロー,ハイスポロケットタイプ","D6D","3306","DO,PS","196K","880P","207M","1200×2","","193×2","","unverified"
"cat","44","TTT,ロー,ハイスポロケットタイプ","D6DLGP","3306","DO,PS","196K","880P/880PUW","207M","1200×2","","193×2","","unverified"
"cat","44","TTT,ロー,ハイスポロケットタイプ","D6H","3306T","2KD1,1KD1,3ED1,8FC1~","196K","870F","207M","9T8638×2?","","193","SERIAL欄は極小文字（判読不確実）。HYD欄の淡色番号は「9T8638×2」と読める（判読不確実・原本確認）","unverified"
"cat","44","TTT,ロー,ハイスポロケットタイプ","D6HLGP","3306T","PS","196K","870F","207M","1R0735","","193","","unverified"
"cat","44","TTT,ロー,ハイスポロケットタイプ","D6H-2(LGP)","3306","PS","196K","870F","207M","1R0735","","193","","unverified"
"cat","44","TTT,ロー,ハイスポロケットタイプ","D6H","3306T","DO","196K","870F","207M","1R0735/4T6788","","193","","unverified"
"cat","44","TTT,ロー,ハイスポロケットタイプ","D6HLGP","3306T","DO","196K","870F/870FPW","207M","1R0735/4T6788","","193","","unverified"
"cat","44","TTT,ロー,ハイスポロケットタイプ","D6K","","JDS","","","","","","","","unverified"
"cat","44","TTT,ロー,ハイスポロケットタイプ","D6MPSLPG","3116T","","196K","870FPW","209F","1R0735","","193","","unverified"
"cat","44","TTT,ロー,ハイスポロケットタイプ","D6N","3126B","CBL,CCS,CBF,CCG,JDS","196K","870FPW","1R0762","1R0735","","132-8875?","TM欄の淡色番号は判読不確実","unverified"
"cat","44","TTT,ロー,ハイスポロケットタイプ","D6RDPSLPG","3306T","","196K","870FPW","209F","1R0735","","193","","unverified"
"cat","44","TTT,ロー,ハイスポロケットタイプ","D6R","3116T","","196K","870FPW","207M","1R0735","","193","","unverified"
"cat","44","TTT,ロー,ハイスポロケットタイプ","D6RⅡ","C9","","197K","870FPW","1R0762+1R0770","1R0735","9T8999","132-8875?","TM欄の淡色番号は判読不確実","unverified"
"cat","44","TTT,ロー,ハイスポロケットタイプ","D6RⅢ","C9","","197K","870FPW","1R0762","","","","","unverified"
"cat","44","TTT,ロー,ハイスポロケットタイプ","D7SU/LGPS","C9.3","","","","","","","","","unverified"
"cat","44","TTT,ロー,ハイスポロケットタイプ","D7E","","79A,95A","194※","","596","193","193×2","193×2","","unverified"
"cat","44","TTT,ロー,ハイスポロケットタイプ","D7Eエレクトリック","C9.3","STD,","","","","","","","","unverified"
"cat","44","TTT,ロー,ハイスポロケットタイプ","D7F","","91E1~831,92E1~1249","196","870F","207M","193","193×2","193×2","AIR・FUEL・HYD欄は2段結合（共通）","unverified"
"cat","44","TTT,ロー,ハイスポロケットタイプ","D7F","","91E832~,92E1250~","196K","870F","207M","193","193","193","AIR・FUEL・HYD欄は2段結合（共通）","unverified"
"cat","44","TTT,ロー,ハイスポロケットタイプ","D7G","3306T","64V,65V","196K","870F","207M","193H","193","193","","unverified"
"cat","44","TTT,ロー,ハイスポロケットタイプ","D7GLGP","","44W,45W","196K","870F/870FPW","207M","193H","193","193","","unverified"
"cat","44","TTT,ロー,ハイスポロケットタイプ","D7HLGP","3306T","4AB1,5WB1,2SB1,82Z1~","196K","870F","207M","1R0735","","193","SERIAL欄は小さい文字（判読やや不確実）","unverified"
"cat","44","TTT,ロー,ハイスポロケットタイプ","D7H-2","3306T","PS","196K","870F","207M","193","","193","","unverified"
"cat","44","TTT,ロー,ハイスポロケットタイプ","D7HLGP","3306T","PS","196K","870F/870FPW","207M","193","","193","","unverified"
"cat","44","TTT,ロー,ハイスポロケットタイプ","D7RDSLPG","3306TA","","196K","870FPW","207M","1R0735","","193","","unverified"
"cat","44","TTT,ロー,ハイスポロケットタイプ","D7RⅡ","3176C-SCAC","","","","","","","","","unverified"
"cat","44","TTT,ロー,ハイスポロケットタイプ","D8H","","36A4469~","196×2","880H","596×2","193","193×2","193×2","HYD・ST・TM欄は2段結合（共通）","unverified"
"cat","44","TTT,ロー,ハイスポロケットタイプ","D8H","","46A29450~","197K","880P","207M","193","193×2","193×2","HYD・ST・TM欄は2段結合（共通）","unverified"
"cat","44","TTT,ロー,ハイスポロケットタイプ","D8K","77V,76V","","197K×2","880P/880PUW","207M×2","193H","193×2","193×2","ENGINE欄は原本の印字どおり「77V,76V」","unverified"
"cat","44","TTT,ロー,ハイスポロケットタイプ","D8L","3408","PS、53Y","197K","","207MH","7J0670","1200","1210","AIR欄は淡色の純正番号表記：7W5313+6N6444/6I2507+6I2508 のように見える（判読不確実・原本確認）","unverified"
"cat","44","TTT,ロー,ハイスポロケットタイプ","D8N","3406","PS9TC1~","197K","880P","207MH","193","","193","OIL・FUEL欄は2段結合（共通）","unverified"
"cat","44","TTT,ロー,ハイスポロケットタイプ","D8N","3406","PS5TJ","197K","880P/880PUW","207MH","1R0735","","4T3131","OIL・FUEL欄は2段結合（共通）","unverified"
"cat","44","TTT,ロー,ハイスポロケットタイプ","D8R","3406C","","197K","880PNUW","207MH","1R0735","","4T3131","","unverified"
"cat","44","TTT,ロー,ハイスポロケットタイプ","D8RⅡ","3406E","","","","","","","","","unverified"
"cat","44","TTT,ロー,ハイスポロケットタイプ","D8T","C15","","","","","","","","","unverified"
"cat","45","TTT,ロー,ハイスポロケットタイプ","D9G","","66A9418~9949","194×2※","890G","596×2","193","193×2","193×2","OIL・HYD・ST・TM欄は3段結合（共通）","unverified"
"cat","45","TTT,ロー,ハイスポロケットタイプ","D9G","","66A9950~","194×2※","890G","207M×2","193","193×2","193×2","OIL・HYD・ST・TM欄は3段結合、FUEL欄は下2段結合（共通）","unverified"
"cat","45","TTT,ロー,ハイスポロケットタイプ","D9G","","66A11908~","194×2※","880PN","207M×2","193","193×2","193×2","OIL・HYD・ST・TM欄は3段結合、FUEL欄は下2段結合（共通）","unverified"
"cat","45","TTT,ロー,ハイスポロケットタイプ","D9H","90V","","197K","880PN/880PNUW","207M×2","193","193×2","193×2","ENGINE欄は原本の印字どおり「90V」","unverified"
"cat","45","TTT,ロー,ハイスポロケットタイプ","D9L","3412","14Y","197K×2","880PUHW","207MH×2","1R0735×2","1210","1200×2","AIR欄「880PUHW」の前に淡色の純正番号表記あり（判読困難・原本確認）","unverified"
"cat","45","TTT,ロー,ハイスポロケットタイプ","D9N","3408","1JD1~","197K×2","","207MH","7J0670","","1210","OIL欄は2段結合（共通）。AIR欄は淡色表記「7W5313+6N6444」、FUEL欄は淡色表記「2W2154+2000B?」と読める（判読不確実・原本確認）","unverified"
"cat","45","TTT,ロー,ハイスポロケットタイプ","D9N","3408","6XJ","197K×2","880PUHW","207MH","1R0735×2","","1200×2","OIL欄は2段結合（共通）。AIR欄「880PUHW」の前に淡色の純正番号表記あり（判読困難）","unverified"
"cat","45","TTT,ロー,ハイスポロケットタイプ","D9R","3408C","","197K×2","6I2507+6I2508","207MH×2","1R0735×2","4T3131","1210×2","","unverified"
"cat","45","TTT,ロー,ハイスポロケットタイプ","D9T","C18","","","","","","","","","unverified"
"cat","45","TTT,ロー,ハイスポロケットタイプ","D10","D348","84W","197K×2","880P×2/880PUHW","207MH×2","1R0735×2","193×2","193×2","","unverified"
"cat","45","TTT,ロー,ハイスポロケットタイプ","D10N","3412","3SK","197K×2","7W9053+7W9567?","207MH×2","1R0735×2","","1200×2","OIL・FUEL・TM欄は2段結合（共通）。AIR欄の淡色番号は判読不確実（原本確認）","unverified"
"cat","45","TTT,ロー,ハイスポロケットタイプ","D10N","3412","2YD","197K×2","","207MH×2","7J0670×2","","1200×2","OIL・FUEL・TM欄は2段結合（共通）。AIR欄は淡色表記「7W9053+7W9567/1R0716?」と読める（判読不確実・原本確認）","unverified"
"cat","45","TTT,ロー,ハイスポロケットタイプ","D10R","3412E","","197K×2","495BHW","207MH×2","","","","","unverified"
"cat","45","TTT,ロー,ハイスポロケットタイプ","D10T","C27","","","","","","","","","unverified"
"cat","45","TTT,ロー,ハイスポロケットタイプ","D11N","3508","74Z1~,4HK","197K×2","880PN×2/880PUW","1R0715×2","7J0670×2","","193×2","","unverified"
"cat","45","TTT,ロー,ハイスポロケットタイプ","D11R","3508","","","","","","","","","unverified"
"cat","45","ダンプ・トラック","D20D","9MG","","","","","","","","ENGINE欄は原本の印字どおり「9MG」","unverified"
"cat","45","ダンプ・トラック","D25D","3306","1HK","196K","880P","207M","193×3","","1210","","unverified"
"cat","45","ダンプ・トラック","D30D","3306","3AJ","196K","880P","207M","193×3","","1210","","unverified"
"cat","45","ダンプ・トラック","D40D","3406","2JJ","197K","880P","207MH","193×3","","1210","","unverified"
"cat","45","ダンプ・トラック","D210","","","138-1","491NNA","529D","","","","","unverified"
"cat","45","ダンプ・トラック","D250D","3116","6NG","196K","977K","207M","193","","1210","","unverified"
"cat","45","ダンプ・トラック","D250E","3306TA","5TN","","","","","","","","unverified"
"cat","45","ダンプ・トラック","D300D","3306","5MG","196K","880P","207M","193","","1210","","unverified"
"cat","45","ダンプ・トラック","D300E","3306TA","7FN","","","","","","","","unverified"
"cat","45","ダンプ・トラック","D350C","3306","8XC","196K","880P","207M","193×3","","1210","","unverified"
"cat","45","ダンプ・トラック","D350D","3306","9RF","196K","880P","207M","193×2","","1210","","unverified"
"cat","45","ダンプ・トラック","D350E","3406TA","9LR","","","","","","","","unverified"
"cat","45","ダンプ・トラック","D400D","3406","8TF","197K","880P","","193×3","","1210","","unverified"
"cat","45","ダンプ・トラック","D400E","3406TA","2YR","","","","","","","","unverified"
"cat","45","ダンプ・トラック","DB31","","","135","401B","529N","","","","","unverified"
"cat","45","ダンプ・トラック","DC-L1000BS(BR)","","","","","","","","","","unverified"
"cat","45","ダンプ・トラック","DC-SL1100BD-M26","","","138","495P","208MF","","","","","unverified"
"cat","45","ダンプ・トラック","DC-L1100BDM33","8DC11","","","","","","","","","unverified"
"cat","45","ダンプ・トラック","AD200A(D)","6D22","1D0,1D1","138","490NNA","207MF","92775-01610","","1114K","","unverified"
"cat","45","ダンプ・トラック","DH10","","","106S","","532-65","","","","","unverified"
"cat","45","ダンプ・トラック","DH24","","","135","","529N","","","","","unverified"
"cat","46","HE油圧ショベル","E40B","4D31,4D32","3CG1~,7YF","200D+322K","836NR","106SFN","","","","HYD欄に淡色の純正番号表記あり：1N5570?1000 のように見える（判読不確実・原本確認）","unverified"
"cat","46","HE油圧ショベル","E70","4D31","3CG1~","200D+322K","836N","106SFN","137YN","207HS","","","unverified"
"cat","46","HE油圧ショベル","E70B","4D32","7YF","200D+322K","836NR","106SFN","137YN","207HS","317HS","","unverified"
"cat","46","HE油圧ショベル","E100B","","","","","","","","","","unverified"
"cat","46","HE油圧ショベル","E110","4D31","3GG1~","200D+322K","823N","106FN","180HR","207HS","","","unverified"
"cat","46","HE油圧ショベル","E110B","S4K","9HF","165K","823NR","204FN","180HR","207HS","317HS","","unverified"
"cat","46","HE油圧ショベル","E120","6D14","1MF1~","137W","823N","204FN","180HR","207HS","","","unverified"
"cat","46","HE油圧ショベル","E120B","S4K","7NF","165K","823NR","204FN","180HR","207HS","317HS","","unverified"
"cat","46","HE油圧ショベル","E140","6D14","1PF1~","137W","823N","204FN","180HR","207HS","","","unverified"
"cat","46","HE油圧ショベル","E(L)180","6D14","2BF1~,4HF1~","137W","810N/494K","204FN","150-450","207HS","","","unverified"
"cat","46","HE油圧ショベル","E(L)200B","S6K","4SG1~,5EG","165KH","810T","204FN","150-450","207HS","317HS","","unverified"
"cat","46","HE油圧ショベル","E(L)240","6D15","2BF1~,4HF1~","137K","810N","204FN","150-450","207HS","317HS","FUEL・HYD・TM欄は2段結合（共通）","unverified"
"cat","46","HE油圧ショベル","E(L)240","6D15","2HF1~,4MF1~","137W","494K","204FN","150-450","","317HS","FUEL・HYD・TM欄は2段結合（共通）。ST欄は下段のみ空欄","unverified"
"cat","46","HE油圧ショベル","E(L)240B","3116","9PF,6MG,1CK1~","196K","833TW","207M","150-450","207HS","317HS","OIL・AIR・HYD・ST・TM欄は2段結合（共通）","unverified"
"cat","46","HE油圧ショベル","E(L)240B","3116","1CK5248~","196K","833TW","209F","150-450","207HS","317HS","OIL・AIR・HYD・ST・TM欄は2段結合（共通）","unverified"
"cat","46","HE油圧ショベル","E(L)300","6D22","1KG1~,4SF1~","138","490NN","207MF","150-450","207HS","","","unverified"
"cat","46","HE油圧ショベル","E(L)300B","3306","2HJ,1GK","196K","815NTW","207M","150-450","207HS","317HS","","unverified"
"cat","46","HE油圧ショベル","E320","7JK","","","822PW","","","","","ENGINE欄は原本の印字どおり「7JK」","unverified"
"cat","46","HE油圧ショベル","EL360B","","","","","","","","","","unverified"
"cat","46","HE油圧ショベル","E450","6D22","3JG1~","138","495B","207MF","150-450×2","207HS×2","317HS","","unverified"
"cat","46","HE油圧ショベル","E650","S6B","3LG","138","7Y1196+7Y1197","529N","150-450×3","207HS×3","317HS","","unverified"
"cat","46","HE油圧ショベル","M26(B)","6D24","","138","490NN","207MF","","","","","unverified"
"cat","46","HE油圧ショベル","M26","6D24","","138","495BNTW","207MF","","","","","unverified"
"cat","46","HE油圧ショベル","M26C","6D24","","","","","","","","","unverified"
"cat","46","HE油圧ショベル","MS010","K3B,KC2","","203","YMA-2","32CD","","","","","unverified"
"cat","46","HE油圧ショベル","MS020","K3E","#1003~","203","YMA-2","32CD","","","","","unverified"
"cat","46","HE油圧ショベル","MS02M","K3E","","203","837N","32CD","207HS","","","","unverified"
"cat","46","HE油圧ショベル","MS03M","S2E","~#70","203","837N","","207HS","","","OIL・AIR・HYD欄は2段結合（共通）。FUEL欄は上段空欄","unverified"
"cat","46","HE油圧ショベル","MS03M","K4D","#71~","203","837N","30-58","207HS","","","OIL・AIR・HYD欄は2段結合（共通）","unverified"
"cat","46","HE油圧ショベル","MS030","K4D","","203","837N","30-58","207HS","","","","unverified"
"cat","46","HE油圧ショベル","MS035","K4E","","203","837N","30-58","207HS","","","","unverified"
"cat","46","HE油圧ショベル","MS040","K4M","","108/203","836N","50-90","","","","","unverified"
"cat","46","HE油圧ショベル","MS04M-1","4DQ50C","","103-3","836N","564","90-180","","","","unverified"
"cat","46","HE油圧ショベル","MS04M-2","4DQ50C","","103-3","836N","564","90-180","","","","unverified"
"cat","46","HE油圧ショベル","MS04M-3","4DQ50C","#1929~","103-3","836N","564","90-180","","","OIL・AIR・HYD欄は2段結合（共通）","unverified"
"cat","46","HE油圧ショベル","MS04M-3","4DQ50C","~#1930","103-3","836N","564K","90-180","","","OIL・AIR・HYD欄は2段結合（共通）。SERIALは原本の印字どおり「~#1930」","unverified"
"cat","46","HE油圧ショベル","MS04M-8","4DQ50C","","103-3","836N","564K","90-180","","","","unverified"
"cat","46","HE油圧ショベル","MS20","KE31","","G51N","837N","551N","90-180","","","","unverified"
"cat","47","HE油圧ショベル","MS30","3AD1","","200S","","516B","","","","","unverified"
"cat","47","HE油圧ショベル","MS062","4DR50C","","322N","836N","564","90-180","","","","unverified"
"cat","47","HE油圧ショベル","MS070","4D30C","","323","836N","565","180H","","","","unverified"
"cat","47","HE油圧ショベル","MS070USR-8","4DQ50C","","103-3","836N","564K","90-180","","","","unverified"
"cat","47","HE油圧ショベル","MS070-2","4D30C","~#2903","323","836N","565","180H","","","AIR・HYD欄は3段結合（共通）","unverified"
"cat","47","HE油圧ショベル","MS070-2","4D30C","#2904~5136","323","836N","106FN","180H","","","AIR・HYD欄は3段結合、FUEL欄は下2段結合（共通）","unverified"
"cat","47","HE油圧ショベル","MS070-2","4D30C","#5137~","200D+322K","836N","106FN","180H","","","AIR・HYD欄は3段結合、FUEL欄は下2段結合（共通）","unverified"
"cat","47","HE油圧ショベル","MS070L-2","4D30C","~#174","323","836N","565","180H","","","AIR・HYD欄は3段結合（共通）","unverified"
"cat","47","HE油圧ショベル","MS070L-2","4D30C","#175~208","323","836N","106FN","180H","","","AIR・HYD欄は3段結合、FUEL欄は下2段結合（共通）","unverified"
"cat","47","HE油圧ショベル","MS070L-2","4D31C","#209~","200D+322K","836N","106FN","180H","","","AIR・HYD欄は3段結合、FUEL欄は下2段結合（共通）","unverified"
"cat","47","HE油圧ショベル","MS070-8","4D31C","","200D+322K","836N","106FN","137YN","","","","unverified"
"cat","47","HE油圧ショベル","MS070U-8","4D31C","","200D+322K","836N","106FN","137YN","","","","unverified"
"cat","47","HE油圧ショベル","MS070P-8","4D31C","","200D+322K","836N","106FN","137YN","","","","unverified"
"cat","47","HE油圧ショベル","MS080W","4D30C","","323","823N","106FN","137YN","","","","unverified"
"cat","47","HE油圧ショベル","MS090","4D31C","","200D+322K","836N","106FN","137YN","","","","unverified"
"cat","47","HE油圧ショベル","MS090W","4D31C","","200D","823N","106FN","137YN","","","","unverified"
"cat","47","HE油圧ショベル","MS090WD","4D31C","","200D","823N","106FN","137YN","","","","unverified"
"cat","47","HE油圧ショベル","MS090-8","4D31C","","200D+322K","836N","106FN","137YN","207HS","","","unverified"
"cat","47","HE油圧ショベル","MS110","6DS70C","#101~5660","137","823N","599","7754022","","","OIL・AIR・FUEL欄は2段結合（共通）","unverified"
"cat","47","HE油圧ショベル","MS110","6DS70C","#5661~","137","823N","599","137YN","","","OIL・AIR・FUEL欄は2段結合（共通）","unverified"
"cat","47","HE油圧ショベル","MS110L","6DS70C","#101~1140","137","823N","599","7754022","","","OIL・AIR・FUEL欄は2段結合（共通）","unverified"
"cat","47","HE油圧ショベル","MS110L","6DS70C","#1141~","137","823N","599","137YN","","","OIL・AIR・FUEL欄は2段結合（共通）","unverified"
"cat","47","HE油圧ショベル","MS110-2","6DS70C","","137","823N","599","137YN","","","","unverified"
"cat","47","HE油圧ショベル","MS110L-2","6DS70C","","137","823N","599","137YN","","","","unverified"
"cat","47","HE油圧ショベル","MS110-3","6DS70C","~#5624","137","823N","565","137YN","","","OIL・AIR・HYD欄は2段結合（共通）","unverified"
"cat","47","HE油圧ショベル","MS110-3","6DS70C","#5625~","137","823N","106FN","137YN","","","OIL・AIR・HYD欄は2段結合（共通）","unverified"
"cat","47","HE油圧ショベル","MS110L-3","6DS70C","~#913","137","823N","565","137YN","","","OIL・AIR・FUEL・HYD欄は2段結合（共通）","unverified"
"cat","47","HE油圧ショベル","MS110L-3","6DS70C","#914~","137","823N","565","137YN","","","OIL・AIR・FUEL・HYD欄は2段結合（共通）","unverified"
"cat","47","HE油圧ショベル","MS110-5","4D30CT","~#1170","323","810N","106FN","180HR","207HS","","AIR・FUEL・HYD・ST欄は2段結合（共通）","unverified"
"cat","47","HE油圧ショベル","MS110-5","4D30CT","#1171~","200D+322K","810N","106FN","180HR","207HS","","AIR・FUEL・HYD・ST欄は2段結合（共通）","unverified"
"cat","47","HE油圧ショベル","MS110L-5","4D30CT","~#279","323","810N","106FN","180HR","207HS","","AIR・FUEL・HYD・ST欄は2段結合（共通）","unverified"
"cat","47","HE油圧ショベル","MS110L-5","4D30CT","#280~","200D+322K","810N","106FN","180HR","207HS","","AIR・FUEL・HYD・ST欄は2段結合（共通）","unverified"
"cat","47","HE油圧ショベル","MS110(L)-8","4D30CT","","200D+322K","823N","106FN","180HR","207HS","","","unverified"
"cat","47","HE油圧ショベル","MS110W","6DS70C","#101~160","137","823N","599","4654430","","","OIL・AIR・FUEL欄は2段結合（共通）","unverified"
"cat","47","HE油圧ショベル","MS110W","6DS70C","#161~","137","823N","599","137YN","","","OIL・AIR・FUEL欄は2段結合（共通）","unverified"
"cat","47","HE油圧ショベル","MS110W-2","6DS70C","","137","823N","106FN","137YN","","","","unverified"
"cat","47","HE油圧ショベル","MS120","6DS70C","#101~895","137","823N","106FN","180HR","C45400800","","OIL・AIR欄は4段結合、FUEL・HYD欄は上2段結合（共通）","unverified"
"cat","47","HE油圧ショベル","MS120","6DS70C","#896~","137","823N","106FN","180HR","207HS","","OIL・AIR欄は4段結合、FUEL・HYD欄は上2段結合、ST欄は下3段結合（共通）","unverified"
"cat","47","HE油圧ショベル","MS120","6DS70C","~#1582","137","823N","565","180HR","207HS","","OIL・AIR欄は4段結合、HYD欄は下2段結合、ST欄は下3段結合（共通）","unverified"
"cat","47","HE油圧ショベル","MS120","6DS70C","#1583~","137","823N","106FN","180HR","207HS","","OIL・AIR欄は4段結合、HYD欄は下2段結合、ST欄は下3段結合（共通）","unverified"
"cat","48","HE油圧ショベル","MS120-2","6D14C","~#3310","137M","810N","322F-2","180HR","207HS","","AIR・HYD・ST欄は2段結合（共通）","unverified"
"cat","48","HE油圧ショベル","MS120-2","6D14C","#3311~","137W","810N","204FN","180HR","207HS","","AIR・HYD・ST欄は2段結合（共通）","unverified"
"cat","48","HE油圧ショベル","MS120-8","6D14C","","137W","823N","204FN","180HR","207HS","","","unverified"
"cat","48","HE油圧ショベル","MS140","6DS70C","#101~830","137","823N","565","180HR","C45400800","","OIL・AIR・HYD欄は3段結合、FUEL欄は上2段結合（共通）","unverified"
"cat","48","HE油圧ショベル","MS140","6DS70C","#831~1004","137","823N","565","180HR","207HS","","OIL・AIR・HYD欄は3段結合、FUEL欄は上2段結合、ST欄は下2段結合（共通）","unverified"
"cat","48","HE油圧ショベル","MS140","6DS70C","#1005~","137","823N","106FN","180HR","207HS","","OIL・AIR・HYD欄は3段結合、ST欄は下2段結合（共通）","unverified"
"cat","48","HE油圧ショベル","MS140-2","6D14C","~#1610","137M","810N","322F-2","180HR","207HS","","AIR・HYD・ST欄は2段結合（共通）","unverified"
"cat","48","HE油圧ショベル","MS140-2","6D14C","#1611~","137W","810N","204FN","180HR","207HS","","AIR・HYD・ST欄は2段結合（共通）","unverified"
"cat","48","HE油圧ショベル","MS140-8","6D14C","","137W","823N","204FN","180HR","207HS","","","unverified"
"cat","48","HE油圧ショベル","MS160","6DS70C","","137","823N","599","4654430","","","","unverified"
"cat","48","HE油圧ショベル","MS160","6D11C","","137M","810N","565","180H×2","","","","unverified"
"cat","48","HE油圧ショベル","MS180-2","6D11C,6D15C","","137M","810N","322F-2","180H×2","","","","unverified"
"cat","48","HE油圧ショベル","MS180-3","6D15C","~#1721","137M","810N","322F-2","180HR","207HS","","AIR・HYD・ST欄は2段結合（共通）","unverified"
"cat","48","HE油圧ショベル","MS180-3","6D15C","#1722~","137W","810N","204FN","180HR","207HS","","AIR・HYD・ST欄は2段結合（共通）","unverified"
"cat","48","HE油圧ショベル","MS180-8","6D14CT","","137W","810N","204FN","150-450","207HS","","","unverified"
"cat","48","HE油圧ショベル","MS210-8","6D14CT","","137W","810N","204FN","150-450","207HS","","","unverified"
"cat","48","HE油圧ショベル","MS230","6DB10C","","135","810N","529D","4857070","","","","unverified"
"cat","48","HE油圧ショベル","MS230-2","6D20C","","138","490NN","529D","180HR","104NF","","","unverified"
"cat","48","HE油圧ショベル","MS230-3","6D22C","","138","490NN","529D","180HR","104NF","","","unverified"
"cat","48","HE油圧ショベル","MS240-8","6D15CT","","137W","810N","204FN","150-450","207HS","","","unverified"
"cat","48","HE油圧ショベル","MS270","8DC20C","","136N","495BA","529D-2","4857070","","","","unverified"
"cat","48","HE油圧ショベル","MS280","8DC20C","","138","495B","529D-2","180HR","F15402300","","","unverified"
"cat","48","HE油圧ショベル","MS280-2","6D22CT","","138","490NN","529D","150-450","207HS","","","unverified"
"cat","48","HE油圧ショベル","MS300-8","6D22C","","138","490NN","207MF","","","","","unverified"
"cat","48","HE油圧ショベル","MS380","8DC60(61,81)C","","138","495B","529D-2","150-450","","","","unverified"
"cat","48","HE油圧ショベル","MS380-2","6D22CT","#301~#333","138","490NN","529D","150-450","207HS","","OIL・AIR・HYD・ST欄は2段結合（共通）","unverified"
"cat","48","HE油圧ショベル","MS380-2","6D22CT","#334~","138","490NN","207MF","150-450","207HS","","OIL・AIR・HYD・ST欄は2段結合（共通）","unverified"
"cat","48","HE油圧ショベル","MS450-8","6D22CTC","","138","490NN","207MF","150-450","207HS","","","unverified"
"cat","48","HE油圧ショベル","MS580","SA6","E#=~12458","165K","491NN","529","150-450","207HS","","AIR・FUEL・HYD・ST欄は2段結合（共通）","unverified"
"cat","48","HE油圧ショベル","MS580","SA6","E#=12459~","135N","491NN","529","150-450","207HS","","AIR・FUEL・HYD・ST欄は2段結合（共通）","unverified"
"cat","48","HE油圧ショベル","MS650-8","SA6","","150K","491NN","165FN","150-450","207HS","","","unverified"
"cat","48","WLホイルローダ","IT12B","3204","PS","103SS","823W","9L9100","1200×2","","1R0730","","unverified"
"cat","48","WLホイルローダ","IT12F","3114T","PS","121CG","810TW","204FN","1R0735","","1R0746","","unverified"
"cat","48","WLホイルローダ","IT12F(2)","3064","","121CG","810TW","204FN","","","","","unverified"
"cat","48","WLホイルローダ","IT14B","3114T","PS","121CG","840A+7C1062","207M","1R0735","","1R0730","","unverified"
"cat","48","WLホイルローダ","IT14F","3114T","PS","121CG","810TW","207M","1R0735","","9T9054","","unverified"
"cat","48","WLホイルローダ","IT18B","3204T","PS","121CG","850F/850PW","207M","193H","","1R0730","","unverified"
"cat","48","WLホイルローダ","IT28B(P)","3204T","PS","121CG","850F/850PW","207M","193H","","1R0730","","unverified"
"cat","49","ホイルローダ","WS3","","","103-3","836N","564","","","","HYD欄・ST欄に淡色の純正番号表記あり：HYD 58673-15100?／ST ?2?00500 のように見える（判読不確実・原本確認）","unverified"
"cat","49","ホイルローダ","WS200","4G33","PS4WA5","203C","837N-190","32CD","6219H","","203","","unverified"
"cat","49","ホイルローダ","WS200A","S3E9","PS4WA0","103-3","837N-190","564K","6219H","","203","","unverified"
"cat","49","ホイルローダ","WS200AⅡ","K4F","PS4WA","203C","837N-190","564K","6219H","","203","","unverified"
"cat","49","ホイルローダ","WS200G","S2E2","1W0","203","837N-190","532","52673-00500?","","","HYD欄の淡色番号は判読不確実（原本確認）","unverified"
"cat","49","ホイルローダ","WS210","K4F","HST8W0","203C","837FR","32E/564K","207HS","","121C-200","","unverified"
"cat","49","ホイルローダ","WS210Ⅱ","K4F","8W002001~","200DH","837FR","32E/564K","207HS","","","","unverified"
"cat","49","ホイルローダ","WS210Ⅲ","K4F","8W003001~","200DH","837FR","32E/564K","207HS","","","","unverified"
"cat","49","ホイルローダ","WS210A","","8W005001~","200DH","837FR","564K","207HS","","","","unverified"
"cat","49","ホイルローダ","WS300","S2E2","PS2W0","103-3","836N","564K","6219H","","","","unverified"
"cat","49","ホイルローダ","WS300A","S3E9","PS5W0","103-3","836N","564K","6219H","","203","","unverified"
"cat","49","ホイルローダ","WS300AⅡ","K4F","PS5WA","203C","836N","564K","6219H","","203","","unverified"
"cat","49","ホイルローダ","WS310","K4F","HST7W0","203C","837FR","32E/564K","","","53875-02800","","unverified"
"cat","49","ホイルローダ","WS310Ⅱ","K4F","7W002001~","200DH","837FR","32E/564K","","","","","unverified"
"cat","49","ホイルローダ","WS310Ⅲ","K4F","7W003001~","200DH","837FR","32E/564K","","","","","unverified"
"cat","49","ホイルローダ","WS400","S4E2","DD3W0,PS3W1","103-3","836N","564K","6219H","","51727-02100","","unverified"
"cat","49","ホイルローダ","WS400AⅡ","K4F","PS5WA5","203C","836N","564K","6219H","","203","","unverified"
"cat","49","ホイルローダ","WS410","K4F","HST7W5","203C","837FR","32E/564K","53875-02800","","","","unverified"
"cat","49","ホイルローダ","WS410Ⅱ","K4F","7W502001~","200DH","837FR","32E/564K","","","","","unverified"
"cat","49","ホイルローダ","WS410Ⅲ","K4F","7W503001~","200DH","837FR","32E/564K","","","","","unverified"
"cat","49","ホイルローダ","WS500","S4K2","DD3W5","103-3","836N","564K","91275-13300","","","OIL・AIR・FUEL欄は2段結合（共通）","unverified"
"cat","49","ホイルローダ","WS500","S4K2","PS3W6","103-3","836N","564K","6219H","","51727-02100","OIL・AIR・FUEL欄は2段結合（共通）","unverified"
"cat","49","ホイルローダ","WS500AⅡ","S4K","PS6W0","200D","823NH(A)","564K","91875-11400","","65625-05300","","unverified"
"cat","49","ホイルローダ","WS500B","S4K","","200D","823NH(A)","564K","91875-11400","","65625-05300","","unverified"
"cat","49","ホイルローダ","WS500B(E)","S4K","","200D","823NH(A)","564K","91875-11400","","65625-05300","","unverified"
"cat","49","ホイルローダ","WS510(A)","S4K","9W","200D","823P","564K","91875-11400","","","","unverified"
"cat","49","ダンプ・トラック","LD25","","","203","837N-190","532","52673-00500","","","","unverified"
"cat","49","ダンプ・トラック","LD35","","","103-3","836N","564","58873-1220051?","727-02100?","","HYD・ST欄の淡色番号は判読不確実（HYDは「58873-12200」、STは「51727-02100」の可能性・原本確認）","unverified"
"cat","49","ダンプ・トラック","LD350","S4E2","","103-3","836N","564K","","","","","unverified"
"cat","49","ダンプ・トラック","LD400","S6S","","209S","823NHR","204FN","50A73-00500","","","","unverified"
"cat","49","ダンプ・トラック","LD410","","","","","","","","","","unverified"
"cat","49","ダンプ・トラック","LD700","6D16","","137K","494T","204FN","91875-11400","","","","unverified"
"cat","49","ダンプ・トラック","LD700E","6D16","","137K","","207MF","","","","","unverified"
"cat","49","ダンプ・トラック","LD1000","6D22","1LO","138","490NNA","207MF","","50C75-1411?","","ST欄の淡色番号は判読不確実（原本確認）","unverified"
"cat","49","ダンプ・トラック","LD1000B","6D22","","138","490NNA","207MF","","","","","unverified"
"cat","49","ダンプ・トラック","LD1000E","6HK1X","","","","","","","","","unverified"
"cat","49","ダンプ・トラック","LD1000C","6D22","","138","490NNA","207MF","","","","","unverified"
"cat","49","ダンプ・トラック","LD1000D","6D24TE1","","138","","207MF","","","","","unverified"
"cat","50","ダンプ・トラック","LD1000E","6HK1X","","121CZ","","109HFN","","","","","unverified"
"cat","50","ダンプ・トラック","LG(H)","6DB10C","7313~","135×2/209SS","810N","529/529N","58673-15100","","","","unverified"
"cat","50","ダンプ・トラック","MA02","K3E","","203","837N-190","32CD","","","","","unverified"
"cat","50","ダンプ・トラック","MA35","K4M","","200DH","836N","50-90","","","","","unverified"
"cat","50","ダンプ・トラック","MC30","","","150K","","","","","","","unverified"
"cat","50","ダンプ・トラック","MC220","","","","","","","","","","unverified"
"cat","50","ダンプ・トラック","MC230","3126B","","","","","","","","","unverified"
"cat","50","ダンプ・トラック","MC230Ⅱ","C7","VERSION2","","","","","","","","unverified"
"cat","50","ダンプ・トラック","MCD9G","","","","","","","","","","unverified"
"cat","50","ダンプ・トラック","MCD10","6D16","","137K","","204FN","","","","","unverified"
"cat","50","MFアスファルトフィニッシャ","MF24B","4DQ50C","A7F","103-3","836N","564K","","","","","unverified"
"cat","50","MFアスファルトフィニッシャ","MF24D","S4Q","","203","","","","","","","unverified"
"cat","50","MFアスファルトフィニッシャ","MF30","4DQ50C","1255~","322N","499N","106SFN","","","","","unverified"
"cat","50","MFアスファルトフィニッシャ","MF31(W)B","4DR5","A5G","200D","836P","106SFN","","","","","unverified"
"cat","50","MFアスファルトフィニッシャ","MF31(W)D","4M40","","322DW","836P","106FN","","","","","unverified"
"cat","50","MFアスファルトフィニッシャ","MF35D","4M50","","","","","","","","","unverified"
"cat","50","MFアスファルトフィニッシャ","MF40(W)","4DQ50C","7108~","322N","499N","106SFN","","","","","unverified"
"cat","50","MFアスファルトフィニッシャ","MF40B","4DR5","A6G","200D","836P","106SFN","","","","","unverified"
"cat","50","MFアスファルトフィニッシャ","MF40WB","4DR5","","200D","836P","106SFN","","","","","unverified"
"cat","50","MFアスファルトフィニッシャ","MF40WH","4D32","A4F","200D+322K","836NR","106SFN","","","","","unverified"
"cat","50","MFアスファルトフィニッシャ","MF40M","4DQ50C","4181~","322N","499N","106SFN","","","","","unverified"
"cat","50","MFアスファルトフィニッシャ","MF41(W)D","4M40","","322DW","836P","106FN","","","","","unverified"
"cat","50","MFアスファルトフィニッシャ","MF43(W)D","4M40","","322DW","836P","106FN","","","","","unverified"
"cat","50","MFアスファルトフィニッシャ","MF44WB","4D32","A4G","200D+322K","836NR","106SFN","","","","","unverified"
"cat","50","MFアスファルトフィニッシャ","MF44WD-Ⅱ","3064","","196K","823P","209F","","","","","unverified"
"cat","50","MFアスファルトフィニッシャ","MF45H","4D31T","A8A","200D+322K","823N/823NR","106FN","","","","","unverified"
"cat","50","MFアスファルトフィニッシャ","MF45W","4D31T","8049~","322N","499N","106FN","","","","","unverified"
"cat","50","MFアスファルトフィニッシャ","MF45WE","4M40","","121CGD","836P","312-1699","NE5011011","","317HK","","unverified"
"cat","50","MFアスファルトフィニッシャ","MF45WH","4D31T","0005~","200D+322K","823N/823NR","106FN","","","","","unverified"
"cat","50","MFアスファルトフィニッシャ","MF55WH","4D31T","A1F,A2F","200D+322K","823N/823NR","106FN","","","","","unverified"
"cat","50","MFアスファルトフィニッシャ","MF55H","4D31T","A3F,A4F","200D+322K","823N/823NR","106FN","","","","","unverified"
"cat","50","MFアスファルトフィニッシャ","MF60B","4D31T","A8F,A9F","200D+322K","823N/823NR","106FN","","","","","unverified"
"cat","50","MFアスファルトフィニッシャ","MF60WB","4D31T","A1G,A2G","200D+322K","823N/823NR","106FN","","","","","unverified"
"cat","50","MFアスファルトフィニッシャ","MF60(W)D-(T)V","4D34T","95/1,950","200D+322K","823N/823NR","106FN","","","","SERIALは原本の印字どおり「95/1,950」","unverified"
"cat","50","MFアスファルトフィニッシャ","MF61(W)D-(T)V","4D34T","","200D+322K/322DW","823N/823NR","106FN","","","","","unverified"
"cat","50","MFアスファルトフィニッシャ","MF61(W)E","3064","","196K","823P","209F","","","","","unverified"
"cat","50","MFアスファルトフィニッシャ","MF61WF","C4.2","","","","","","","","","unverified"
"cat","50","MFアスファルトフィニッシャ","MFR","4KF","","203C","837N-190","564K","","","","","unverified"
"cat","51","MHIモーターグレーダ","MG3","","","135×2","815N","529","???","","","HYD欄に薄い文字あり（読めない）","checked"
"cat","51","MHIモーターグレーダ","MG3H","7373~","","135×2","810N","529","???","","","HYD欄に薄い文字あり（読めない）","checked"
"cat","51","MHIモーターグレーダ","MG100","S6E2","1GO","103-3","823N","564K","???","","","HYD欄に薄い文字あり（読めない）","checked"
"cat","51","MHIモーターグレーダ","MG130","S4K","1GA","165K","810T","204FN","12400H","","???","TM欄に薄い文字あり（読めない）","checked"
"cat","51","MHIモーターグレーダ","MG130(E)","S4K","1GA","165K","810T","204FN","12400H","","","","checked"
"cat","51","MHIモーターグレーダ","MG150","S6E2T","1G1","103-3","494K","564K","???","","","HYD欄に薄い文字あり（読めない）","checked"
"cat","51","MHIモーターグレーダ","MG200","6D15C","2G0","137W","815NNA","204FN","???","","","HYD欄に薄い文字あり（読めない）","checked"
"cat","51","MHIモーターグレーダ","MG230","6D31","2GA","121CG+322K","810T","204FN","12400H","","207N","","checked"
"cat","51","MHIモーターグレーダ","MG230(E)","6D31","2GA,2GB","323KWD","810T","204FN","12400H","???","","ST欄に薄い文字あり（読めない）","checked"
"cat","51","MHIモーターグレーダ","MG230Ⅱ","6D34","","323KWD","810T","204FN ?","12400H","???","","FUEL欄は原文に「?」あり。ST欄に薄い文字あり（読めない）","checked"
"cat","51","MHIモーターグレーダ","MG230Ⅲ","C4.4","","103CH","810TW","???","12400H","","207N","FUEL欄に薄い文字あり（読めない）","checked"
"cat","51","MHIモーターグレーダ","MG300","6DB1","3G0","135N","810N","529D","???","","???","HYD欄・TM欄に薄い文字あり（読めない）","checked"
"cat","51","MHIモーターグレーダ","MG330(E)","6D16","3GA","137K","494KW","204FN","12400H","","207N","","checked"
"cat","51","MHIモーターグレーダ","MG330Ⅱ","6D16","","","","","","","","","checked"
"cat","51","MHIモーターグレーダ","MG330Ⅲ","6M60TLE3B","","","","","","","","","checked"
"cat","51","MHIモーターグレーダ","MG350","6D14","6G0","137W","815NN","204FN","???","","207N","HYD欄に薄い文字あり（読めない）","checked"
"cat","51","MHIモーターグレーダ","MG400","6D22C","","138","815NNA","207MF/529D","???","","","HYD欄に薄い文字あり（読めない）","checked"
"cat","51","MHIモーターグレーダ","MG430","6D22","4GA","138","494K","207MF","12400H","","207N","","checked"
"cat","51","MHIモーターグレーダ","MG430(E)","6D24","4GB","138","494K","207MF","12400H","","207N","","checked"
"cat","51","MHIモーターグレーダ","MG430Ⅱ","6D16","","137K","494KWA","204FN","","","","","checked"
"cat","51","MHIモーターグレーダ","MG500","6D22","5G0","138","495BHW","207MF","12400H","","1114K","","checked"
"cat","51","MHIモーターグレーダ","MG500Ⅱ","","","","","","","","","","checked"
"cat","51","MHIモーターグレーダ","MG500S","6D22","5G1","138","495BHW","207MF","12400H","","1114K","","checked"
"cat","51","MHIモーターグレーダ","MG500S(E)","6D24","5GA","138","495BHW","207MF","12400H","","1114K","","checked"
"cat","51","MHIモーターグレーダ","MG500SⅡ","6D24","","138","","207MF","","","","","checked"
"cat","51","MHIモーターグレーダ","MG630","6D22","5G2","138","495BHW","207MF","12400H","","1114K","","checked"
"cat","51","MHIモーターグレーダ","MG630(E)","6D24","5GA","138","495BHW","207MF","12400H","","","","checked"
"cat","51","MHIモーターグレーダ","MG830(G)","6D24","","138","495BHW","207MF","12400H","","1114K","","checked"
"cat","51","MHIモーターグレーダ","MGP25E","S4Q2","","","","","","","","","checked"
"cat","51","MHIモーターグレーダ","MGP45E","S4S","","209SS","","564K","","","","","checked"
"cat","51","MHIモーターグレーダ","MGP65E","S4K","","","","","","","","","checked"
"cat","51","MHIモーターグレーダ","MGP80E","S6K","","","","","","","","","checked"
"cat","51","MHIモーターグレーダ","MGP220E","6D24","","138","","207MF","","","","","checked"
"cat","51","MHIモーターグレーダ","MGP300E","S6B","","","","","","","","","checked"
"cat","51","MHIモーターグレーダ","MGP420","","","121CGD×2+180KB","","165FN","","","","","checked"
"cat","51","MHIモーターグレーダ","MGD900","S4K","","103-3","836N","564K","","","","","checked"
"cat","51","MHIモーターグレーダ","SR320(E)","6D22,6D24","7GA,7GO","138","495BHW","207MF","","","1114K","","checked"
"cat","51","MHIモーターグレーダ","SR320Ⅱ","6D24","","138","495BHW","207MF","","","1114K","","checked"
"cat","51","MHIモーターグレーダ","12M3AWD","","","","","","","","","","checked"
"cat","52","ミニHE油圧ショベル","ME05","OC62","E9E","???","???","???","203H","","","","checked"
"cat","52","ミニHE油圧ショベル","ME08","C50L","E1E","203S","410Y","492CD","103K","","","","checked"
"cat","52","ミニHE油圧ショベル","ME08B","OC95","E9E","???","???","???","203H","","","","checked"
"cat","52","ミニHE油圧ショベル","ME15","K3B","E2E","203C","838N","30-85","103K","","","","checked"
"cat","52","ミニHE油圧ショベル","ME20","K3E","E3E","200DH","837N-190","30-85","103SS","","","","checked"
"cat","52","ミニHE油圧ショベル","ME25","K3E","E4E","200DH","837N","30-85","103SS","","","","checked"
"cat","52","ミニHE油圧ショベル","ME30","K4E","E5E","200DH","837N","30-85","103SS","42-83","","","checked"
"cat","52","ミニHE油圧ショベル","ME35","K4E","E6E","200DH","836N","30-85","104NF+103SS","42-83","","","checked"
"cat","52","ミニHE油圧ショベル","ME40","K4M","E7E","200DH","836N","50-90","103K","","","","checked"
"cat","52","ミニHE油圧ショベル","ME45","K4N","E8E","204","836N","50-90","","","","","checked"
"cat","52","ミニホイルローダ","MM05","OC62","","","","","","","","","checked"
"cat","52","ミニホイルローダ","MM08B","OC95","","","","","","","","","checked"
"cat","52","ミニホイルローダ","MM15","E2E","01295~","","838N","","","","","","checked"
"cat","52","ミニホイルローダ","MM15T","L3E","E6G","203C","838P","532-65","103SS","","","","checked"
"cat","52","ミニホイルローダ","MM20","K3D","E5F","203C","838NT","532-65","207HS","","","","checked"
"cat","52","ミニホイルローダ","MM20T","L3E","E7G","203C","838P","532-65","140-4614","","???","","checked"
"cat","52","ミニホイルローダ","MM20CR・SR","L3E","","203C","838NR","532-65","103SS","","","","checked"
"cat","52","ミニホイルローダ","MM25","K3E","","203S","838N/838NT","532-65","207HS","","","","checked"
"cat","52","ミニホイルローダ","MM25T","S3L2","","203C","837P","532-65","207HS","","","","checked"
"cat","52","ミニホイルローダ","MM30","K3G","E3F","203S","837NTH","532-65","AEW00016","","","","checked"
"cat","52","ミニホイルローダ","MM30B","K3G","E8F","203S","837NTH","532-65","110-220","","","","checked"
"cat","52","ミニホイルローダ","MM30B","S3L2","E5E","203C","837P","532-65","110-220","","","","checked"
"cat","52","ミニホイルローダ","MM30SR","S3L2","","203C","837P","32CD","90-180","","","","checked"
"cat","52","ミニホイルローダ","MM30SR-3","S3L2","E8H","203C","838P","532-65+532S","90-180","","","","checked"
"cat","52","ミニホイルローダ","MM30CR","S3L2","","203C","837P","32CD","90-180","","","","checked"
"cat","52","ミニホイルローダ","MM30CR-2","S3L2","","203S","837P","532-65","90-180","","","","checked"
"cat","52","ミニホイルローダ","MM30T","S3L2","","203C","837P","532-65","110-220","","","","checked"
"cat","52","ミニホイルローダ","MM35","K3G","E2F","203S","837NTH","532-65","AEW00016","","207HS","","checked"
"cat","52","ミニホイルローダ","MM35B","K3G,S4L2","E7F","203S","837NTH/837P","532-65","110-220","","","","checked"
"cat","52","ミニホイルローダ","MM35B,T","S4L2","E4H","203C","837P","532-65","","","","","checked"
"cat","52","ミニホイルローダ","MM40SR","S4L","","108","837P","32CD","90-180","","","","checked"
"cat","52","ミニホイルローダ","MM40CR","S4L2","","203C","837P","32CD","90-180","","","","checked"
"cat","52","ミニホイルローダ","MM40SR-3","S4L2","","203C","837P","32CD/532-65","90-180","","","","checked"
"cat","52","ミニホイルローダ","MM40T","S4L2","","108","837P","50-90","110-220","","","","checked"
"cat","52","ミニホイルローダ","MM45","K4M","E1F","108","837NTH","532-65","???","","","","checked"
"cat","52","ミニホイルローダ","MM45B","K4M","E6F","203S","837NTH","532-65","110-220","","","","checked"
"cat","52","ミニホイルローダ","MM45T","E5H","","203C","837P","50-90","110-220","","","","checked"
"cat","52","ミニホイルローダ","MM55SR","K4N","","108","837P","50-90","1210","","","","checked"
"cat","53","ミニホイルローダ","MM55SR-2","K4N","","108","837P","50-90","1210","","","","checked"
"cat","53","ミニホイルローダ","MM57SR","K4N","","108","837P","50-90","1210","","","","checked"
"cat","53","ミニホイルローダ","MX15","L3EL","E6D","203C","838N","30-85","103K","","","","checked"
"cat","53","ミニホイルローダ","MX35","K4E","E7D","203C","837N","30-85","103SS","","","","checked"
"cat","53","ミニホイルローダ","MX45","K4E","E8D","203C","837N","30-85","CSP10-10","","","","checked"
"cat","53","ミニホイルローダ","MX55","K4M","","204Y","836N","524/50-90","","","","","checked"
"cat","53","ミニホイルローダ","MXR30","K4E","E1D","203C","837N","32CD","103SS","","","","checked"
"cat","53","ミニホイルローダ","MXR35","K4E","E2D","203S","837N","30-85/32CD","103SS","","","","checked"
"cat","53","ミニホイルローダ","MXR50","K4M","E3D","108","836N","50-90","CSP10-10","","","","checked"
"cat","53","ミニホイルローダ","MXR55","K4M","E4D","108","836N","50-90","CSP10-10","","","","checked"
"cat","53","ミニホイルローダ","MXW30","K4F","","200D","836N","30-58","","","","","checked"
"cat","53","ミニホイルローダ","MRC36J(V,S)","S6K","","165KH","","204FN","","","","","checked"
"cat","53","ミニホイルローダ","MRC40J(G)","6D16","","137K","","204FN","","","","","checked"
"cat","53","ミニホイルローダ","SP61","6D16","","137K","","204FN","","","","","checked"
"cat","53","その他","NO.12F","","89H","196","870","207M","1200","5J8877","1210","","checked"
"cat","53","その他","NO.12F","","89H1225~","196K","870","207M","1200","5J8877","1210","","checked"
"cat","53","その他","NO.14E","","12K","196","870","207M","1200","5J8877","","","checked"
"cat","53","その他","NO.14E","","12K1836~","196K","870","207M","1200","5J8877","","","checked"
"cat","53","その他","NO.14E","","72G","196","870","207M","1200","","1210","","checked"
"cat","53","その他","NO.14E","","72G1030~","196K","870","207M","1200","","1210","","checked"
"cat","53","その他","NO.16","49G","","194×2","870×2","207M","1200","","1210","","checked"
"cat","53","その他","RH-40","","","","","","","","","","checked"
"cat","53","その他","RP40-2","","","","","","","","","","checked"
"cat","53","その他","RR250B","3406C","","","","","","","","","checked"
"cat","53","その他","SG1","","","137","823N","599","???","","","HYD欄の薄い文字は「58673-15100」に見えるが、3と8の区別に自信がない","checked"
"cat","53","その他","SG2","6DB10C","","135","810N","529N","","","","","checked"
"cat","53","その他","SS250B","","","","","","","","","","checked"
"cat","53","MHIモーターグレーダ","14G","C11","","","","","","","","","checked"
"cat","53","MHIモーターグレーダ","14H","3306T","","196K","870F","207M","","","","","checked"
"cat","53","MHIモーターグレーダ","14M","C11","","","","","","","","","checked"
"cat","53","MHIモーターグレーダ","16G","3406","","197K","880P","207MH","1210","","T/M1210","","checked"
"cat","53","MHIモーターグレーダ","16H","3406","","197K","","","","","","","checked"
"cat","53","MHIモーターグレーダ","16H","C13","","","","","","","","","checked"
"cat","54","MFアスファルトフィニッシャ","CS-11GC","C3.6","","","","","","","","","checked"
"cat","54","MFアスファルトフィニッシャ","CS-433C","","","","","","","","","","checked"
"cat","54","MFアスファルトフィニッシャ","CS-563C","3116T","4TF","196K","850PW","209F","","","","","checked"
"cat","54","MFアスファルトフィニッシャ","CS-563D","3116T","","196K","850PW","209F","","","","","checked"
"cat","54","MFアスファルトフィニッシャ","CS-563E","3056E","ATAAC","196K","822PW/850PW","209F+(209FH)","???","","","","checked"
"cat","54","MFアスファルトフィニッシャ","CS-583C","3116T","","196K","850PW","209F","","","","","checked"
"cat","54","MFアスファルトフィニッシャ","CS-583D","3116T","","196K","850PW","209F","","","","","checked"
"cat","54","MFアスファルトフィニッシャ","CB-224C","2M40L","ハツ","","","","","","","","checked"
"cat","54","MFアスファルトフィニッシャ","CB-334D","3013","","","837P","","","","","","checked"
"cat","54","MFアスファルトフィニッシャ","CB-334E","3013C","","","837P","","","","","","checked"
"cat","54","MFアスファルトフィニッシャ","CB-335D","3013","5PZ","205SK","837P","150-4142","","","","","checked"
"cat","54","MFアスファルトフィニッシャ","CB-335E","3013C","","205SK","837P","","","","","","checked"
"cat","54","MFアスファルトフィニッシャ","CB-434B","3054","","206I","6I1450+6I1451","138-3100","","","","","checked"
"cat","54","MFアスファルトフィニッシャ","CB-534B","3054","","206I","???","138-3100","","","","","checked"
"cat","54","MFアスファルトフィニッシャ","GB400","","","","","","","","","","checked"
"cat","54","MFアスファルトフィニッシャ","RD30","3406TA","","197K","","","","","","","checked"
"cat","54","MFアスファルトフィニッシャ","PF-290B","3054E2T","","","","","","","","","checked"
"cat","54","MFアスファルトフィニッシャ","PM-565B","3408E","","","","","","","","","checked"
"cat","54","MFアスファルトフィニッシャ","MSD140PU","S4K","","","","","","","","","checked"
"cat","54","MFアスファルトフィニッシャ","MSD230PU","S6K","","","","","","","","","checked"
"cat","54","1T未満級ミニショベル(FIGA)","005","OC62","","???","???","30-85","???","","","","checked"
"cat","54","1T未満級ミニショベル(FIGA)","008CR","D722","","203S","838PSN","30-85","???","","","","checked"
"cat","54","1T未満級ミニショベル(FIGA)","010CR","D722","","203S","838PSN","30-85","???","","","","checked"
"cat","54","1T未満級ミニショベル(FIGA)","017CR","D902","","203S","838PSN","564KSN","???","","","","checked"
"cat","54","1T未満級ミニショベル(FIGA)","020CR","D1105","","203","838PSN","564KSN","6219RB","","P=42-83S","","checked"
"cat","54","1T未満級ミニショベル(FIGA)","020SR","D1105","","203","838PSN","564KSN","6219RB","","P=42-83S","","checked"
"cat","54","1T未満級ミニショベル(FIGA)","020ESR","D1105","","203","838PSN","564KSN","","","","","checked"
"cat","54","1T未満級ミニショベル(FIGA)","030(E)SR","D1703","","206I","837PS","564KSN","40010H","","P=42-83S","","checked"
"cat","54","1T未満級ミニショベル(FIGA)","030ESR","D1703","","206I","837PS","564KSN","40010H","","","","checked"
"cat","54","1T未満級ミニショベル(FIGA)","040ESR","D1703","","206I","837PS","564KSN","40010H","","P=42-83S","","checked"
"cat","54","1T未満級ミニショベル(FIGA)","050SR","V2203","","206I","836PW","564KSN","6215H","","P=42-83S","","checked"
"cat","54","1T未満級ミニショベル(FIGA)","050ESR","V2203","","206I","836PW","564KSN","","","","","checked"
"cat","54","1T未満級ミニショベル(FIGA)","050ESR","D1803","","","","","","","","","checked"
"cat","54","その他","3680-365CAT","","","","","","","","","","checked"
"cat","54","その他","3680-525CAT","","","","","","","","","","checked"
"cat","54","その他","BC1000XLM","","","","","","","","","","checked"
"cat","54","その他","BC1230AM","","","","","","","","","","checked"
"cat","55","その他","BC1800AM","","","","","","","","","","checked"
"cat","55","その他","HB-180","","","","","","","","","","checked"
"cat","55","その他","HB-390","","","","","","","","","","checked"
"cat","55","その他","CQ300D","","","","","","","","","","checked"
"cat","55","その他","CQ300E","","","","","","","","","","checked"
"cat","55","その他","MKT-511","","","","","","","","","","checked"
"cat","55","その他","MKT-615LL","","","","","","","","","","checked"
"cat","55","その他","MK300","","","","","","","","","","checked"
"cat","55","その他","MK400","","","","","","","","","","checked"
"cat","55","その他","MR126","","","","","","","","","","checked"
"cat","55","SOCIOシリーズ(環境リサイクル機械)","TG400A","","","","","","","","","","checked"
"cat","55","SOCIOシリーズ(環境リサイクル機械)","TG400ATX","","","","","","","","","","checked"
"cat","55","SOCIOシリーズ(環境リサイクル機械)","TG525","","","","","","","","","","checked"
"cat","55","SOCIOシリーズ(環境リサイクル機械)","TG525TX","","","","","","","","","","checked"
"cat","55","SOCIOシリーズ(環境リサイクル機械)","BB605","","","","","","","","","","checked"
"cat","55","SOCIOシリーズ(環境リサイクル機械)","BB1216","","","","","","","","","","checked"
"cat","55","可搬式発電装置","XQ500","3456","","","","","","","","","checked"
"cat","55","可搬式発電装置","XQ2000","3456","","","","","","","","","checked"
"cat","55","可搬式発電装置","SPW-600","3056E","","103C","809PW","","","","","","checked"
"hitachi","56","油圧ショベル","U106","","","","","","","","","","unverified"
"hitachi","56","油圧ショベル","U106A","B40","","","810N","529N","","","","","unverified"
"hitachi","56","油圧ショベル","U106A(SL)-2","EB100","","327","","521N","","","","","unverified"
"hitachi","56","油圧ショベル","U106AW-3","","","","","","314H","","","","unverified"
"hitachi","56","油圧ショベル","U112,116-2","","","","","","314H","","","","unverified"
"hitachi","56","油圧ショベル","UH005","E120","","347","","570Z","","","","","unverified"
"hitachi","56","油圧ショベル","UH006","K4B","","","","108F","","","","","unverified"
"hitachi","56","油圧ショベル","UH007","K5C","","103N-1","","564KSN","","","","","unverified"
"hitachi","56","油圧ショベル","UH009","","","203","","30-85/516KH","","","","","unverified"
"hitachi","56","油圧ショベル","UH010M","V1702","","103N-1","836N","564KSN","103SS","","","","unverified"
"hitachi","56","油圧ショベル","UH02","","","204Y","837N","564K","103SS","","","","unverified"
"hitachi","56","油圧ショベル","UH025(M)","C330","101~","338","836N","570","4040739","3510403","","","unverified"
"hitachi","56","油圧ショベル","UH025(M)","4BB1","101~140","338","836N","570","315H","???","","サクション欄に薄い文字あり（桁の判別に自信がないため未記入）","unverified"
"hitachi","56","油圧ショベル","UH025(M)","4BB1","141~","338N","836N","570","315H","???","","サクション欄に薄い文字あり（桁の判別に自信がないため未記入）","unverified"
"hitachi","56","油圧ショベル","UH025-7","4BB1","3001~","338N","836N","570","315H","???","","サクション欄に薄い文字あり（桁の判別に自信がないため未記入）","unverified"
"hitachi","56","油圧ショベル","UH025-7","FD3304","5501~","207H","836N","516F/516KH","315HL","","","","unverified"
"hitachi","56","油圧ショベル","UH025SS,SR-7","FD3304","","207H","836N","516F/516KH","315HL","","","","unverified"
"hitachi","56","油圧ショベル","UH03-1","DA220","101~5000","314-1","110284199","540","314H×2","315023","","","unverified"
"hitachi","56","油圧ショベル","UH03-2","DA220","101~5000","314-1","110284199","540","314H×2","315023","","","unverified"
"hitachi","56","油圧ショベル","UH03-3","DA220","101~5000","314-1","110284199","540","314H×2","315023","","","unverified"
"hitachi","56","油圧ショベル","UH03-4","DA220","5001~5020","314-1","836N","540","314H×2","???","","サクション欄に薄い文字あり（桁の判別に自信がないため未記入）","unverified"
"hitachi","56","油圧ショベル","UH03D","DA220","5021~","314-1","836N","540","314H×2","???","","サクション欄に薄い文字あり（桁の判別に自信がないため未記入）","unverified"
"hitachi","56","油圧ショベル","UH03M-1","DA220","161~385","314-1","836N","540","314H×2","???","","サクション欄に薄い文字あり（桁の判別に自信がないため未記入）","unverified"
"hitachi","56","油圧ショベル","UH03M-2","EC100","386~730","121","823N","540","314H×2","???","","サクション欄に薄い文字あり（桁の判別に自信がないため未記入）","unverified"
"hitachi","56","油圧ショベル","UH035-1","4BB1","101~","338N","836N","570","315H","???","313HN","サクション欄に薄い文字あり（桁の判別に自信がないため未記入）","unverified"
"hitachi","56","油圧ショベル","UH035-7","4BB1","501~","338N","836N","570","???","???","313HN","サクション欄に薄い文字あり（桁の判別に自信がないため未記入）","unverified"
"hitachi","56","油圧ショベル","UH035-7","4BB1","726~","209S","836N","109SFN","315HL","???","313HN","サクション欄に薄い文字あり（桁の判別に自信がないため未記入）","unverified"
"hitachi","56","油圧ショベル","UH04-1","EC100A","301~4272","121","823N","535","314H×2","???","","サクション欄に薄い文字あり（桁の判別に自信がないため未記入）","unverified"
"hitachi","56","油圧ショベル","UH04-2","6BB1","5001~","338×2","823N","540","314H×2","???","","サクション欄に薄い文字あり（桁の判別に自信がないため未記入）","unverified"
"hitachi","56","油圧ショベル","UH04-3","6BB1","8001~9780","338×2","823N","540","316H","???","","サクション欄に薄い文字あり（桁の判別に自信がないため未記入）","unverified"
"hitachi","56","油圧ショベル","UH04-5","6BB1","10001~10800","338×2","823N","540","316H-3","???","","サクション欄に薄い文字あり（桁の判別に自信がないため未記入）","unverified"
"hitachi","56","油圧ショベル","UH04-5","6BB1","10801~","338N×2","823N","540","316H-3","???","","サクション欄に薄い文字あり（桁の判別に自信がないため未記入）","unverified"
"hitachi","56","油圧ショベル","UH04-7","4BD1","15001~","338N","823A","570","315HL","???","313HN","サクション欄に薄い文字あり（桁の判別に自信がないため未記入）","unverified"
"hitachi","56","油圧ショベル","UH04-7","4BD1","15957~","209S","823A","109SFN","315HL","???","313HN","サクション欄に薄い文字あり（桁の判別に自信がないため未記入）","unverified"
"hitachi","56","油圧ショベル","UH04SS-7","4BD1","312~","209S","823A","109SFN","315HL","???","313HN","サクション欄に薄い文字あり（桁の判別に自信がないため未記入）","unverified"
"hitachi","56","油圧ショベル","UH04M-1","EC100A","101~105","121","823N","535","314H×2","???","","サクション欄に薄い文字あり（桁の判別に自信がないため未記入）","unverified"
"hitachi","56","油圧ショベル","UH04M-1","6BB1","106~395","338×2","823N","540","314H×2","???","","サクション欄に薄い文字あり（桁の判別に自信がないため未記入）","unverified"
"hitachi","56","油圧ショベル","UH04M-2","6BB1","396~","338×2","823N","540","314H×2","???","","サクション欄に薄い文字あり（桁の判別に自信がないため未記入）","unverified"
"hitachi","56","油圧ショベル","UH04M-5","6BB1","1001~1005","338×2","823N","540","316H-3","???","","サクション欄に薄い文字あり（桁の判別に自信がないため未記入）","unverified"
"hitachi","56","油圧ショベル","UH04M-5","6BB1","1006~","338N×2","823N","540","316H-3","???","","サクション欄に薄い文字あり（桁の判別に自信がないため未記入）","unverified"
"hitachi","57","油圧ショベル","UH04M-7","4BD1","1711~","209S","823A","109SFN","315HL","","313HN","","unverified"
"hitachi","57","油圧ショベル","UH045-1","6BD1","101~1330","338×2","823N","540","316H-3","","","","unverified"
"hitachi","57","油圧ショベル","UH045-1","6BD1","1330~","338N×2","823N","540","316H","","","","unverified"
"hitachi","57","油圧ショベル","UH045-5","6BD1","2001~2330","338×2","823N","540","316H","","","","unverified"
"hitachi","57","油圧ショベル","UH045-5","6BD1","2331~","338N×2","823N","540","316H","","","","unverified"
"hitachi","57","油圧ショベル","UH045-7","6BB1","6001~","121","823A","540","315HL","","313HN","","unverified"
"hitachi","57","油圧ショベル","UH045-7","6BB1","9248~","121CHD","823A","109HFN","315HL","","313HN","","unverified"
"hitachi","57","油圧ショベル","UH045SS-7","6BB1","112~","121CHD","823A","109HFN","315HL","","313HN","","unverified"
"hitachi","57","油圧ショベル","UH05D","EC100A","","121","823N","535","","","","","unverified"
"hitachi","57","油圧ショベル","UH055-7","6BB1","~145","121","823A","535","315HL","","313HN","","unverified"
"hitachi","57","油圧ショベル","UH055-7","6BB1","146~","121CHD","823A","540","315HL","","313HN","","unverified"
"hitachi","57","油圧ショベル","UH06-1~3","DA640","101~3010","314-1","823N","540","315H×2","","313HN","","unverified"
"hitachi","57","油圧ショベル","UH06D","DA640","3011~","347","823N","540","315H×2","","313HN","","unverified"
"hitachi","57","油圧ショベル","UH06-5","6BD1","101~","121","823N","540","315H×2","","313HN","","unverified"
"hitachi","57","油圧ショベル","UH07-1","DA640","101~3584","347","823N","540","315H×2","","313HN","","unverified"
"hitachi","57","油圧ショベル","UH07-2","DS50A","101~110","121+321N","823N","521N","315H×2","","313HN","","unverified"
"hitachi","57","油圧ショベル","UH07-3","DS50A","5001~","121+321N","823N","521N","315H×2","","313HN","","unverified"
"hitachi","57","油圧ショベル","UH07-5","EL100","","121","810N","540","316H-3×2","","313HN","","unverified"
"hitachi","57","油圧ショベル","UH07-7","6BD1T","20001~","121","810T","540","316H-1×2","","","","unverified"
"hitachi","57","油圧ショベル","UH07-7","6BD1T","25023~","121CHD","810T","109HFN","316H-1×2","","","","unverified"
"hitachi","57","油圧ショベル","UH07LC","EL100","13641~","121","810N","540","316H-1×2","","313HN","","unverified"
"hitachi","57","油圧ショベル","UH07LC-7","6BD1T","24899~","121CHD","810T","109HFN","316H-1×2","","313HN","","unverified"
"hitachi","57","油圧ショベル","UH09-1","DS50","150#101~","121+321N","810N","521N","3501404×2","","313HN","","unverified"
"hitachi","57","油圧ショベル","UH09-2","EL100","151#2001~","121","810N","540","315H×2","","313HN","","unverified"
"hitachi","57","油圧ショベル","UH09-7","EM100","152#3001~","121","833TWA","541","316H-1×2","???","313HN","サクション欄に薄い文字あり（桁の判別に自信がないため未記入）","unverified"
"hitachi","57","油圧ショベル","UH09-7","EM100","3541~","121CHD","833TWA","334KF","316H-1×2","???","313HN","サクション欄に薄い文字あり（桁の判別に自信がないため未記入）","unverified"
"hitachi","57","油圧ショベル","UH09LC-7","EM100","3541~","121CHD","833TWA","334KF","316H-1×2","???","313HN","サクション欄に薄い文字あり（桁の判別に自信がないため未記入）","unverified"
"hitachi","57","油圧ショベル","UH10-1","E120","155#101~","347","490NNA","570Z","315H×2","","313HN","","unverified"
"hitachi","57","油圧ショベル","UH10-2","E120","156#","347","490NNA","570Z","315H×2","","313HN","","unverified"
"hitachi","57","油圧ショベル","UH10-7","EM100","3001~","121CHD","833TW","334KF","316H-2×2","","313HN","","unverified"
"hitachi","57","油圧ショベル","UH10LC-1,2","E120","1013~","347","490NNA","570Z","315H×2","","313HN","","unverified"
"hitachi","57","油圧ショベル","UH10LC-7","EM100","3001~","121CHD","495B×2","334KF","316H-2×2","","313HN","","unverified"
"hitachi","57","油圧ショベル","UH12-1","K60AS","101~239","???","490NNA","529N×2","???","???","313HN","OIL欄・HYD欄は薄い文字（桁の判別に自信がないため未記入）","unverified"
"hitachi","57","油圧ショベル","UH12-7","EP100T","157#101~","121H+327PH","815NTWA","541","316H-2×2","???","313HN","サクション欄に薄い文字あり（桁の判別に自信がないため未記入）","unverified"
"hitachi","57","油圧ショベル","UH12-7","EP100T","157#446~","121CHD+121CHBD","815NTWA","334KF","316H-2×2","???","313HN","サクション欄に薄い文字あり（桁の判別に自信がないため未記入）","unverified"
"hitachi","57","油圧ショベル","UH14(D)-1","E120","","347","871N","570Z","316H×2","???","313HN","サクション欄に薄い文字あり（桁の判別に自信がないため未記入）","unverified"
"hitachi","57","油圧ショベル","UH14-2","E120","","347","871N","570Z","316H-3×2","???","313HN","サクション欄に薄い文字あり（桁の判別に自信がないため未記入）","unverified"
"hitachi","57","油圧ショベル","UH14-3","","","121H+327PH","","541","","","","","unverified"
"hitachi","57","油圧ショベル","UH16","6RB1","163#101~","347","495B","570Z","316H-3×2","???","313HN×2","サクション欄に薄い文字あり（桁の判別に自信がないため未記入）","unverified"
"hitachi","57","油圧ショベル","UH16","6RB1","802~","4192527+121CHBD","495B","165FN","316H-3×2","","313HN×2","","unverified"
"hitachi","58","油圧ショベル","UH20","E120×2","170#103~380","347×2+349KN×2","490NNA×2","540","316H×2","3501403×2","314H","","unverified"
"hitachi","58","油圧ショベル","UH20","E120×2","170#381~421","347×2+???","490NNA×2","540","316H×2","3501403×2","314H","OIL欄「347×2+」の後ろに薄い番号あり（読めない）","unverified"
"hitachi","58","油圧ショベル","UH20","E120×2","170#422~","347×2+???","490NNA×2","570Z","316H×2","3501403×2","314H","OIL欄「347×2+」の後ろに薄い番号あり（読めない）","unverified"
"hitachi","58","油圧ショベル","UH23","E120×2","171#300~412","347×2+???","???","570Z×2","316H-3×4","3501403","???","OIL欄の薄い番号・AIR欄の薄い番号・TM欄の薄い番号が判読不可","unverified"
"hitachi","58","油圧ショベル","UH23","E120×2","171#413~","121CHOD+???","???","165FN","316H-3×4","3501403","???","OIL欄の薄い番号・AIR欄の薄い番号・TM欄の薄い番号が判読不可。OIL欄は原本で「121CHOD」と印字（CHDの可能性・原本確認）","unverified"
"hitachi","58","油圧ショベル","UH30","E120×2","175#101~","347×2","871N×2","570Z×2","316H-3×2","3501403×2","314H","","unverified"
"hitachi","58","油圧ショベル","UH35","6RB1YZ","~176#160","347×2","495B","570Z×2","316H-3×4","???","???","サクション欄・TM欄は薄い文字（判読不可）","unverified"
"hitachi","58","油圧ショベル","UH35","6RB1YZ","176#161~","121CHD","495B","165FN×2","316H-3×4","???","???","サクション欄・TM欄は薄い文字（判読不可）","unverified"
"hitachi","58","油圧ショベル","UH50","KT1150C×2","180#101~","???","495B×4","???","316H×8","3501403×4","314H×2","OIL欄・FUEL欄の薄い番号は「4085913×4」「4085912×4」に見える（判読不確実）","unverified"
"hitachi","58","油圧ショベル","UHM8","D850BH","","203","","564KSN","","","","","unverified"
"hitachi","58","油圧ショベル","UHM10","D1100BH","","103N-1","837N","564KSN","103SS","","","","unverified"
"hitachi","58","油圧ショベル","UHM11","D1302BH","","103N-1","837N","516KH","","","","","unverified"
"hitachi","58","油圧ショベル","UHM14","K5A","","200S","837N","564KSN","","","","","unverified"
"hitachi","58","油圧ショベル","UHM18","3T90L-LB","","108","836N","532N","","","","","unverified"
"hitachi","58","油圧ショベル","EX5(II)","DY-27","","","","","4300511","4300510","","","unverified"
"hitachi","58","油圧ショベル","EX7","Z430","","203","838N","30-85","6219H","","","","unverified"
"hitachi","58","油圧ショベル","EX8(II,B)","Z482","#01729~","203","838NR","30-85","104NF","4294125","","","unverified"
"hitachi","58","油圧ショベル","EX10U","D722","","203C","KWA300","532-65","6219H","","","","unverified"
"hitachi","58","油圧ショベル","EX10U-3","D722","","203","838PSN","30-85","","","","","unverified"
"hitachi","58","油圧ショベル","EX12","Z620","#19K-~","203","838N","564KSN","18051-62220","","","","unverified"
"hitachi","58","油圧ショベル","EX12","3KC1","#1AS-~","203C","838NR","532-65","103SS","4272367","42-83S","","unverified"
"hitachi","58","油圧ショベル","EX12-II","D1105","#02001~","203","838NR","30-85","103SS","","42-83S","","unverified"
"hitachi","58","油圧ショベル","EX14","D950","","203","838N","540W","18051-62220","","","","unverified"
"hitachi","58","油圧ショベル","EX15","3KC1","","203C","838NR","532-65P","103SS","","","","unverified"
"hitachi","58","油圧ショベル","EX15(U)R","D722,D782","","203S","KWA300","30-85","6219H","","","","unverified"
"hitachi","58","油圧ショベル","EX15-II","D1105","#01501~","203","838NR","30-85","103SS","","42-83S","","unverified"
"hitachi","58","油圧ショベル","EX15U-3","D782","","203","838PSN","564KSN","","","","","unverified"
"hitachi","58","油圧ショベル","EX18-II","D1105","#00101~","203","838NR","30-85","103SS","","42-83S","","unverified"
"hitachi","58","油圧ショベル","EX20UR(G)-1,-2","3KC1","#01001~","203C","838NR","532-65","103SS","4300508","42-83S","","unverified"
"hitachi","58","油圧ショベル","EX20U(UR)-2C","D1105","","203","838NR","30-85/564KSN","103SS","","42-83S","","unverified"
"hitachi","58","油圧ショベル","EX20U","D1105","","203","KWA300","30-85/564KSN","103SS","","","","unverified"
"hitachi","58","油圧ショベル","EX20U(UR)-3","3YE1","","205SK","838P","532-85+4440034","4454705","4272369","42-83S","","unverified"
"hitachi","58","油圧ショベル","EX20U(G)-3","","","203C","838P","532-85","","","","","unverified"
"hitachi","58","油圧ショベル","EX21","D950","","203","838N","30-85/564KSN","103SS","","42-83","","unverified"
"hitachi","58","油圧ショベル","EX22-1(UR)","3KR1","~#00461","203C","837NR","108DF","314HZ","","42-83","","unverified"
"hitachi","58","油圧ショベル","EX22-1(UR)","3KR1","#00462~","203C","837NR","532-85","314HZ","","42-83","","unverified"
"hitachi","58","油圧ショベル","EX22-II","D1105","#02001~","203","837NR","30-85","","","42-83S","","unverified"
"hitachi","58","油圧ショベル","EX24","D950","","203","838N","15291-43010","103SS","","","","unverified"
"hitachi","58","油圧ショベル","EX25-1(UR)","3KR1","","203C","837NR","30-85/564KSN","314HZ","","42-83","","unverified"
"hitachi","59","油圧ショベル","EX25-II","D1105","#01501~","203","837NR","30-85","","","42-83S","","unverified"
"hitachi","59","油圧ショベル","EX26·27","D1402","","103N-1","837N","564K","","","","","unverified"
"hitachi","59","油圧ショベル","EX27U","","","203","837P","532-85","315HL","","42-83S","","unverified"
"hitachi","59","油圧ショベル","EX27U-4,5","","","203","837P","107SF","315HL","","42-83S","","unverified"
"hitachi","59","油圧ショベル","EX30UR(G)","3KC1","","203C","838NR","532-65","","","42-83","","unverified"
"hitachi","59","油圧ショベル","EX30UR(G)-5","","","203","837P","107SF","","","","","unverified"
"hitachi","59","油圧ショベル","EX30-I","3KR2","1AC101~1315","203C","837NR","108DF","314HZ","","42-83","OIL・AIR・HYD・ドレン欄は2行にまたがる結合セル","unverified"
"hitachi","59","油圧ショベル","EX30-I","3KR2","1AC1316~","203C","837NR","532-85","314HZ","","42-83","OIL・AIR・HYD・ドレン欄は2行にまたがる結合セル","unverified"
"hitachi","59","油圧ショベル","EX30-II","V1505","1AE~","203","837NR","30-85","314HZ","","42-83S","","unverified"
"hitachi","59","油圧ショベル","EX30UR-1·2","3KC1","1B3","203C","838NR","532-65","314HZ","","42-83S","","unverified"
"hitachi","59","油圧ショベル","EX30UR(G)-2C","D1105","1B0#5001~","203","838P","30-85","314HZ","","42-83","","unverified"
"hitachi","59","油圧ショベル","EX30UR-3","V1505","","203","837P","532-85","90-230","","42-83S","","unverified"
"hitachi","59","油圧ショベル","EX30U","3LD1","1ASP#000101~","203","837P","532-85","315HL","","42-83S","","unverified"
"hitachi","59","油圧ショベル","EX33","D1902","","103N-1","836N","540W","","","","","unverified"
"hitachi","59","油圧ショベル","EX33(U)MU","D1503","101~","103N-1","837NR","532-85","314HZ","","42-83S","","unverified"
"hitachi","59","油圧ショベル","EX35","3KR2","1B4-00101~","203C","837NR","108DF","314HZ","","42-83","","unverified"
"hitachi","59","油圧ショベル","EX35-II","V1505","1B5-2001~","203C","837NR","30-85","314HZ","","42-83S","OIL・AIR・HYD・ドレン欄は2行にまたがる結合セル","unverified"
"hitachi","59","油圧ショベル","EX35-II","V1505","1B5-3000~","203C","837NR","532-85","314HZ","","42-83S","OIL・AIR・HYD・ドレン欄は2行にまたがる結合セル","unverified"
"hitachi","59","油圧ショベル","EX35U,36UE","3LD1","1AU-#000101~","203","837P","532-85","315HL","","42-83S","","unverified"
"hitachi","59","油圧ショベル","EX40","4JC1","1B7","200D","837NR","491F","314HZ","4294131","42-83","サクション欄は薄い印字","unverified"
"hitachi","59","油圧ショベル","EX40-II","V2203","#03501~","103N-1","837NR","564KSN/50-90","","","","","unverified"
"hitachi","59","油圧ショベル","EX40UR","3KR2","","203C","837NR","108DF/532-85","314HZ","4272369","42-83S","サクション欄は薄い印字","unverified"
"hitachi","59","油圧ショベル","EX40UR-II","3KR2","#01001~","203C","837NR","532-85","314HZ","4272369","42-83S","サクション欄は薄い印字","unverified"
"hitachi","59","油圧ショベル","EX40UR-2C","V1505","#02001~","203","837NR","30-85","314HZ","","42-83S","","unverified"
"hitachi","59","油圧ショベル","EX40U","4LE1","101~","203","837NR","532-85","314HZ","","","","unverified"
"hitachi","59","油圧ショベル","EX40UR-3","V1505","","203","837P","532-85","90-230","","42-83S","","unverified"
"hitachi","59","油圧ショベル","EX43","","","103N-1","","564KSN","","","","","unverified"
"hitachi","59","油圧ショベル","EX45","4JC1","","200D","837NR","491F","314HZ","4294131","42-83","サクション欄は薄い印字","unverified"
"hitachi","59","油圧ショベル","EX45-II","V2203","#01001~","103N-1","837NR","50-90","314HZ","","42-83S","","unverified"
"hitachi","59","油圧ショベル","EX50U","4LE1","","203","837NR","532-85","314HZ","","42-83S","","unverified"
"hitachi","59","油圧ショベル","EX50UR(G)","3AB1","","200S","837R","516KH","315HL","","317H","","unverified"
"hitachi","59","油圧ショベル","EX50UR(G)","BD30","","103C","837NR","516F/516KH","314HZ","","317H","","unverified"
"hitachi","59","油圧ショベル","EX50UR-III","V1505","","203","837NR","532-85","314HZ","","","","unverified"
"hitachi","59","油圧ショベル","EX55","S2800D","","204Y","836N","50-90","???","","","HYD欄に薄い印字あり（63773-62230に見えるが判読不可）","unverified"
"hitachi","59","油圧ショベル","EX55UR(G)","TD23","#1BG~","103C","837NR","516F/516KH","314HZ","","42-83S","","unverified"
"hitachi","59","油圧ショベル","EX55UR-III","4LE1","","203","KGA-50/837NR","532-85","","","","OIL欄・FUEL欄は結合セル","unverified"
"hitachi","59","油圧ショベル","EX55UR-III","4LE1","#1BHP~","203","837P","532-85","90-300","","42-83S","OIL欄・FUEL欄は結合セル","unverified"
"hitachi","59","油圧ショベル","EX58MU","4LE1","#101~","203","837NR","532-85","314HZ","","42-83","","unverified"
"hitachi","59","油圧ショベル","EX60-1","FD3304","107#10001~20744","207H","836N","516F/516KH","315HL","","317H","","unverified"
"hitachi","59","油圧ショベル","EX60SS","FD3304","108#101~303","207H","836N","516F/516KH","315HL","","317H","","unverified"
"hitachi","60","油圧ショベル","EX60SR","FD3304","109#201~","207H","836N","516F/516KH","315HL","","317H","","unverified"
"hitachi","60","油圧ショベル","EX60W(D)","FD3504","10D#103~579","207H","836N","516F/516KH","315HL","","317H","","unverified"
"hitachi","60","油圧ショベル","EX60WD-2","BD3004","10R#1004~","103C","836P","516F/516KH","315HL","","317H","","unverified"
"hitachi","60","油圧ショベル","EX60G","4JB1","10C#101~","200D","836N","516KH","315HL","","317H","","unverified"
"hitachi","60","油圧ショベル","EX60URG","4JB1","10C#103~","200D","836N","516KH","315HL","","317H","","unverified"
"hitachi","60","油圧ショベル","EX60(T)-2","BD3004,BD30","","103C","836P","516F/516KH","315HL","","317H","","unverified"
"hitachi","60","油圧ショベル","EX60-3","BD30","10S#40001~","103C","836P","516F/516KH","315HL","","317H","","unverified"
"hitachi","60","油圧ショベル","EX60LC(K,T)-3(B,HG)","BD30","10M#38001~","103C","836P","516F/516KH","315HL","","317H","","unverified"
"hitachi","60","油圧ショベル","EX60(LC)-5","BD30","","103C","836P","516F/516KH","315HL","","317H","","unverified"
"hitachi","60","油圧ショベル","EX70(LCK)-5","BD30","","103C","836P","516KH","4350122","","317H","HYD欄は品番らしい7桁の数字（他行は315HL等）","unverified"
"hitachi","60","油圧ショベル","EX75UR","BD30","10L#5001~7851","103C","836P","516F/516KH","315HL","","317H","","unverified"
"hitachi","60","油圧ショベル","EX75UR-3","BD30","10V#10001~","103C","836P","516F/516KH","315HL","","317H","","unverified"
"hitachi","60","油圧ショベル","EX75UR(S,T)-5","4JG1","","106DS","836P","516KH","315HL","","317H","","unverified"
"hitachi","60","油圧ショベル","EX80U","BD30","","103C","836P","516F/516KH","315HL","","317H","","unverified"
"hitachi","60","油圧ショベル","EX90","4BD1","11C1001~","209S","836N","109SFN","316H-1","","317H","","unverified"
"hitachi","60","油圧ショベル","EX100(M)-1","4BD1T","","209S","823X","109SFN","316H-1","","317H","","unverified"
"hitachi","60","油圧ショベル","EX100WD-1","6BB1","11A,B#103~1606","121CHD","823T","109HFN","316H-1","","317H","","unverified"
"hitachi","60","油圧ショベル","EX100(M)-2,3","4BD1","12L#30001~32642","209S","823XT","516KH","316H-1","","317H","","unverified"
"hitachi","60","油圧ショベル","EX100(M)-2m","MTE407","","","","","","","","","unverified"
"hitachi","60","油圧ショベル","EX100WD-2","4BD1T","","209S+121BHD","823T","109SFN","316H-1","","317H","","unverified"
"hitachi","60","油圧ショベル","EX100WD-3","4BD1T","","209S+121BHD","823T","109SFN","316H-1","","317H","","unverified"
"hitachi","60","油圧ショベル","EX100(N,TN)-5(E)","4BG1(T)","","209S","823XT","516KH","316H-1","","317HN","","unverified"
"hitachi","60","油圧ショベル","EX120-1","4BD1T","12H#15001~26311","209S","823T","109SFN","316H-1","","317H","","unverified"
"hitachi","60","油圧ショベル","EX120-2","4BD1T","12N#30001~35663","209S","823T","516KH","316H-1","","317H","","unverified"
"hitachi","60","油圧ショベル","EX120K(LC)-2","4BD1T","12R#27001-28037","209S+121BHD","823T","516KH","316H-1","","317H","","unverified"
"hitachi","60","油圧ショベル","EX120-2A","4BD1T","12N#35664~38576","209S+121BHD","823T","516KH","316H-1","","317H","","unverified"
"hitachi","60","油圧ショベル","EX120-3","4BD1T","12V#40002~44665","209S","823T","516KH","316H-1","","","","unverified"
"hitachi","60","油圧ショベル","EX120K(LC)-3","4BD1T","12W#28202-28284","209S+121BHD","823T","516KH","316H-1","","317H","","unverified"
"hitachi","60","油圧ショベル","EX120(SS,TN)","4BG1T","","209S","823T","516KH","316H-1","","317H","","unverified"
"hitachi","60","油圧ショベル","EX120-5HG(E,X,LV)","4BG1T","","209S+121BHD","823T","516KH","316H-1","","317H","","unverified"
"hitachi","60","油圧ショベル","EX125WD-5","6BG1T","","121CHD+121CHBD","833P","109HFN","316H-1","","317H","","unverified"
"hitachi","60","油圧ショベル","EX130L(K,HN,MT)","4BG1T","","209S","823T","516KH","316H-1","","317H","","unverified"
"hitachi","60","油圧ショベル","EX130L-5(B)","4BG1T","","209S+121BHD","823T","516KH","316H-1","","","","unverified"
"hitachi","60","油圧ショベル","EX135U(S)R-5","4BG1T","","209S+121BHD","815NS","516KH","316H-1","","317HN","","unverified"
"hitachi","60","油圧ショベル","EX140US-5","4BG1T","","209S+121BHD","","516KH","316H-1","","317HN","","unverified"
"hitachi","60","油圧ショベル","EX150-1","4BG1T","133#1001~","209S","823T","109SFN","316H-1","","317H","","unverified"
"hitachi","60","油圧ショベル","EX150(LC)-5","4BG1T","13K","209S+121BHD","823T","516KH","316H-1","","317HN","","unverified"
"hitachi","60","油圧ショベル","EX160W(D)","6BB1","139#1003~","121CHD+122B","823T","109HFN","150-450","","317H","","unverified"
"hitachi","60","油圧ショベル","EX160-2","6BD1T","","121CHD+121CHBD","810T(W)","109HFN","150-450P","","","","unverified"
"hitachi","60","油圧ショベル","EX180(LC)-5","6BG1","1G2P","121CHD+CHBD","833P","109HFN","150-450P","","317H","","unverified"
"hitachi","61","油圧ショベル","EX200(LC)-1","6BD1T","145#30001~#50715","121CHD+122B","810T(W)","109HFN","150-450","","317H","","unverified"
"hitachi","61","油圧ショベル","EX200K(LC)-1","6BD1T","146#50001~","121CHD+122B","810T(W)","109HFN","150-450","","317H","","unverified"
"hitachi","61","油圧ショベル","EX200(LC)-2","6BD1T","147#60001~69325","121CHD+122B","810P","109HFN","150-450P","","317H","","unverified"
"hitachi","61","油圧ショベル","EX200(LC)-2A","6BD1T","147#69327~74804","121CHD+121CHBD","810P(W)","109HFN","150-450P","","317H","","unverified"
"hitachi","61","油圧ショベル","EX200K(LC)-2","6BD1T","148#55001~55402","121CHD+121CHBD","810P(W)","109HFN","150-450P","","317H","","unverified"
"hitachi","61","油圧ショベル","EX200(LC)-3","6BD1T","14C#78001~86140","121CHD+122B","810P","109HFN","150-450P","","317H","","unverified"
"hitachi","61","油圧ショベル","EX200(K,H,LCH)-3","6BD1T","","121CHD+121CHBD","810P(W)","109HFN","150-450P","","317H","","unverified"
"hitachi","61","油圧ショベル","EX200LC(SS,TN)-5","6BG1T","","121CHD+121CHBD","833P(W)","109HFN","150-450P","","317HN","","unverified"
"hitachi","61","油圧ショベル","EX210LC-5","6BG1T","","121CHD+121CHBD","833P(W)","109HFN","150-450P","","317H","","unverified"
"hitachi","61","油圧ショベル","EX220(LC)-1","H06CT","153#5001~","121CHD+351PS","833T(W)","334KF","150-450P","","317H","","unverified"
"hitachi","61","油圧ショベル","EX220(LC)-2","H06CT","15B#8001~","122KDT","833P","334KF","150-450P","","317H","","unverified"
"hitachi","61","油圧ショベル","EX220(LC)-2A","H06CT","15C#","122KDT+121CHBD","833P(W)","334KF","150-450P","","317H","","unverified"
"hitachi","61","油圧ショベル","EX220(LC)-3","H06CT","15D#10004~10786","122KDT","833P","334KF","150-450P","","317H","型式・エンジン欄は2行にまたがる結合セル","unverified"
"hitachi","61","油圧ショベル","EX220(LC)-3","H06CT","15E#","122KDT+121CHBD","833P(W)","334KF","150-450P","","317H","型式・エンジン欄は2行にまたがる結合セル","unverified"
"hitachi","61","油圧ショベル","EX220(LC)-5","H06CT","15S#,15H#","122KDT","833P","334KF","150-450P","","317HN","型式・エンジン欄は2行にまたがる結合セル","unverified"
"hitachi","61","油圧ショベル","EX220(LC)-5","H06CT","15T#","122KDT+121CHBD","833P(W)","334KF","150-450P","","317HN","型式・エンジン欄は2行にまたがる結合セル","unverified"
"hitachi","61","油圧ショベル","EX225USR(LC)","6BG1T","","121CHD","833P","109HFN","150-450P","","317HN","","unverified"
"hitachi","61","油圧ショベル","EX225USRK(LCTN)","6BG1T","","121CHD+121CHBD","833P(W)","109HFN","150-450P","","317HN","","unverified"
"hitachi","61","油圧ショベル","EX230LC(H)-5","H06CT","15V#,15W#,15X#","122KDT+(121CHBD)","833P","334KF","150-450P","","317H","","unverified"
"hitachi","61","油圧ショベル","EX270(LC)-1","H06C","158#5002~","121CHD","833TWA","334KF","150-450P","","317H","型式・エンジン欄は2行にまたがる結合セル","unverified"
"hitachi","61","油圧ショベル","EX270(LC)-1","H06C","15F#","121CHD+351PS","833T(W)","334KF","150-450P","","317H","型式・エンジン欄は2行にまたがる結合セル","unverified"
"hitachi","61","油圧ショベル","EX270(LC)-5","H07C","15U#","122KDT","833P","334KF","150-450P","","317HN","型式・エンジン欄は2行にまたがる結合セル","unverified"
"hitachi","61","油圧ショベル","EX270(LC)-5","H07C","15J#","122KDT+121CHBD","833P(W)","334KF","150-450P","","317HN","型式・エンジン欄は2行にまたがる結合セル","unverified"
"hitachi","61","油圧ショベル","EX280H-5","H07C","15Y#","122KDT+121CHBD","833P(W)","334KF","150-450P","","317HN","","unverified"
"hitachi","61","油圧ショベル","EX300","EP100","4948~","121H+327PH","495B","541","150-450","","317H","型式の先頭「E」が指で隠れている（「X300」のみ可視）","unverified"
"hitachi","61","油圧ショベル","EX300(LC)H,LH-1","EP100T","159#2001~5174","121CHD+351PS","815NTWA","334KF","150-450P","","317H","","unverified"
"hitachi","61","油圧ショベル","EX300(H,LC,LCH)","6SD1","15K#5007~6125","121CD","495BNTWA","165FN","150-450P","","317H","","unverified"
"hitachi","61","油圧ショベル","EX300(〃)-2","","15N#","121CD+121CHBD×2","495BNTWA+(B)","165FN","150-450P","","317H","","unverified"
"hitachi","61","油圧ショベル","EX300(〃)-3","","15M#,15P#","121CD+121CHBD×2","495BNTWA+(B)","165FN","150-450P","","317H","","unverified"
"hitachi","61","油圧ショベル","EX300(〃)-5","","","121CD+121CHBD×2","495BNHWA+(B)","165FN","150-450P","","317H","","unverified"
"hitachi","61","油圧ショベル","EX310(H,LC,LCH)","6SD1","15R#","121CD","495BNTWA","165FN","150-450P","","317H","","unverified"
"hitachi","61","油圧ショベル","EX310(〃)-3","","","121CD+121CHBD×2","495BNTWA+(B)","165FN","150-450P","","317H","","unverified"
"hitachi","61","油圧ショベル","EX350LC(K),H-5","6SD1","","121CD","495BHW","165FN","150-450P","","317H","","unverified"
"hitachi","61","油圧ショベル","EX345USR(LC)","6SD1","","121CD+121CHBD×2","495BHW","165FN","150-450P","","317H","","unverified"
"hitachi","61","油圧ショベル","EX370HD-5","6SD1","","121CD","495BHW","165FN","150-450P","","317H","","unverified"
"hitachi","61","油圧ショベル","EX385USR","6SD1","","121CD+121CHBD×2","495BHW","165FN","150-450P","","317H","","unverified"
"hitachi","61","油圧ショベル","EX400(H,LC,LCH)","","164#2001~4545","121CHOD","495BA","165FN","150-450×2","","317H","","unverified"
"hitachi","61","油圧ショベル","EX400(〃)-1","","5044","121CHOD+122BH","495BA+(B)","165FN","150-450×2","","317H","","unverified"
"hitachi","61","油圧ショベル","EX400(H,LC,LCH)","6RB1T","166#5004~6142","121CHOD","495B","165FN","178-450×2","","317H","","unverified"
"hitachi","61","油圧ショベル","EX400(〃)-3C","6RB1T","16A#,168#","121CHOD+122BH","495B","165FN","178-450×2","","317H","","unverified"
"hitachi","62","油圧ショベル","EX400LC,LCH,TN","6RB1T","16C#","121CHOD","495B","165FN×2","178-450×2","","317H","","unverified"
"hitachi","62","油圧ショベル","EX400(〃)-5","6RB1T","","121CHOD+121CHBD×2","495B","165FN×2","178-450×2","","317H","","unverified"
"hitachi","62","油圧ショベル","EX450(LC)H-5C","6RB1","16D,16E,16F,16G#","121CHOD","495B","165FN×2","178-450×2","","317H","","unverified"
"hitachi","62","油圧ショベル","EX450MT(H)-5","6RB1","","121CHOD+121CHBD×2","495B","165FN×2","178-450×2","","317H","","unverified"
"hitachi","62","油圧ショベル","EX550(~~)-3","S6B-TA","17A#,17B#","121CHH+196BH","491BW","165FNS/4324170","4287634","","317H","型式の括弧内は「~~」と印字（〃の可能性）。HYD欄は薄い印字","unverified"
"hitachi","62","油圧ショベル","EX550-5","S6B-TA","17H#","121CHH+196BH","491BW","4324170","178-450","","317H","FUEL欄は薄い印字","unverified"
"hitachi","62","油圧ショベル","EX600H,BE,LCH","S6B-TA","17D#","121CHH+196BH","491BW","4324170","178-450","","","FUEL欄は薄い印字","unverified"
"hitachi","62","油圧ショベル","EX600H(E)-5","","17J#,17K#","","","","","","","","unverified"
"hitachi","62","油圧ショベル","EX700BE(H)-1","NTA855","172#","9009LF×2","496WA+(B)","165FN×2","150-450×2","","317H","","unverified"
"hitachi","62","油圧ショベル","EX750-5","N14C","17C#","9009LF×2","496WA+(B)","165FN×2","150-450P×2","","317H","","unverified"
"hitachi","62","油圧ショベル","EX800(B)H-5","N14C","17L#","9009LF×2","496WA+(B)","165FN×2","150-450P×2","","317H","","unverified"
"hitachi","62","油圧ショベル","EX1000","6RB1×2","177#","121CHOD×2","495B×2","165FN×2","316H-3×4","","???","ドレン欄に薄い印字あり（3021693に見えるが判読不可）","unverified"
"hitachi","62","油圧ショベル","EX1100(K,BE)-1","KTTA19C","178#","150K×2","4206272","165FN×2","150-450×3","","","AIR欄は薄い印字","unverified"
"hitachi","62","油圧ショベル","EX1100(BE)-3","QSK19C","17E#","","","","","","","","unverified"
"hitachi","62","油圧ショベル","EX1200-5","S6R","","","","","","","","","unverified"
"hitachi","62","油圧ショベル","EX1200-5C","S6R","","","","","","","","","unverified"
"hitachi","62","油圧ショベル","EX1200-6","QSK23-C","","","","","","","","","unverified"
"hitachi","62","油圧ショベル","EX1800-1,2","","","150K×4","4206272×2+4206273×2","165FN×4","","","","AIR欄は薄い印字","unverified"
"hitachi","62","油圧ショベル","EX1800-3","","","4228688×2","4206272+4206273×2","4377880×2","150-450×3","","317H","OIL・AIR・FUEL欄は薄い印字","unverified"
"hitachi","62","油圧ショベル","EX1900-5","12A2-Y1TAA1","","","","","","","","","unverified"
"hitachi","62","油圧ショベル","EX1900-6","QSKTA38","","","","","","","","","unverified"
"hitachi","62","油圧ショベル","EX2000-7","QST30-C","","","","","","","","","unverified"
"hitachi","62","油圧ショベル","EX2500-5","QSK-45C","","","","","","","","","unverified"
"hitachi","62","油圧ショベル","EX2500-6","QSKTA50","","","","","","","","","unverified"
"hitachi","62","油圧ショベル","EX3500-1","","","150K×8+4204048×4","4206272×2+4206273×2","4202934×4","4219713×2","","","AIR・FUEL・HYD欄は薄い印字","unverified"
"hitachi","62","油圧ショベル","EX3500-2","","","150K×8+4204048×4","4206272×2+4206273×2","???","4219713×6","","","FUEL欄は薄い印字で末尾の数字（×4か×1）が判読不可","unverified"
"hitachi","62","油圧ショベル","EX3500-3","","","150K×4+4204048×2","","4202934×2","4219713×6","","???","ドレン欄に薄い印字あり（3501403に見えるが判読不可）。FUEL・HYD欄は薄い印字","unverified"
"hitachi","62","油圧ショベル","EX3600-5","S16R","","","","","","","","","unverified"
"hitachi","62","油圧ショベル","EX3600-6","QSKTA60","","","","","","","","","unverified"
"hitachi","62","油圧ショベル","EX5500","KTA50","18A#","","","","","","","","unverified"
"hitachi","62","油圧ショベル","EX5500-5","QSK45C","","","","","","","","","unverified"
"hitachi","62","油圧ショベル","EX5500-6","QSKTA50","","","","","","","","","unverified"
"hitachi","62","油圧ショベル","EX8000","S16R","","","","","","","","","unverified"
"hitachi","62","油圧ショベル","ZX8U-2","3TNV70","","203S","838P","532-85","","","油水分離=56???","ドレン欄は「油水分離=56」の後ろがページ端で切れて読めない","unverified"
"hitachi","62","油圧ショベル","ZX10U-2","3TNV70","","203S","838P","532-85","","","","","unverified"
"hitachi","62","油圧ショベル","ZX14-3","3TNV70","","203S","838P","532-85","","","","","unverified"
"hitachi","62","油圧ショベル","ZX15UR","D782","","203S","838PSN","564KSN","","","","","unverified"
"hitachi","62","油圧ショベル","ZX17U-2","3TNV70","","203S","838P","532-85","80-157","4616113","42-83S","サクション欄は薄い印字","unverified"
"hitachi","62","油圧ショベル","ZX17U-5A","3TNV70","","203S","838P","532-85","","","","","unverified"
"hitachi","62","油圧ショベル","ZX20U,UR","","","205SK","838P","532-85","80-157","4294131","42-83S","サクション欄は薄い印字","unverified"
"hitachi","63","油圧ショベル","ZX20U,UR-3","","","203T","836P","532-85","","","","","unverified"
"hitachi","63","油圧ショベル","ZX20UR-5A","3TNV76","","203S","838P","532-85","315HL","","42-83S","","unverified"
"hitachi","63","油圧ショベル","ZX22U-2","","","203S","838P","532-85","","","","","unverified"
"hitachi","63","油圧ショベル","ZX27U,30U","3LD2","","203","837P","532-85","315HL","","42-83S","","unverified"
"hitachi","63","油圧ショベル","ZX27U-2","","","203/108","837P(W)","107SF","315HL","","42-83S","","unverified"
"hitachi","63","油圧ショベル","ZX27U-3","","","108","837P(W)","107SF","315HL","","42-83S","","unverified"
"hitachi","63","油圧ショベル","ZX30U-2","3TNV88","","203","837P(W)","107SF","315HL","","42-83S","","unverified"
"hitachi","63","油圧ショベル","ZX30U-3","3TNV88","","108","837P(W)","107SF","315HL","","","","unverified"
"hitachi","63","油圧ショベル","ZX30U-5","","","108","855P","107SF","315HL","","42-83S","","unverified"
"hitachi","63","油圧ショベル","ZX30U-5B","3TNV88","","108","855P","107SF","315HL","","42-83S","","unverified"
"hitachi","63","油圧ショベル","ZX30UR","V1505","","203","837P","532-85","4402807","","42-83S","HYD欄は薄い印字","unverified"
"hitachi","63","油圧ショベル","ZX30UR-2","","","203/108","837P(W)","107SF","315HL","","42-83S","","unverified"
"hitachi","63","油圧ショベル","ZX30UR-3","","","203/108","837P(W)","107SF","315HL","","42-83S","","unverified"
"hitachi","63","油圧ショベル","ZX30UR-5B","","","108","855P(W)","107SF","315HL","","42-83S","","unverified"
"hitachi","63","油圧ショベル","ZX30UR-6","3TNV82A","","","","","","","","","unverified"
"hitachi","63","油圧ショベル","ZX35U","AA-3LD2","","203","837P","532-85","315HL","","42-83S","","unverified"
"hitachi","63","油圧ショベル","ZX35U-2","3TNV88","","203","837P(W)","107SF","315HL","","42-83S","","unverified"
"hitachi","63","油圧ショベル","ZX35U-3","3TNV88","","108","837P(W)","107SF","315HL","","","","unverified"
"hitachi","63","油圧ショベル","ZX35U-5B","3TNV88","","108","855PW","107SF","315HL","","42-83S","","unverified"
"hitachi","63","油圧ショベル","ZX38UR-6","3TNV82A","","","","","","","","","unverified"
"hitachi","63","油圧ショベル","ZX40U.","CC-4LE2","","203","837P","532-85","314HZ","","42-83S","型式の末尾に「.」のような点あり","unverified"
"hitachi","63","油圧ショベル","ZX40U-2","4TNV88","","203/108","837P(W)","107SF","315HL","","42-83S","","unverified"
"hitachi","63","油圧ショベル","ZX40U-3","","","108","837P(W)","107SF","315HL","","","","unverified"
"hitachi","63","油圧ショベル","ZX40U-5A","4TNV88","","108","855P","107SF","315HL","","42-83S","","unverified"
"hitachi","63","油圧ショベル","ZX40U-5B","4TNV88C","","108","855P(W)","3530KF+3530PF","315HL","","42-83S","","unverified"
"hitachi","63","油圧ショベル","ZX40UR","V1505","","203","837P","532-85","4402807","","42-83S","","unverified"
"hitachi","63","油圧ショベル","ZX40UR-2,3","","","203/108","837P(W)","107SF","315HL","","42-83S","","unverified"
"hitachi","63","油圧ショベル","ZX40UR-5B","4TNV88C","","108","855PW","107SF+563WS","315HL","","42-83S","","unverified"
"hitachi","63","油圧ショベル","ZX45SR-6E","4TNV88C","","","","","","","","","unverified"
"hitachi","63","油圧ショベル","ZX50U","4LE2","","203","837P","532-85","314HZ","","42-83S","","unverified"
"hitachi","63","油圧ショベル","ZX50U-2","4TNV88","","203","837P(W)","107SF","315HL","","42-83S","","unverified"
"hitachi","63","油圧ショベル","ZX50U-3","4TNV88","","108","837P(W)","107SF","315HL","","","","unverified"
"hitachi","63","油圧ショベル","ZX50U-5A","4TNV88","","108","855P(W)","107SF","315HL","","42-83S","","unverified"
"hitachi","63","油圧ショベル","ZX50U-5B","4TNV88C","","108","855P(W)","3530KF+3530PF","315HL","","42-83S","","unverified"
"hitachi","63","油圧ショベル","ZX50UR-6E","4TNV88C","","","","","","","","","unverified"
"hitachi","63","油圧ショベル","ZX50SR-6E","4TNV88C","","","","","","","","","unverified"
"hitachi","63","油圧ショベル","ZX55UR","CC-4LE2","","203","837P","532-85","4402807","","42-83S","HYD欄は薄い印字","unverified"
"hitachi","63","油圧ショベル","ZX55UR-2,3","V2403D1","","103N-1","837P(W)","564KSN","315HL","","42-83S","","unverified"
"hitachi","63","油圧ショベル","ZX55UR-5B","4TNV88C","","108","855P(W)","3530KF+3530PF","315HL","","42-83S","","unverified"
"hitachi","63","油圧ショベル","ZX55U-6EB","4TNV88C","","","","","","","","","unverified"
"hitachi","64","油圧ショベル","ZX70(LC)","4JG1","1CDP","106DS","836P(W)","516KH","315HZ","","317HN","","unverified"
"hitachi","64","油圧ショベル","ZX70(LC)-3","4LE2X","","206I","839P","516KS","315HZ","","525K","","unverified"
"hitachi","64","油圧ショベル","ZX75US(BL)","4BG1","1CCP","106DS","836P(W)","516KH","315HZ","","317HN","","unverified"
"hitachi","64","油圧ショベル","ZX75UR,US(A)","4JG1","","106DS","836P(W)","516KH","315HZ","","317HN+(203)","","unverified"
"hitachi","64","油圧ショベル","ZX75US(R)-3","4LE2X","","206I","839P","516KS","315HZ","","525K","","unverified"
"hitachi","64","油圧ショベル","ZX75UR,US(T)-5B","4TNV98C","","108","839PSH","3530KF+3530PF","","","203","","unverified"
"hitachi","64","油圧ショベル","ZX75UR(K)-7","4TNV98C","","","","","","","","","unverified"
"hitachi","64","油圧ショベル","ZX80LCK","4JG1","","106DS","836P","516KH","315HZ","","317H","","unverified"
"hitachi","64","油圧ショベル","ZX80LCK-B","4JG1","","106DS","836P","516KS","","","","","unverified"
"hitachi","64","油圧ショベル","ZX80LCK-3","4LE2X","","206I","839P","516KS","4450002","","525K","HYD欄は薄い印字","unverified"
"hitachi","64","油圧ショベル","ZX80C-5A","","","","","","","","","","unverified"
"hitachi","64","油圧ショベル","ZX110(E,M)","4BG1","","121CZ","823T","516KS","315HZ","","317HN","","unverified"
"hitachi","64","油圧ショベル","ZX110-3","4JJ1X","","121CZ","823PW","529NPF+323PF","315HZ","","525K","","unverified"
"hitachi","64","油圧ショベル","ZX120(E)","4BG1TC","","121CZ","823T","516KS","315HZ","","317HN","型式・OIL・FUEL・HYD・ドレン欄は2行にまたがる結合セル","unverified"
"hitachi","64","油圧ショベル","ZX120(E)","4BG1TC","#63000~","121CZ","823P","516KS","315HZ","","317HN","型式・OIL・FUEL・HYD・ドレン欄は2行にまたがる結合セル","unverified"
"hitachi","64","油圧ショベル","ZX120-3","4JJ1X","","121CZ","823P(W)","529NPF+323PF","4656608","","525K","HYD欄は薄い印字","unverified"
"hitachi","64","油圧ショベル","ZX120-5(B)","","","121CZ","823P(W)","529NPF+323PF","315HZ","","525K","","unverified"
"hitachi","64","油圧ショベル","ZX120-6","4JJ1X","","121CZ","823P(W)","323KF+323PKF","315HZ","","525K","AIR・HYD・ドレン欄は次行（ZH120-6）と結合","unverified"
"hitachi","64","油圧ショベル","ZH120-6","YDP-1KD","","205SK","823P(W)","207MF+323PKF","315HZ","","525K","AIR・HYD・ドレン欄は前行（ZX120-6）と結合","unverified"
"hitachi","64","油圧ショベル","ZX125US","","","121CZ","815NSor823P","516KS","315HZ","","317HN","","unverified"
"hitachi","64","油圧ショベル","ZX125W","","","121CZ","833P","516KS","318HZ","","317HN","","unverified"
"hitachi","64","油圧ショベル","ZX125WD","","HCM11P00V","121CZ","833PW","109HFN","","","","","unverified"
"hitachi","64","油圧ショベル","ZX125W-6","","","205SK","833PW","3610KF+6140KF","315HZ","","317HKS×3","","unverified"
"hitachi","64","油圧ショベル","ZX125W-7","","","","","","","","","","unverified"
"hitachi","64","油圧ショベル","ZX130H,K","4BG1TC","","121CZ","823T","516KS","315HZ","","317HN","型式・OIL・FUEL・HYD・ドレン欄は2行にまたがる結合セル","unverified"
"hitachi","64","油圧ショベル","ZX130H,K","4BG1TC","#63000~","121CZ","823P","516KS","315HZ","","317HN","型式・OIL・FUEL・HYD・ドレン欄は2行にまたがる結合セル","unverified"
"hitachi","64","油圧ショベル","ZX130H,K,L-3","4JJ1","","121CZ","823P(W)","529NPF+323PF","318HZ","","525K","","unverified"
"hitachi","64","油圧ショベル","ZX130L-6","4JJ1","","121CZ","","323KF+323PKF","","","","","unverified"
"hitachi","64","油圧ショベル","ZX135US","","","121CZ","815NS","516KS","315HZ","","317HN","型式・OIL・FUEL・HYD・ドレン欄は2行にまたがる結合セル","unverified"
"hitachi","64","油圧ショベル","ZX135US","","#63000~","121CZ","823P","516KS","315HZ","","317HN","型式・OIL・FUEL・HYD・ドレン欄は2行にまたがる結合セル","unverified"
"hitachi","64","油圧ショベル","ZX135US-3,-5(B)","4JJ1","","121CZ","823P(W)","529NPF+323PF","315HZ","","525K","","unverified"
"hitachi","64","油圧ショベル","ZX135US(X)-6","","","121CZ","823P","323KF+323PKF","315HZ","","","","unverified"
"hitachi","64","油圧ショベル","ZX135US-7","1KD","","205SK","823PW","207MF+323PKF","315HZ","","525K","","unverified"
"hitachi","64","油圧ショベル","ZX135UR","4BG1T","","121CZ","815NS","516KS","315HZ","","317HN","型式・エンジン・OIL・FUEL・HYD・ドレン欄は2行にまたがる結合セル","unverified"
"hitachi","64","油圧ショベル","ZX135UR","4BG1T","#63000~","121CZ","823P","516KS","315HZ","","317HN","型式・エンジン・OIL・FUEL・HYD・ドレン欄は2行にまたがる結合セル","unverified"
"hitachi","64","油圧ショベル","ZX135UST","","","121CZ","823P","516KS","315HZ","","317HN","","unverified"
"hitachi","64","油圧ショベル","ZX135USOS-7","1KD","","205SK","823P(W)","207MF+323PKF","315HZ","","525K","","unverified"
"hitachi","64","油圧ショベル","ZX145W-3","4JJ1","","121CZ","823P(W)","529NPF+323PF","315HZ","","525K","","unverified"
"hitachi","64","油圧ショベル","ZX160LCT(D)","4BG1","","121CZ","823T","516KS","315HZ","","317HN","型式・エンジン・OIL・FUEL・HYD・ドレン欄は2行にまたがる結合セル","unverified"
"hitachi","64","油圧ショベル","ZX160LCT(D)","4BG1","#63000~","121CZ","823P","516KS","315HZ","","317HN","型式・エンジン・OIL・FUEL・HYD・ドレン欄は2行にまたがる結合セル","unverified"
"hitachi","65","油圧ショベル","ZX160W","","#2205","121CZ","833P(W)","516KS","315HZ","","317HKS","","unverified"
"hitachi","65","油圧ショベル","ZX160LC","4HK1","~#10301","121CZ","833P(W)","529NPF+323PF","318HZ","","525K","OIL・AIR・HYD・ドレン欄は2行にまたがる結合セル","unverified"
"hitachi","65","油圧ショベル","ZX160LC","4HK1","#10302~","121CZ","833P(W)","323PFH+323PF","318HZ","","525K","OIL・AIR・HYD・ドレン欄は2行にまたがる結合セル","unverified"
"hitachi","65","油圧ショベル","ZX160LC-5B","4JJ1","","121CZ","","323KF+323PKF","","","525K","","unverified"
"hitachi","65","油圧ショベル","ZX160LC-6","4JJ1X","","121CZ","823P","323KF+323PKF","318HZ","","525K","","unverified"
"hitachi","65","油圧ショベル","ZX160LC-7","","","","","","","","","","unverified"
"hitachi","65","油圧ショベル","ZX170W-3","4HK1","~#10301","121CZ","833P(W)","529NPF+323PF","318HZ","","525K","OIL・AIR・HYD・ドレン欄は2行にまたがる結合セル","unverified"
"hitachi","65","油圧ショベル","ZX170W-3","4HK1","#10302~","121CZ","833P(W)","323PFH+323PF","318HZ","","525K","OIL・AIR・HYD・ドレン欄は2行にまたがる結合セル","unverified"
"hitachi","65","油圧ショベル","ZX180(LC)-3","","~#10301","121CZ","833P(W)","529NPF+323PF","318HZ","","525K","OIL・AIR・HYD・ドレン欄は2行にまたがる結合セル","unverified"
"hitachi","65","油圧ショベル","ZX180(LC)-3","","#10302~","121CZ","833P(W)","323PFH+323PF","318HZ","","525K","OIL・AIR・HYD・ドレン欄は2行にまたがる結合セル","unverified"
"hitachi","65","油圧ショベル","ZX195D","4BG1","","121CZ","823P","516KS","315HZ","","317HN","","unverified"
"hitachi","65","油圧ショベル","ZX200(E,X)","6BG1T","","121CZ","833P(W)","109HFN","318HZ","","317HN","","unverified"
"hitachi","65","油圧ショベル","ZX200LC(E)","6BG1T","","121CZ","833P(W)","109HFN","318HZ","","317HN","","unverified"
"hitachi","65","油圧ショベル","ZX200K-3m","MTE602T","","121CZ","833P(W)","109HFN","318HZ","","317HN","","unverified"
"hitachi","65","油圧ショベル","ZX200(LC,K)-3","4HK1X","~#202784","121CZ","833P(W)","529NPF+323PF","318HZ","","525K","型式・エンジン・OIL・AIR・HYD・ドレン欄は2行にまたがる結合セル","unverified"
"hitachi","65","油圧ショベル","ZX200(LC,K)-3","4HK1X","#202785~","121CZ","833P(W)","323PFH+323PF","318HZ","","525K","型式・エンジン・OIL・AIR・HYD・ドレン欄は2行にまたがる結合セル","unverified"
"hitachi","65","油圧ショベル","ZX200-5B・5G","4HK1X","","121CZ","833P(W)","323PF+323PFH","318HZ","","525K","","unverified"
"hitachi","65","油圧ショベル","ZX200-6","4HK1X","","121CZ","833P(W)","323KF+323PKF","318HZ","尿素=570PNF","525K","","unverified"
"hitachi","65","油圧ショベル","ZX200-7","4HK1X","","121CZ","833PW","323KF+323PKF","318HZ","尿素=570PNF","525K","","unverified"
"hitachi","65","油圧ショベル","ZH200(LC)-5B","4HK1X","","121CZ","833P(W)","323PF+323PFH","318HZ","","","","unverified"
"hitachi","65","油圧ショベル","ZH200(LC)-6","1KD","","205SK","833P(W)","323KF/208MF+323PKF","318HZ","","525K","FUEL欄の末尾に小さな印字あり（判読不可）","unverified"
"hitachi","65","油圧ショベル","ZX210(LC)H,K","6BG1T","","121CZ","833P(W)","109HFN","318HZ","","317HN","","unverified"
"hitachi","65","油圧ショベル","ZX210(LC)H,K-3","4HK1X","~#202784","121CZ","833P(W)","529NPF+323PF","318HZ","","525K","","unverified"
"hitachi","65","油圧ショベル","ZX210W-3","","#202785~","","","323PFH+323PF","","","","OIL・AIR・HYD・ドレン欄は空欄（上の行と結合の可能性）","unverified"
"hitachi","65","油圧ショベル","ZX210W","","","121CZ","833P(W)","109HFN","318HZ","","317HN","","unverified"
"hitachi","65","油圧ショベル","ZX210LCN-3","4HK1X","#600746~","121CZ","833P(W)","323PF+323PFH","318HZ","","525K","","unverified"
"hitachi","65","油圧ショベル","ZX210K-5B","4HK1X","","121CZ","833P(W)","323PF+323PFH","318HZ","","525K","","unverified"
"hitachi","65","油圧ショベル","ZX225US(R)","","1GDP~","121CZ","833P(W)","109HFN","318HZ","","317HN","","unverified"
"hitachi","65","油圧ショベル","ZX225US(R,K)-3","4HK1X","#203604~","121CZ","833P(W)","323PF+323PFH","318HZ","","525K","型式欄は3行にまたがる結合セル","unverified"
"hitachi","65","油圧ショベル","ZX225US(R,K)-3","4HK1X","~#202888","121CZ","833P(W)","529NPF+323PF","318HZ","","525K","型式欄は3行、AIR・HYD・ドレン欄は下2行にまたがる結合セル","unverified"
"hitachi","65","油圧ショベル","ZX225US(R,K)-3","4HK1X","#202889~","121CZ","833P(W)","323PFH+323PF","318HZ","","525K","型式欄は3行、AIR・HYD・ドレン欄は上の2行にまたがる結合セル","unverified"
"hitachi","65","油圧ショベル","ZX225US(L)-5B","4HK1X","","121CZ","833P(W)","323PFH+323PF","318HZ","","525K","","unverified"
"hitachi","65","油圧ショベル","ZX225US(R)-6","4HK1X","#500001~","121CZ","833P(W)","323KF+323PKF","318HZ","尿素=570PNF","525K","","unverified"
"hitachi","65","油圧ショベル","ZX225US(R)-7","","","121CZ","833P(W)","323KF+323PKF","318HZ","","525K","","unverified"
"hitachi","65","油圧ショベル","ZX230(LC)","6BG1T","","121CZ","833P(W)","109HFN","318HZ","","317HN","","unverified"
"hitachi","65","油圧ショベル","ZX240(LC)H,K","6BG1T","","121CZ","833P(W)","109HFN","318HZ","","317HN","","unverified"
"hitachi","65","油圧ショベル","ZX240N-3","4HK1X","#600746~","121CZ","833P(W)","323PF+323PFH","318HZ","","525K","","unverified"
"hitachi","65","油圧ショベル","ZX240-3","4HK1X","~#21313","121CZ","833P(W)","529NPF+323PF","318HZ","","525K","OIL・AIR・HYD・ドレン欄は2行にまたがる結合セル","unverified"
"hitachi","65","油圧ショベル","ZX240-3","4HK1X","#21314~","121CZ","833P(W)","323PFH+323PF","318HZ","","525K","OIL・AIR・HYD・ドレン欄は2行にまたがる結合セル。HYD欄の下段に薄い印字あり（判読不可）","unverified"
"hitachi","65","油圧ショベル","ZX240-5B","4HK1X","","121CZ","833P","323PF+323PFH","318HZ","","","","unverified"
"hitachi","66","油圧ショベル","ZX240LC-6","4HK1X","","121CZ","833PW","323KF+323PKF","318HZ","尿素=570PNF","525K","","unverified"
"hitachi","66","油圧ショベル","ZX240LC-7","","","","","","","","","","unverified"
"hitachi","66","油圧ショベル","ZX250H,K-3","4HK1X","~#21313","121CZ","833P(W)","529NPF+323PF","318HZ","","525K","OIL・AIR・HYD・ドレン欄は2行にまたがる結合セル","unverified"
"hitachi","66","油圧ショベル","ZX250H,K-3","4HK1X","#21314~","121CZ","833P(W)","323PFH+323PF","4656609","","525K","OIL・AIR・HYD・ドレン欄は2行にまたがる結合セル。HYD欄の下段は薄い印字","unverified"
"hitachi","66","油圧ショベル","ZX270(LC)","6BG1T","","121CZ","833P(W)","109HFN","318HZ","","317HN","","unverified"
"hitachi","66","油圧ショベル","ZX270-3","4HK1X","~#31066","121CZ","833P(W)","529NPF+323PF","318HZ","","525K","OIL・AIR・HYD・ドレン欄は2行にまたがる結合セル","unverified"
"hitachi","66","油圧ショベル","ZX270-3","4HK1X","#31067~","121CZ","833P(W)","323PFH+323PF","4656609","","525K","OIL・AIR・HYD・ドレン欄は2行にまたがる結合セル。HYD欄の下段は薄い印字","unverified"
"hitachi","66","油圧ショベル","ZX280LC(H)-3","4HK1X","~#31066","121CZ","833P(W)","529NPF+323PF","318HZ","","525K","OIL・AIR・HYD・ドレン欄は2行にまたがる結合セル","unverified"
"hitachi","66","油圧ショベル","ZX280LC(H)-3","4HK1X","#31067~","121CZ","833P(W)","323PFH+323PF","4656609","","525K","OIL・AIR・HYD・ドレン欄は2行にまたがる結合セル。HYD欄の下段は薄い印字","unverified"
"hitachi","66","油圧ショベル","ZX330(LC)","6HK1X","","121CZ","977KPH(W)","165FN","318HZ","","","","unverified"
"hitachi","66","油圧ショベル","ZX350(LC)H,K","6HK1X","","121CZ","977KPH(W)","165FN","318HZ","","","","unverified"
"hitachi","66","油圧ショベル","ZX330LC(H)-3","6HK1X","~#52013","121CZ","977KPH(W)","529NPF+323PF","318HZ","","525K","","unverified"
"hitachi","66","油圧ショベル","ZX350(LC)H,K-3","","#52014~","","","323PFH+323PF","4656609","","","上段（ZX330LC(H)-3）と結合の可能性。HYD欄は薄い印字","unverified"
"hitachi","66","油圧ショベル","ZX330-5B,5G","","","121CZ","470W","323PFH+323PF","318HZ","","525K","","unverified"
"hitachi","66","油圧ショベル","ZX350LCK-5B","","#700001~","121CZ","470W","323PFH+323PF","318HZ","","525K","","unverified"
"hitachi","66","油圧ショベル","ZX350LCK-6","6HK1X","","121CZ","977KPH(W)","323KF+323PKF","318HZ","","525K","","unverified"
"hitachi","66","油圧ショベル","ZX360W-3","","","121CZ","833P(W)","323PF+323PFH","???","","525K","HYD欄は薄い印字（YA00016054に見えるが判読不可）","unverified"
"hitachi","66","油圧ショベル","ZX370MHT","6HK1X","","121CZ","977KPH(W)","165FN","318HZ","","","","unverified"
"hitachi","66","油圧ショベル","ZX380HH","6HK1X","","121CZ","977KPH(W)","165FN","318HZ","","","","unverified"
"hitachi","66","油圧ショベル","ZX400R(LCH)-3","6HK1X","~#52013","121CZ","977KPH(W)","529NPF+323PF","318HZ","","525K","OIL・AIR・HYD・ドレン欄は2行にまたがる結合セル","unverified"
"hitachi","66","油圧ショベル","ZX400R(LCH)-3","6HK1X","#52014~","121CZ","977KPH(W)","323PFH+323PF","4656609","","525K","OIL・AIR・HYD・ドレン欄は2行にまたがる結合セル。HYD欄の下段は薄い印字","unverified"
"hitachi","66","油圧ショベル","ZX450(LC)H","6WG1","","121CZ","496P(W)","165FN","318HZ","","","","unverified"
"hitachi","66","油圧ショベル","ZX450(LC)-3","6WG1","","121CZ×2","496P(W)","529NPF+323PF×2","4654745","","525K","HYD欄は薄い印字","unverified"
"hitachi","66","油圧ショベル","ZX450TF-3","","","","","","","","","","unverified"
"hitachi","66","油圧ショベル","ZX470(LC)H-3","6WG1","","121CZ×2","496P(W)","529NPF+323PF×2","4654745","","525K","HYD欄は薄い印字","unverified"
"hitachi","66","油圧ショベル","ZX470(LC)R-5","6WG1","#030001~","121CZ×2","496P(W)","529NPF+323PF×2","4654745","","525K","HYD欄は薄い印字","unverified"
"hitachi","66","油圧ショベル","ZX480MT(H)","6WG1","","121CZ","496P(W)","165FN","318HZ","","","","unverified"
"hitachi","66","油圧ショベル","ZX490R-6","","#060001~","121CZ×2","496P(W)","未製作+323PF×2","4654745","","525K+103SS","HYD欄は薄い印字","unverified"
"hitachi","66","油圧ショベル","ZX490LCH-6","6UZ1","","121CZ×2","496P(W)","323KF×2+323PF×2","","","525K+103SS","","unverified"
"hitachi","66","油圧ショベル","ZX500,520LC(H)-3","6WG1","","121CZ×2","496P(W)","529NPF+323PF×2","4654745","","525K","HYD欄は薄い印字","unverified"
"hitachi","66","油圧ショベル","ZX600,650H","6WG1","","121CZ","496P(W)","165FN","318HZ","","","","unverified"
"hitachi","66","油圧ショベル","ZX650LC(H)-3","6WG1","","121CZ×2","496P(W)","529NPF+323PF×2","4654745","","525K","HYD欄は薄い印字","unverified"
"hitachi","66","油圧ショベル","ZX670LC(H)R-3","6WG1","","121CZ×2","496P(W)","529NPF+323PF×2","4654745","","525K","HYD欄は薄い印字","unverified"
"hitachi","66","油圧ショベル","ZX670LC-7","","","","","","","","","","unverified"
"hitachi","66","油圧ショベル","ZX750RT","","","121CZ","496P(W)","165FN","318HZ","","317HN","","unverified"
"hitachi","66","油圧ショベル","ZX800,850H","6WG1","","121CZ","496P(W)","165FN","318HZ","","317HN","","unverified"
"hitachi","66","油圧ショベル","ZX850LC-3","6WG1","","121CZ×2","977KPHW×24630331×2","529NPF+323PF×2","4654745","","525K","HYD欄は薄い印字","unverified"
"hitachi","66","油圧ショベル","ZX870(LC)H-3","6WG1","","121CZ×2","977KPHW×24630331×2","529NPF+323PF×2","4654745","","525K","HYD欄は薄い印字","unverified"
"hitachi","66","油圧ショベル","ZX870-7","","","","","","","","","","unverified"
"hitachi","66","油圧ショベル","ZX1000K,1200C","6WG1","","121CZ","496W","165FN","318HZ","","317HN","","unverified"
"hitachi","67","油圧ショベル","ZX1000K-5B","6WG1","","121CZ×2","977KPHW×2","529NPF×2 323PF×2","","","525K 103SS","FUEL欄は小さな印字","unverified"
"hitachi","67","油圧ショベル","ZX1400K","6WG1","","121CZ","496P(W)","165FN","318HZ","","317HN","","unverified"
"hitachi","67","油圧ショベル","ZX1800K","","","","","","","","","","unverified"
"hitachi","67","油圧ショベル","HX64B(-2)","D722","","203S","838P","532-65","314HZ","","","","unverified"
"hitachi","67","油圧ショベル","HX99B(-2)","D1105-KB","","203","838P","532-65","314HZ","","42-83S","","unverified"
"hitachi","67","油圧ショベル","HX120B","D1105-KB","1L5P","203","838P","532-65","","","42-83S","","unverified"
"hitachi","67","油圧ショベル","HX140B","","","","","","","","","","unverified"
"hitachi","67","油圧ショベル","HX220B","4BG1","","209S","823XT","516KH","150-450P","","317HN","","unverified"
"hitachi","67","油圧ショベル","HX220(B)-2","4BG1","","121CZ","823P","516KS","","","","","unverified"
"hitachi","67","油圧ショベル","HU230-A","6BG1T","","","","","","","","","unverified"
"hitachi","67","油圧ショベル","HU230-B","6BG1T","","","","","","","","","unverified"
"hitachi","67","油圧ショベル","KMC400P-7","","","","","","","","","","unverified"
"hitachi","67","油圧ショベル","SX603","","","","","","","","","","unverified"
"hitachi","67","油圧ショベル","SX605","","","","","","","","","","unverified"
"hitachi","67","油圧ショベル","SX607","","","","","","","","","","unverified"
"hitachi","67","油圧ショベル","SX607T","V1505","","","","","","","","","unverified"
"hitachi","67","油圧ショベル","SX610","","","","","","","","","","unverified"
"hitachi","67","タイヤショベル","SX603","D722","","","","","","","","","unverified"
"hitachi","67","タイヤショベル","SX604","D722","","","","","","","","","unverified"
"hitachi","67","タイヤショベル","SX605","V1405","","","","","","","","","unverified"
"hitachi","67","タイヤショベル","SX606","V1405","","","","","","","","","unverified"
"hitachi","67","タイヤショベル","SX607T","V1505","","","","","","","","","unverified"
"hitachi","67","タイヤショベル","SX607","V2203","","","","","","","","","unverified"
"hitachi","67","タイヤショベル","SX608T","V1505","","","","","","","","","unverified"
"hitachi","67","タイヤショベル","SX608","V2203","","","","","","","","","unverified"
"hitachi","67","タイヤショベル","SX610","4JG2","","","","","","","","","unverified"
"hitachi","67","ホイールローダー","WH02","C330","","324","836N","516KH","314H","313HN","313HN","","unverified"
"hitachi","67","ホイールローダー","WH03","DA220","101~","314-1","836N","540","314H×2","313HN","","","unverified"
"hitachi","67","ホイールローダー","WH04-1","6BB1","001~","338(121)","823N","540","316H","313HN","","","unverified"
"hitachi","67","ホイールローダー","WH04D","6BB1","001~","338(121)/338N×2","823N/823A","540","316H","","","","unverified"
"hitachi","67","ホイールローダー","WH04S","6BB1","95~","338","823N","540","","","","","unverified"
"hitachi","67","ホイールローダー","WH06D","6BB1","","338","823A","540","316H-1","","","","unverified"
"hitachi","67","ホイールローダー","WH070","6BB1","","338","823A","540","316H-1","","","","unverified"
"hitachi","67","ホイールローダー","WH100-1","","","209S","823X","109SFN","","","","","unverified"
"hitachi","67","ホイールローダー","WH100-2","","","209S","823T","109SFN","","","","","unverified"
"hitachi","67","ホイールローダー","WH150-1","","","209S","823T","109SFN","","","","","unverified"
"hitachi","67","ホイールローダー","WH150-2","","","","","","","","","ページ下端で切れており、データ欄は見えていない","unverified"
"hitachi","68","ホイールローダー","WH200-1","","","121CHD","810T","109HFN","","","","","unverified"
"hitachi","68","ホイールローダー","WH200-2","","","121CHD","810P","109HFN","","","","","unverified"
"hitachi","68","ホイールローダー","WHM120","K5B","","103N-1","837N","564K","","","","","unverified"
"hitachi","68","ホイールローダー","LX15-2","D1105-KA","","108","837N","30-85/564KSN","","","","","unverified"
"hitachi","68","ホイールローダー","LX15SL-3","D1105-KA","","","","","","","","","unverified"
"hitachi","68","ホイールローダー","LX15-(SL)7","D1105","","203","837P","532-85","207HS","","","","unverified"
"hitachi","68","ホイールローダー","LX20-1","3TN84","1~","106S","837N","50-90","207HS","","317H","","unverified"
"hitachi","68","ホイールローダー","LX20-2","3LD1","1001~","203","837N-190/838N","532-65","207HS","","317H","","unverified"
"hitachi","68","ホイールローダー","LX20(SL)-3","3LD1","","203","837N-190","532-65","","","317H","","unverified"
"hitachi","68","ホイールローダー","LX20(SL)-7","D1503","","103N-1","837P","532-85","207HS","","","","unverified"
"hitachi","68","ホイールローダー","LX26","D1402","","103N-1","837N","564KSN","","","","","unverified"
"hitachi","68","ホイールローダー","LX30-1","4TNA78T","","106S","837N","50-90","207HS","","317H","","unverified"
"hitachi","68","ホイールローダー","LX30-2,3","3TNE84T","","106S","837N","50-90","207HS","","317H","","unverified"
"hitachi","68","ホイールローダー","LX30-7","D1503T","","103N-1","837P","532-85","","","","","unverified"
"hitachi","68","ホイールローダー","LX40-2","3TNE84T","","106S","837N","50-90","207HS","","","","unverified"
"hitachi","68","ホイールローダー","LX40-3","3TNE84T","","106S","837N","50-90","207HS","","317H","","unverified"
"hitachi","68","ホイールローダー","LX40-7","D1503T","","103N-1","837P","532-85","","","","","unverified"
"hitachi","68","ホイールローダー","LX50-1","4TN100","","204Y","836NW","107SF","","","317H(HST)","","unverified"
"hitachi","68","ホイールローダー","LX50-2","","","204Y","836NW","107SF","","","","","unverified"
"hitachi","68","ホイールローダー","LX50-2C","4TNE98","","203","836NW","107SF","","","","","unverified"
"hitachi","68","ホイールローダー","LX50-7","V3300","","103N-1","839P","101SFN","","","","","unverified"
"hitachi","68","ホイールローダー","LX50-7","H25CNG","","","","","","","","","unverified"
"hitachi","68","ホイールローダー","LX60-7","V3300","","103N-1","839P","101SFN","","","","","unverified"
"hitachi","68","ホイールローダー","LX60-7","","","","","","","","","","unverified"
"hitachi","68","ホイールローダー","LX70-1","4BD1T","","209S","823NH","109SFN","","","","","unverified"
"hitachi","68","ホイールローダー","LX70-2(C)","W04CT","","122KDT","810P(W)","109HFN","315HL","","315HL","","unverified"
"hitachi","68","ホイールローダー","LX70(SS)-5","4BG1T","","209S","823T","516KH","","","","","unverified"
"hitachi","68","ホイールローダー","LX70-7","4BG1T","","209S","823P","516KH","315HL","","","","unverified"
"hitachi","68","ホイールローダー","LX80-1","6BD1","","121CHD","810TW","109HFN","","","","","unverified"
"hitachi","68","ホイールローダー","LX80-2","W04CT","","122KDT","810P(W)","109HFN","315HL","","315HL","","unverified"
"hitachi","68","ホイールローダー","LX80-5","4BG1T","","209S","823T","","","","","","unverified"
"hitachi","68","ホイールローダー","LX80-7","4BG1T","","209S","823NHA","516KH","","","","","unverified"
"hitachi","68","ホイールローダー","LX100-1","6BD1T","","121CHD","490NN","109HFN","4220609","","","HYD欄は薄い印字","unverified"
"hitachi","68","ホイールローダー","LX100-2","WO6DT","","122KDT","","109HFN","","","","","unverified"
"hitachi","68","ホイールローダー","LX100-5","","","","","","","","","","unverified"
"hitachi","68","ホイールローダー","LX100-7","","","121CD+121BD","815NN","109HFN","","","","","unverified"
"hitachi","68","ホイールローダー","LX110-7","6BG1T","","121CD+121BD","815NN","109HFN","","","","","unverified"
"hitachi","68","ホイールローダー","LX120","H06C-T","","121CHD","","334KF","","","","","unverified"
"hitachi","68","ホイールローダー","LX120-2","H07CT","","122KDT","","334KF","","","","","unverified"
"hitachi","68","ホイールローダー","LX120-5","","","","","","","","","","unverified"
"hitachi","69","ホイールローダー","LX130-7","","","121CZ","490NN","165FN","","","","","unverified"
"hitachi","69","ホイールローダー","LX150","EP100T","","121CHD+121CHBD","???","334KF","","","","AIR欄に薄い印字あり（4230384+4230385に見えるが判読不可）","unverified"
"hitachi","69","ホイールローダー","LX150-2(C)","NE6T","","123K","","529K","","","","","unverified"
"hitachi","69","ホイールローダー","LX150-5","","","","","","","","","","unverified"
"hitachi","69","ホイールローダー","LX160-7","","","121CZ","490NN","165FN","","","","","unverified"
"hitachi","69","ホイールローダー","LX190-7","","","138","495BA","207MF/208MF","","","","","unverified"
"hitachi","69","ホイールローダー","LX200","PE6T","","226+227NP","495B","529K","150-450","","","","unverified"
"hitachi","69","ホイールローダー","LX230-5","JD6125A","","","","","","","","","unverified"
"hitachi","69","ホイールローダー","LX230-7","","","138","495BA","207MF","","","","","unverified"
"hitachi","69","ホイールローダー","LX300-7","","","","","","","","","","unverified"
"hitachi","69","ホイールローダー","LX507","H25CNG","","","","","","","","","unverified"
"hitachi","69","ホイールローダー","ZW20(L)","D1105","","108","837P","50-80","207HS","","525K","","unverified"
"hitachi","69","ホイールローダー","ZW30(L)","D1803DI","","103N-1","836PW","50-80","207HS","","525K","","unverified"
"hitachi","69","ホイールローダー","ZW30-5B","D1703","","103N-1","836PW","50-80","","","","","unverified"
"hitachi","69","ホイールローダー","ZW40","V2403DI","","103N-1","836PW","50-80","207HS","","525K","","unverified"
"hitachi","69","ホイールローダー","ZW40-5B","D1803C","","103N-1+60-73BF","836PW","1803KF","207HS","","525K","OIL欄の末尾に「,」のような印字あり","unverified"
"hitachi","69","ホイールローダー","ZW50","V2403DI","","103N-1","836PW","50-80","207HS","","525K","","unverified"
"hitachi","69","ホイールローダー","ZW50-5B","D1803C","","103N-1","836PW","1803KF","","","PCV=60-73BF","","unverified"
"hitachi","69","ホイールローダー","ZW80","V3307DIT","","103N-1","839PW","101SFN","","","525K","","unverified"
"hitachi","69","ホイールローダー","ZW80-5B","","","205SK","823PW","YA00036229+32703","","","525K","FUEL欄は薄い印字","unverified"
"hitachi","69","ホイールローダー","ZW80-7","","","","","","","","","","unverified"
"hitachi","69","ホイールローダー","ZW90","V3307DIT","","103N-1","839PW","101SFN","","","525K","","unverified"
"hitachi","69","ホイールローダー","ZW100","V3800TCRS","","103N-1","823NHPW","101SFN","315HL","","HST=525K","","unverified"
"hitachi","69","ホイールローダー","ZW100-5B","","","205SK","823NHPW","YA00031036+31040","315HL","HST=525K","525K","FUEL欄は薄い印字","unverified"
"hitachi","69","ホイールローダー","ZW100-6","TCD3.6L4F","","","","","","","","","unverified"
"hitachi","69","ホイールローダー","ZW120","V3800TCRS","","103N-1","823NHPW","101SFN+107SFH+532S","315HL","","T/M=525K","","unverified"
"hitachi","69","ホイールローダー","ZW120-6","TCD3.6L4F","","205SK","823NHPW","","","","尿素=570PNF","","unverified"
"hitachi","69","ホイールローダー","ZW140","QSB4.5","","3970LF","833PW","6140KF+3054MXF","","","HST=317H","","unverified"
"hitachi","69","ホイールローダー","ZW140-5B","4HK1","","121CZ","263E23701","323PFH+323PF","263E752011","","???","HYD欄・ドレン欄は薄い印字（ドレンは P=26557… に見えるが判読不可）","unverified"
"hitachi","69","ホイールローダー","ZW140-6","QSB4.5","","3970LF","833PW","3054MXF+1098FS","","尿素570NFN","T/M=317HN","","unverified"
"hitachi","69","ホイールローダー","ZW140-7","","","","","","","","","","unverified"
"hitachi","69","ホイールローダー","ZW150","QSB4.5","","3970LF","833PW","6140KF+FS19732","","","","","unverified"
"hitachi","69","ホイールローダー","ZW150-5B","4HK1","","121CZ","263E23701","323PFH+323PF","263E752011","","???","HYD欄・ドレン欄は薄い印字（ドレンは P=…+524? に見えるが判読不可）","unverified"
"hitachi","69","ホイールローダー","ZW150-6","QSB4.5","","3970LF","833PW","3054MXF+1098FS","","","T/M=317HN","","unverified"
"hitachi","69","ホイールローダー","ZW160-7","","","","","","","","","","unverified"
"hitachi","69","ホイールローダー","ZW180","QSB6.7","","3970LF","977KPHW","6140KF+FS19732","315HZ","","???","ドレン欄は薄い印字（T/M26557-82051に見えるが判読不可）","unverified"
"hitachi","69","ホイールローダー","ZW180-5B","QSB6.7","","3970LF","977KPHW","6140KF+FS19732","315HZ","","???","結合セル（OIL・AIR・HYD・サクションは2行にまたがる）。ドレン欄は薄い印字（T/M26557-82051に見えるが判読不可）。FUEL欄は上下2段","unverified"
"hitachi","69","ホイールローダー","ZW180-5B","QSB6.7","","3970LF","977KPHW","1065FS+5632FF","315HZ","","???","結合セル（OIL・AIR・HYD・サクションは2行にまたがる）。ドレン欄は薄い印字。FUEL欄の下段","unverified"
"hitachi","69","ホイールローダー","ZW180-6","QSB6.7","","3970LF","5014DA+5308DB","3054MXF+1098FS","315HZ+317H+52-40AB","尿素570NFN","PCV=CV52001","","unverified"
"hitachi","70","ホイールローダー","ZW200・220","6HK1X","","121CZ","977KPHW","529NPF+323PF","316HZN","","","","unverified"
"hitachi","70","ホイールローダー","ZW220HYB-5B","4HK1","","3970LF","5014DA+5308DB","6140KF+1065FS","318HZ","","???","ドレン欄に薄い印字あり（P=26557…に見えるが判読不可）","unverified"
"hitachi","70","ホイールローダー","ZW220-7","QSB6.7","","","","","","","","","unverified"
"hitachi","70","ホイールローダー","ZW250","6HK1X","","121CZ","977KPHW","529NPF+323PF","316HZN","","","","unverified"
"hitachi","70","ホイールローダー","ZW250-5B","6HK1X","","121CZ","977KPHW","323PFH+323PF","318HZ","","","","unverified"
"hitachi","70","ホイールローダー","ZW310","","","","","","316HZN","","","","unverified"
"hitachi","70","ホイールローダー","ZW310-6","QSL9","","9009LF","5015DA+5309DB","3054MXF+1098FS","318HZ","","","","unverified"
"hitachi","70","ホイールローダー","ZW330-6","6WG1","","","","","","","","","unverified"
"hitachi","70","ホイールローダー","ZW550-6","QSL9","","","","","","","","","unverified"
"hitachi","70","バックホウローダー","JD350","M43CN","","","","","","","","","unverified"
"hitachi","70","バックホウローダー","JD790D","","154#","","","","","","","","unverified"
"hitachi","70","バックホウローダー","JD892D","","15A#","","","","","","","","unverified"
"hitachi","70","バックホウローダー","JD992D","","165#","","","","","","","","unverified"
"hitachi","70","ブルドーザー","DX40(M,MM)C","4JG2","","200D","836N(W)","516KH","","","","","unverified"
"hitachi","70","ブルドーザー","DX75L,75(M)-C","4045D","","","","","","","","","unverified"
"hitachi","70","キャリアダンプ","AH400-D","","OM501LA","","","","","","","","unverified"
"hitachi","70","キャリアダンプ","EG30","3LD1","","203","837P","532-85","","","","","unverified"
"hitachi","70","キャリアダンプ","EG40R","4BG1T","","209S+121BHD","823P","516KS","","","","","unverified"
"hitachi","70","キャリアダンプ","EG40R-C","4BG1T","","121CZ","823P","516KS","315HL","","","","unverified"
"hitachi","70","キャリアダンプ","EG70R","6BG1T","","121CZ","833P(W)","109HFN","315HL","","","","unverified"
"hitachi","70","キャリアダンプ","EG70R-3","4HK1X","","121CZ","833P(W)","323PFH+323PF","315HL","","","","unverified"
"hitachi","70","キャリアダンプ","EG110R","6HK1","","121CZ","977KPHWA","165FN","315HL","","","","unverified"
"hitachi","70","キャリアダンプ","EH750","QSK19C","","","","","","","","","unverified"
"hitachi","70","キャリアダンプ","EH3500AC II","QSK50","","","","","","","","","unverified"
"hitachi","70","キャリアダンプ","EH4000AC II","QSKTA60","","","","","","","","","unverified"
"hitachi","70","キャリアダンプ","EH5000AC-3","","","","","","","","","","unverified"
"hitachi","70","キャリアダンプ","MPX10","","","","","","","","","","unverified"
"hitachi","70","クローラキャリア","CG5(L)","CX240","","","","","","","","","unverified"
"hitachi","70","クローラキャリア","CG8","EA-8-UB","","","","","","","","","unverified"
"hitachi","70","クローラキャリア","CG13","EA-12-NB","","","","","","","","","unverified"
"hitachi","70","クローラキャリア","CG15","3AD1","","200S","401","","","","","","unverified"
"hitachi","70","クローラキャリア","CG16C","V1502B","","103N-1","837N","564KSN","","","","","unverified"
"hitachi","70","クローラキャリア","CG25D","V2203","","103N-1","836N","106FN","","","","","unverified"
"hitachi","70","クローラキャリア","CG30★","4JB1PA","","200D","836N","516KH","","","","","unverified"
"hitachi","70","クローラキャリア","CG35","4D31","","200D+322K","836N","106FN","","","","","unverified"
"hitachi","71","フォークリフト・キャリア","CG35C","4D32","","322DW","836N","106FN","","","","","unverified"
"hitachi","71","フォークリフト・キャリア","CG40(C)","4D34","","322DW","823N","106FN","","","","","unverified"
"hitachi","71","フォークリフト・キャリア","CG45(-2)","6BD1","","121","823N","540","","","","","unverified"
"hitachi","71","フォークリフト・キャリア","CG45-3★","WO6DT","","121","823N","540N","","","","","unverified"
"hitachi","71","フォークリフト・キャリア","CG45-3","WO6DT","","334KN","810N","564K","","","","","unverified"
"hitachi","71","フォークリフト・キャリア","CG45D","4D34","","322DW","823N","106FN","","","","","unverified"
"hitachi","71","フォークリフト・キャリア","CG70","6SA1T","","121CHOD+121CD","815NTWA","109HFN","","","","","unverified"
"hitachi","71","フォークリフト・キャリア","CG70-3★","H06C-T","","121W","815NTWA","","150-450×2","","","","unverified"
"hitachi","71","フォークリフト・キャリア","CG100★","EK100","","121+327P","495BNTWA","540N","","","","","unverified"
"hitachi","71","フォークリフト・キャリア","CG150","EF750","","","","","","","","","unverified"
"hitachi","71","フォークリフト・キャリア","CH40-2","","","338","836N","4067126","314H","","613","FUEL欄は薄い印字","unverified"
"hitachi","71","フォークリフト・キャリア","CH90","","","","","","4108104","","","","unverified"
"hitachi","71","フォークリフト・キャリア","R40C","QSK19-C525","","","","","","","","","unverified"
"hitachi","71","フォークリフト・キャリア","R60","KTTA19-C","","","","","","","","","unverified"
"hitachi","71","パイルドライバー","PD80","EL100","","","","","","","","","unverified"
"hitachi","71","パイルドライバー","PD90","EL100","","4507887","4084715","4091472","4084715","","","OIL・AIR・FUEL・HYD欄は全て薄い印字","unverified"
"hitachi","71","パイルドライバー","PD100","PD604","","4024308","4057281","4024309","150-450","","","OIL・AIR・FUEL欄は薄い印字","unverified"
"hitachi","71","パイルドライバー","SRX3000","6SD1T","","121CD+121CHBD×2","495BNTWA","165FN","150-450P","","317H","","unverified"
"hitachi","71","パイルドライバー","TH55-2","6BD1T","","121CHD","810T","109HFN","316H-2×2","","???","ドレン欄は薄い印字（4186123×2に見えるが判読不可）","unverified"
"hitachi","71","泥上掘削機","MA125V","","","229+227NP","495B","","","","313HN","","unverified"
"hitachi","71","泥上掘削機","MA125-1","6BD1T","","121CHD+121CHBD","810T","109HFN","150-450","","317H","","unverified"
"hitachi","71","泥上掘削機","MA125-2","6BD1T","","121CHD+122B","810T","109HFN","150-450","","317H","","unverified"
"hitachi","71","泥上掘削機","MA145-5","","","121CHD+121CHBD","833P","109HFN","150-450KP","","317HN","","unverified"
"hitachi","71","クレーン","ATX1000","6D16","クレーン","137K","","","","","","","unverified"
"hitachi","71","クレーン","ATX1000","OM501LA","キャリア","","","","","","","","unverified"
"hitachi","71","クレーン","ATX2000","6D24T","クレーン","138","","","","","","","unverified"
"hitachi","71","クレーン","ATX2000","OM442LA","キャリア","","","","","","","","unverified"
"hitachi","71","クレーン","ATX3000","6D24T","クレーン","138","","","","","","","unverified"
"hitachi","71","クレーン","ATX3000","M502LA","キャリア","","","","","","","","unverified"
"hitachi","71","クレーン","CD1500-2","6HK1","","121CZ","","165HN","","","","","unverified"
"hitachi","71","クレーン","CD2000-2","6HK1","","121CZ","","165HN","","","","","unverified"
"hitachi","71","クレーン","CD3000","SA6D140","","","","","","","","","unverified"
"hitachi","71","クレーン","CX500","H07C-T","","122KDT(+121CHBD)","","334KF","150-450","CSP10-10","42-83","","unverified"
"hitachi","71","クレーン","CX550,650","H07C-T","","122KDT(+121CHBD)","","334KF","150-450","CSP10-10","42-83","","unverified"
"hitachi","71","クレーン","CX700HD","M43CN","","","","","","","","","unverified"
"hitachi","71","クレーン","CX1000","6RB1","25AP#","121CHOD+121CHBD×2","495BA","165FN","","","","","unverified"
"hitachi","71","クレーン","HLX6000","6WG1","","121CZ×2","496PWA","529NPF×2+323PFH×2","","","","","unverified"
"hitachi","72","ホイールローダー","KH20","V-1902B","","103N-1","836N","540W","207HS","","207HS","","unverified"
"hitachi","72","ホイールローダー","KH40-2","6BB1","","338×2","","","314H","","","","unverified"
"hitachi","72","ホイールローダー","KH70","DS50","","121+321N","","521N","316H-1","","","","unverified"
"hitachi","72","ホイールローダー","KH75","EL100","","121+321N","810N","540","316H-1","","","","unverified"
"hitachi","72","ホイールローダー","KH100D","H06CT","#1001~","121CHD","833TWA","334KF","150-450","","","","unverified"
"hitachi","72","ホイールローダー","KH100(-1)","DS50A","~#668","121+321N","","521N","150-450","","","","unverified"
"hitachi","72","ホイールローダー","KHKH100-2","DS50A","~#777","121+321N","810N","521N","150-450","","","型式は原本で「KHKH100-2」と印字","unverified"
"hitachi","72","ホイールローダー","KH100-2","EL100","#778~","121","810N","521N","150-450","","KH125-1","ドレン欄に「KH125-1」の印字あり（行の対応は紙面の傾きのため#778~か#801~か不確実）","unverified"
"hitachi","72","ホイールローダー","KH100-2","","#801~","121CHD","810N","540","150-450","","","","unverified"
"hitachi","72","ホイールローダー","KH125D","H06CT","","121CHD+351PS","833TWA","334KF","150-450","","","","unverified"
"hitachi","72","ホイールローダー","KH125(-1)","","~#297","121+321N","","521N","150-450","","","","unverified"
"hitachi","72","ホイールローダー","KH125(-1)","H06CT","#301~372","121+321N","810N","521N","150-450","","","","unverified"
"hitachi","72","ホイールローダー","KH125-2","","#401~","226+227NP","810N","540","150-450","","","","unverified"
"hitachi","72","ホイールローダー","KH125-3","EM100","","121","833TWA","541","150-450","","42-83","","unverified"
"hitachi","72","ホイールローダー","KH125-3","H06CT","","121CHD+351PS","833TWA","109HFN/334KF","","","","","unverified"
"hitachi","72","ホイールローダー","KH150-2","PD604","","226+227NP","490NNA","529N","150-450","","","","unverified"
"hitachi","72","ホイールローダー","KH150-3","EM100","803~910","121","833TWA","541","150-450","","","","unverified"
"hitachi","72","ホイールローダー","KH150-3","H06CT","911~","121CHD","833TWA","109HFN/334KF","150-450","","","","unverified"
"hitachi","72","ホイールローダー","KH180-2","PD604","","226+227NP","490NNA","529N","150-450×2","","","","unverified"
"hitachi","72","ホイールローダー","KH180-3","EM100","","121","833TWA/815BNTWA","541","150-450","","","","unverified"
"hitachi","72","ホイールローダー","KH230-3","EM100","","121","833TWA","541","150-450×2","","","","unverified"
"hitachi","72","ホイールローダー","KH250HD","6RB1","","121CHOD","833TWA","165FN","","","","","unverified"
"hitachi","72","ホイールローダー","KH300(700)-1","8MA-1","","347+5300N","","","","","","","unverified"
"hitachi","72","ホイールローダー","KH300-2","8MA1","","347×2+5300N","871N","540×2","","","","","unverified"
"hitachi","72","ホイールローダー","KH300-3","6RB1","~236","347","833TWA","570Z","150-450","","","","unverified"
"hitachi","72","ホイールローダー","KH300-3","6RB1","237~","121CHOD","833TWA","165FN","4060977","314H","42-83","HYD欄は薄い印字","unverified"
"hitachi","72","ホイールローダー","KH350","4BD1","","121","823N","540","","","","","unverified"
"hitachi","72","ホイールローダー","KH500","12PB1","","349N+349P","495B","570Z","4060977","","","HYD欄は薄い印字","unverified"
"hitachi","72","ホイールローダー","KH500-3","6RB1T","","121CHOD","495B","165FN","4060977","","","HYD欄は薄い印字","unverified"
"hitachi","72","ホイールローダー","KH600","","","347×2+5300N","871N","540","","","","","unverified"
"hitachi","72","ホイールローダー","KH700-1","","","347×2+5300N","871N","540","","","","","unverified"
"hitachi","72","ホイールローダー","KH700-2","12PB1","~#146","347×2+5300N","4055040","570Z","4060977","","","AIR欄・HYD欄は薄い印字","unverified"
"hitachi","72","ホイールローダー","KH700-2","","#201~","150K+2+バイパス","871N","165F×2","","","","OIL欄の「バイパス」は原本で小さく印字","unverified"
"hitachi","72","ホイールローダー","KH700-7","6RB1T","","121CHD","810T","109HFN","4060977","","","HYD欄は薄い印字","unverified"
"hitachi","72","ホイールローダー","KH850-3","6RB1T","","121CHD","495B","165FN","","","","","unverified"
"hitachi","72","ホイールローダー","KH1000","6RB1T","","121CHOD+4099517/150K+151KB","871N","165FN","4060977","","","OIL欄の「4099517」は薄い印字。HYD欄は薄い印字","unverified"
"hitachi","72","ホイールローダー","MH5510B","6D24","","138","","","","","","","unverified"
"hitachi","72","ホイールローダー","MX6515B","6D24","","138","","","","","","","unverified"
"hitachi","73","（見出し不明）","SC-CA252D","BF4M2012CCE","","","","","","","","","unverified"
"hitachi","73","（見出し不明）","SP110","H07C","","122KDT","","","","","","","unverified"
"hitachi","73","（見出し不明）","SP135","P09C","","","","","","","","","unverified"
"hitachi","73","（見出し不明）","TX40UR","3LD1","","203","","","","","","","unverified"
"hitachi","73","（見出し不明）","TX40UR-2","S3L2-E2","","203C","837P","","","CSP10-30","","","unverified"
"hitachi","73","（見出し不明）","TX160","","","","","323PF+323PFH","","","","","unverified"
"hitachi","73","（見出し不明）","UCX300","6BG1T","","121CZ","","109HFN","","","","","unverified"
"hitachi","73","（見出し不明）","UCX350","6BG1T","","121CZ","","109HFN","","","","","unverified"
"hitachi","73","自走式クラッシャー","FS165T","4BG1","","121CZ","823P","516KS","???","","","HYD欄に薄い印字あり（判読不可）","unverified"
"hitachi","73","自走式クラッシャー","HC1410","QSC8.3","","","","","","","","","unverified"
"hitachi","73","自走式クラッシャー","HC2410","C1.5","","","","","","","","","unverified"
"hitachi","73","自走式クラッシャー","HC4700","C1.6","","","","","","","","","unverified"
"hitachi","73","自走式クラッシャー","HR240G","A-BD30","","103C","836P","516KH","","","","","unverified"
"hitachi","73","自走式クラッシャー","HR320,420","6BD1T","","121CHD+121CHBD","810P(W)","109HFN","150-450P","","317H","","unverified"
"hitachi","73","自走式クラッシャー","HR320G-5","","","","","","","","","","unverified"
"hitachi","73","自走式クラッシャー","HR1000","6BD1T","","","","","","","","","unverified"
"hitachi","73","自走式クラッシャー","HR1200S(G)","H07C-TD","","122KDT","833P(W)","109HFN","","","","","unverified"
"hitachi","73","自走式クラッシャー","LT105","","","","","","","","","","unverified"
"hitachi","73","自走式クラッシャー","ZR120HC","6BG1T","","121CZ","","109HFN","","","","","unverified"
"hitachi","73","自走式クラッシャー","ZR125HC","4HK1X","","","","","","","","","unverified"
"hitachi","73","自走式クラッシャー","ZR130HC","","","","","","","","","","unverified"
"hitachi","73","自走式クラッシャー","ZR260HC","6WG1X","","","","","","","","","unverified"
"hitachi","73","自走式クラッシャー","ZR420JC","","","","","","","","","","unverified"
"hitachi","73","自走式クラッシャー","ZR800TS","4JG1","","106DS","836P","516KH","315HZ","","317H","ドレン欄は右端で切れかけ（317Hと読める）","unverified"
"hitachi","73","自走式クラッシャー","ZR90???","6BG1T","","121CZ","","109HFN","","","","機種名の一部が指で隠れている（「ZR90」以降）","unverified"
"hitachi","73","自走式クラッシャー","???","4HK1X","","121CZ","833PW","529NPF+323PF","316HZN?","","","機種名が指で隠れている。HYD欄は原本で「316HZN?」と印字","unverified"
"hitachi","73","???改良機","???0G","4HK1X","","","","","","","","機種名の一部が指で隠れている（末尾「0G」のみ可視）。区分見出しの先頭も指で隠れている","unverified"
"hitachi","73","???改良機","???-G2000","6BG1T","","121CHD+121CHBD","833PW","109HFN","","","","機種名の一部が指で隠れている（「-G2000」のみ可視）。区分見出しの先頭も指で隠れている","unverified"
"hitachi","73","???改良機","SR-P600","","","","","","","","","区分見出しの先頭も指で隠れている","unverified"
"hitachi","73","???改良機","SR-P12???","???G1T","","121CHD+121CHBD","833PW","109HFN","","","","機種名の一部が指で隠れている（「SR-P12」まで可視）。エンジン欄も先頭が隠れている","unverified"
"hitachi","73","???ーン","???","V1505-KA","","","","","","","","区分見出し（「ーン」のみ可視）。型式欄が指で隠れている","unverified"
"hitachi","73","???ーン","???","","","203","837P","532-85","4402807","","","機種名が指で隠れている。HYD欄は薄い印字","unverified"
"hitachi","73","???ーン","???512(-2)","4JJ1X","","121CZ","823P","323PF+323PFH","","","","機種名の一部が指で隠れている（「512(-2)」のみ可視）","unverified"
"hitachi","73","???ーン","VR516FS","4JJ1X","","","","","","","","","unverified"
"hitachi","73","ローラー","???","F6L912","","207N","","201-3","","","","機種名が指で隠れている（ページ下端で切れている）","unverified"
"hitachi","74","ローラー","CA5110(PD)","F6L912","","207N","","201-3","","","","区分見出しはこのページになく、前ページ末の「ローラー」から継続と仮定","unverified"
"hitachi","74","ローラー","CC102(C)★","2FL1011","","","","","","","","","unverified"
"hitachi","74","ローラー","CC102(C)II","3LD1","","203","838N","532-65","","","","","unverified"
"hitachi","74","ローラー","CC122(C)★","2FL1011","","","","","","","","","unverified"
"hitachi","74","ローラー","CC135C","3LD2","","203","837P","532-85","","","","","unverified"
"hitachi","74","ローラー","CC135(C)-3A","D1703","","","","","","","","","unverified"
"hitachi","74","ローラー","CC142C","3LD1","","203","838N","532-65","","","","","unverified"
"hitachi","74","ローラー","CC142(C)★","2FL1011","","","","","","","","","unverified"
"hitachi","74","ローラー","CC150C(W)","3LD2","","","","","","","","","unverified"
"hitachi","74","ローラー","CC150(C)-3A","D1703","","","","","","","","","unverified"
"hitachi","74","ローラー","CC211,221(C)★","F4L912","","103-3","","201-3","","","","","unverified"
"hitachi","74","ローラー","CC222,232","BF4L1011","","","","","","","","","unverified"
"hitachi","74","ローラー","CC421(C)★","F6L912","","207N","","201-3","","","","","unverified"
"hitachi","74","ローラー","CC501(C)★","6CT8.3","???","","","","","","","SERIAL欄に薄く小さな印字あり（カタカナに見えるが判読不可）","unverified"
"hitachi","74","ローラー","CP201W(T)","WO6D","","335","823N/823P","540","207HS","","","","unverified"
"hitachi","74","ローラー","CP202(W,WT)","WO6E","","335/334KN","823P","540/109HFN","207HS","","","","unverified"
"hitachi","74","ローラー","CP220-3","4JJ1","","121CZ","823P","529NPF+323PF","","","","","unverified"
"hitachi","74","ローラー","CS12","4BD1","","338","823N","570","","","","","unverified"
"hitachi","74","ローラー","CS12N","W04D","","334K","823N","564KSN","","","","","unverified"
"hitachi","74","ローラー","CS12-5","4JGQ","","106DS","839PW","516KH","","","","","unverified"
"hitachi","74","ローラー","CS125-3","V3307DIT","","103N-1","839PW","101SFN","314HZ","","317HN","","unverified"
"hitachi","74","ローラー","RA100D(PD)","F6L912","","207N","","201-3","","","","","unverified"
"hitachi","74","ローラー","RA100D","6BT5.9C","","","","","","","","","unverified"
"hitachi","74","ローラー","RA150D","BF6L913","","","","","","","","","unverified"
"hitachi","74","ローラー","RA190D","","","","","","","","","","unverified"
"hitachi","74","ローラー","RS120","W04D","","","","","","","","","unverified"
"hitachi","74","ローラー","RC40","V1520-B","","103N-1","837N","30-85/564KSN","","","","","unverified"
"hitachi","74","ローラー","RC30,35,45★","2FL1011","","","","","","","","","unverified"
"hitachi","74","ローラー","RC35,45-2","3LD1","","203","838N","30-85||564KSN","","","","FUEL欄は原本で二重縦線入りの印字（30-85と564KSNの間、記号は原文のまま）","unverified"
"hitachi","74","ローラー","RT200(W)","WO6D","","335","823N","540","","","","","unverified"
"hitachi","74","ローラー","RT205","4BG1","","209S+121BHD","","516KH","","","","","unverified"
"hitachi","74","ローラー","RV30,35,45★","2FL1011","","","","","","","","","unverified"
"hitachi","74","ローラー","RV30-3","","","","","","","","","","unverified"
"hitachi","74","ローラー","RV70★","F4L912","","103-3","","201-3","","","","","unverified"
"hitachi","74","ローラー","RV100★","F6L912","","207N","","201-3","","","","","unverified"
"hitachi","74","ローラー","RX120B","","","","","","","","","","unverified"
"hitachi","74","ローラー","RX140B","","","","","","","","","","unverified"
"hitachi","74","ローラー","RX2000(-2)","6BD1T","","121CHD+121CHBD","810P","109HFN","150-450P","???","","サクション欄に薄い印字あり（4191301に見えるが判読不可）","unverified"
"hitachi","74","ローラー","RX2300","","","121CHD+121CHBD","810P","109HFN","150-450P","???","317H","サクション欄に薄い印字あり（4191301に見えるが判読不可）。エンジン欄は空欄","unverified"
"hitachi","74","ローラー","RX2300-3","4HK1","","121CZ","833P","529NPF+323PF","316HZN","","525K","","unverified"
"hitachi","75","ローラー","RX3300-7","","","","","","","","","区分見出しはこのページになく、前ページからの継続と仮定","unverified"
"hitachi","75","ローラー","SB-CC222","BF4L2011CE","","","","","","","","","unverified"
"hitachi","75","ローラー","SB-CC232","BF4L2011CE","","","","","","","","","unverified"
"hitachi","75","ローラー","ZC35C,T-3,5","D1703","","103N-1","837P","50-80","317HN","","317HN","","unverified"
"hitachi","75","ローラー","ZC35C","K4A","","206I","837P","50-80","317HN","","","","unverified"
"hitachi","75","ローラー","ZC50C,T-3,5","D1703","","103N-1","837P","50-80","317HN","","317HN","","unverified"
"hitachi","75","ローラー","ZC50C","K4D","","206I","837P","50-80","317HN","","","","unverified"
"hitachi","75","ローラー","ZC120S-6","QBS4.5","","","","","","","","","unverified"
"hitachi","75","ローラー","ZC125M-5","V3307CR-TE4B","","","","","","","","","unverified"
"hitachi","75","ローラー","ZC220P-5","V3800CRT","","103N-1","823P","107SFH","","","","","unverified"
"hitachi","75","ローラー","ZC220P-6","V3800CRT","","103N-1","823P","107SFH","","","","","unverified"
"hitachi","75","ローラー","ZC220P-7","V3307C","","","","","","","","","unverified"
"hitachi","75","アスファルトフィニッシャー","F12C","F6L912F","","207N","","201-3","","","","","unverified"
"hitachi","75","アスファルトフィニッシャー","F12C","BF6M1012","","","","","","","","","unverified"
"hitachi","75","ランマ","LG150","EY20","","","","","","","","","unverified"
"hitachi","75","ランマ","LG200","EY20","","","","","","","","","unverified"
"hitachi","75","ランマ","LG250","L60","","","","","","","","","unverified"
"hitachi","75","ランマ","LG300","ID30S","","","","","","","","","unverified"
"hitachi","75","ランマ","LG450","ID60S","","","","","","","","","unverified"
"hitachi","75","ランマ","LG550","E780","","","","","","","","","unverified"
"hitachi","75","ランマ","LG700","ID80S","","","","","","","","","unverified"
"hitachi","75","ランマ","ZV55R","EH09-2F","","","","","","","","","unverified"
"hitachi","75","ランマ","ZV65R","EH12-2D","","","","","","","","","unverified"
"hitachi","75","ランマ","ZV75R・85R","EH12-2D","","","","","","","","ZV系は紙面上「ランマ」見出しの下に並んでいる（見出しなしの可能性）。このページの下半分は裏面の文字が透けて見えるだけでデータなし","unverified"
"sumitomo","76","パワーショベル","SH7GX-3,7J","2YA1","","203T","838T","532-65","","","","","unverified"
"sumitomo","76","パワーショベル","SH9UX(-3)","2YA1","","203T","838T","532-65","","","","","unverified"
"sumitomo","76","パワーショベル","SH10UJ-3","2YA1","","203T","838T","532-65","","","","","unverified"
"sumitomo","76","パワーショベル","SH12JX(-2)","3LA1","","203T","838T","532-65","","","","","unverified"
"sumitomo","76","パワーショベル","SH15J","3LA1","","203","838N","532-65","","","","","unverified"
"sumitomo","76","パワーショベル","SH18J","3LA1","","203","838N","532-65","","","","","unverified"
"sumitomo","76","パワーショベル","SH18J(-2)","3LA1","","203","838N","532-65","","","","","unverified"
"sumitomo","76","パワーショベル","SH20JX,20UJ-3","3LA1","","203","838N","532-65","","","","","unverified"
"sumitomo","76","パワーショベル","SH25J(X)","3LB1","","203","838N","532-65","","","","","unverified"
"sumitomo","76","パワーショベル","SH28J","3LB1","","203","838N","532-65/532-85","","","","","unverified"
"sumitomo","76","パワーショベル","SH30J","3LD1","","203","837N-190","532-65","103SS","","","","unverified"
"sumitomo","76","パワーショベル","SH30UJ(-2)","3LD1","","203","837N-190","532-65","103SS","","","","unverified"
"sumitomo","76","パワーショベル","SH30UJ-3","3TNE84","","203","837P","50-90","","","","","unverified"
"sumitomo","76","パワーショベル","SH30JX","3LB1","","203","838N","532-65/532-85","103SS","","","","unverified"
"sumitomo","76","パワーショベル","SH30JX-2","","","203","837P","532-65","","","","","unverified"
"sumitomo","76","パワーショベル","SH32J","3LD1","","203","837N-190","532-65","103SS","","","","unverified"
"sumitomo","76","パワーショベル","SH35J(X)","3LD1","","203","837N-190","532-65","103SS","","","","unverified"
"sumitomo","76","パワーショベル","SH35J(U)","3LD1","","203","837N-190","532-65","103SS","","","","unverified"
"sumitomo","76","パワーショベル","SH38UJ(-2)","3LD1","","203","837N-190","532-65","CSP10-10","","","","unverified"
"sumitomo","76","パワーショベル","SH40JX","4LC1","","203","837N","532-65","","","","","unverified"
"sumitomo","76","パワーショベル","SH40UJ-2(-3)","3TNE84","","203","837P","50-90","","","","","unverified"
"sumitomo","76","パワーショベル","SH45J,UJ(-2)","4JC1","","106DS","837N/836N","516KH","","","","","unverified"
"sumitomo","76","パワーショベル","SH45J-2","4TNE88","","203","836NR","50-90","","","","","unverified"
"sumitomo","76","パワーショベル","SH45UJ-3","4LC1","","203","836NR","532-65/532-85","???","","","HYD欄に薄い印字あり（0759116UAに見えるが判読不可）","unverified"
"sumitomo","76","パワーショベル","SH55J","4JA1","","200D","837N/836N","516KH","","","","","unverified"
"sumitomo","76","パワーショベル","SH55UJ(-2)","4JA1","","200D","837N/836N","516KH","","","","","unverified"
"sumitomo","76","パワーショベル","SH55U-2","4LE1","","203","837NR","532-85","","","104NF,42-83","","unverified"
"sumitomo","76","パワーショベル","SH55J-2","A-4JA1","","106DS","836N","516KH","","","","","unverified"
"sumitomo","76","パワーショベル","SH60(PC)","","#60A1-1263~,#60B1-1347~,#60S1-1131~","106DS","837NR","516KH","","","","AIR・FUEL欄は2行にまたがる結合セル。シリアルは原本でエンジン欄の位置に小さく印字","unverified"
"sumitomo","76","パワーショベル","SH60(PC)","","~#60A1-1262,~#60B1-1346,~#60S1-1130","200D","837NR","516KH","","","","AIR・FUEL欄は2行にまたがる結合セル。シリアルは原本でエンジン欄の位置に小さく印字","unverified"
"sumitomo","76","パワーショベル","SH60LPC-2","4JB1","","106DS","837NR","516KH","136H","","","","unverified"
"sumitomo","76","パワーショベル","SH60(A,B)-2","","#60A2-1181~,#60B2-1384~,#60D2-1138~,#60E2-1384~","323KWD","837NR","106FN","110-220","","104NF,42-83","シリアルは原本でエンジン欄の位置に小さく印字","unverified"
"sumitomo","76","パワーショベル","SH60(A,B)-2","","~#60A2-1180,~#60B2-1383,~#60D2-1137,~#60E2-1383","322DW","837NR","106FN","110-220","","104NF,42-83","シリアルは原本でエンジン欄の位置に小さく印字","unverified"
"sumitomo","76","パワーショベル","SH60(D)X-2","","#60A2-1181~,#60B2-1384~,#60D2-1138~,#60E2-1384~","323KWD","837NR","106FN","110-220","","104NF,42-83","シリアルは原本でエンジン欄の位置に小さく印字","unverified"
"sumitomo","76","パワーショベル","SH60(D)X-2","","~#60A2-1180,~#60B2-1383,~#60D2-1137,~#60E2-1383","322DW","837NR","106FN","110-220","","104NF,42-83","シリアルは原本でエンジン欄の位置に小さく印字","unverified"
"sumitomo","76","パワーショベル","SH60SR","","","200D","823N","203NF","110-220","42-83","","","unverified"
"sumitomo","76","パワーショベル","SH65U(B)","4JB1","","106DS","836N","516KH","110-220","","104NF,42-83","","unverified"
"sumitomo","76","パワーショベル","SH65U-2","4LE1","","203","837NR","532-85","110-220","","104NF,42-83","","unverified"
"sumitomo","76","パワーショベル","SH75U-1","4JB1","","200D","837NR","516KH","110-220","42-83","","","unverified"
"sumitomo","77","パワーショベル","SH75U-2, X-2","4M40-E","","322DW","837NR","106FN","110-220","","104NF,42-83","機種名は紙面の湾曲でぼやけて読みにくい（要照合）","unverified"
"sumitomo","77","パワーショベル","SH75XU-3SPINACE","4TNE98","","203","836P","107SF","","42-83","","機種名は紙面の湾曲でぼやけて読みにくい（要照合）","unverified"
"sumitomo","77","パワーショベル","SH75X-3B","4LE2X","","206I","836PW","516KH","197HS","","518670","機種名は紙面の湾曲でぼやけて読みにくい（要照合）","unverified"
"sumitomo","77","パワーショベル","SH75X(U)-6A","4LE2X","","206I","836PW","529NPF+323PF","197HS","","518670","機種名は紙面の湾曲でぼやけて読みにくい（要照合）","unverified"
"sumitomo","77","パワーショベル","SH75X(U)-7(KK)","4TNV98C","","108","839P","3530KF+323PKF","197HS","","518670","機種名は紙面の湾曲でぼやけて読みにくい（要照合）","unverified"
"sumitomo","77","パワーショベル","SH75???-7","4LE2X","","206I","836PW","516KH","","","","機種名は「SH75」以降が読めない（UJ-7に見えるが判読不可）","unverified"
"sumitomo","77","パワーショベル","SH100(LL)","4BD1T","","209S+121BHD","823NR","516KH","197H","","103SS,42-83","","unverified"
"sumitomo","77","パワーショベル","SH100-1B","","","","","","","","","","unverified"
"sumitomo","77","パワーショベル","SH100(CT)-2","4BG1T","","209S+121BHD","810P","516KH","197H","","103SS,42-83","","unverified"
"sumitomo","77","パワーショベル","SH120(LPC)","4BD1T","","209S+121BHD","823NR","516KH","197H","","103SS,42-83","","unverified"
"sumitomo","77","パワーショベル","SH120CT(LPC,TN)-2","4BG1T","","209S+121BHD","810P/810TW","516KH","197H","","103SS,42-83","","unverified"
"sumitomo","77","パワーショベル","SH120PAX","","","","","","","","","","unverified"
"sumitomo","77","パワーショベル","SH120-3","6BG1T","~#5000","209S+121BHD","810P/810TW","516KH","197H","???","317HS","FUEL・HYD欄は2行にまたがる結合セル。サクション欄に薄い印字あり（KNJ2555に見えるが判読不可）","unverified"
"sumitomo","77","パワーショベル","SH120-3","6BG1T","#5001~","121CZ","810P","516KH","197H","","317HS","FUEL・HYD欄は2行にまたがる結合セル","unverified"
"sumitomo","77","パワーショベル","SH120-5","4JJ1X","","121CZ","823NHPW","529NPF+323PF","137YN","","518670","","unverified"
"sumitomo","77","パワーショベル","SH120-6","4JJ1X","","121CZ","823NHPW","529NPF+323PF","137YN","","","","unverified"
"sumitomo","77","パワーショベル","SH120LC-7","4JJ1X","","121CZ","823PW","529NPF+323PF","137YN","","518670","","unverified"
"sumitomo","77","パワーショベル","SH125X(U)-3SPINACE","4BG1T","","209S+121BHD","823P","516KS","197H","","317HS","","unverified"
"sumitomo","77","パワーショベル","SH125X(U)-3B","4JJ1X","","121CZ","823PW","529NPF+323PF","137YN","","518670","","unverified"
"sumitomo","77","パワーショベル","SH125-3","4BG1T","#5001~","121CZ","823P","516KS","197H","","317HS","","unverified"
"sumitomo","77","パワーショベル","SH125X(U)-6","4JJ1X","","121CZ","823PW","529NPF+323PF","137YN","","518670","","unverified"
"sumitomo","77","パワーショベル","SH125X(U)-7","4JJ1X","","121CZ","823PW","529NPF+323PF","137YN","","518670,尿素=570NFN","","unverified"
"sumitomo","77","パワーショベル","SH135U","","","322DW","823NR","106FN","197H","","103SS,42-83","","unverified"
"sumitomo","77","パワーショベル","SH135U-2","4D34T","","322DW","823NR","106FN","197H","","103SS,42-83","","unverified"
"sumitomo","77","パワーショベル","SH135X-3","4BG1T","~#5000","209S+121BHD","823P","516KH","197H","","103SS,42-83","機種名は2行にまたがる結合セル","unverified"
"sumitomo","77","パワーショベル","SH135X-3","4BG1T","#5001~","121CZ","823P","516KS","197H","","103SS,42-83","機種名は2行にまたがる結合セル","unverified"
"sumitomo","77","パワーショベル","SH135X-3B","4JJ1X","","121CZ","823PW","529NPF+323PF","137YN","","518670","","unverified"
"sumitomo","77","パワーショベル","SH135X-6","4JJ1X","","121CZ","823PW","529NPF+323PF","137YN","","518670","","unverified"
"sumitomo","77","パワーショベル","SH135X-7","4JJ1X","","121CZ","823PW","529NPF+323PF","137YN","","518670,尿素=570NFN","","unverified"
"sumitomo","77","パワーショベル","SH145U","4D31T","","200D+322K","823NR","106FN","197H","","103SS,42-83","","unverified"
"sumitomo","77","パワーショベル","SH145U-1B","","","","","","","","","","unverified"
"sumitomo","77","パワーショベル","SH200(HD,LC,LPC)","6BD1T","","121CHD+121CHBD","810P/810TW","109HFN","150-450P","351-10※","103SS,42-83","","unverified"
"sumitomo","77","パワーショベル","SH200LC-3LM","","","","","","","","","","unverified"
"sumitomo","77","パワーショベル","SH200LC-3MF","","","","","","","","","","unverified"
"sumitomo","77","パワーショベル","SH200CT(LPC)-2","6BG1T","","121CHD+121CHBD","810P/810TW","109HFN","150-450P","","103SS,42-83","","unverified"
"sumitomo","77","パワーショベル","SH200PAX","","","121CHD+121CHBD","810P/810TW","109HFN","150-450P","","103SS,42-83","","unverified"
"sumitomo","77","パワーショベル","SH200LPC-3","6BG1T","200A3-2003~","121CHD+121CHBD/121CZ","810P","109HFN","150-450P","","103SS,42-83","OIL・FUEL・HYD欄および機種名・エンジン欄は2行にまたがる結合セル。シリアル2段（200A3-2003~／200Z3-2536~）と各行の対応は不確実","unverified"
"sumitomo","77","パワーショベル","SH200LPC-3","6BG1T","200Z3-2536~","121CHD+121CHBD/121CZ","833P","109HFN","150-450P","","103SS,42-83","OIL・FUEL・HYD欄および機種名・エンジン欄は2行にまたがる結合セル。シリアル2段（200A3-2003~／200Z3-2536~）と各行の対応は不確実","unverified"
"sumitomo","77","パワーショベル","SH200(LC)-5","4HK1X","","121CZ","833PW","529NPF+323PF","150-450P","","518670","","unverified"
"sumitomo","77","パワーショベル","SH200(LC)-6","4HK1X","","121CZ","833PW","529NPF+323PF","150-450P","","518670","","unverified"
"sumitomo","78","パワーショベル","SH200HB-6","4HK1X","","121CZ","833PW","529NPF+323PF","150-450P","","518670","","unverified"
"sumitomo","78","パワーショベル","SH200(LC)-7","4HK1X","","121CZ","833PW","529NPF+323PF","150-450P","","518670,尿素=570NFN","","unverified"
"sumitomo","78","パワーショベル","SH200HB-7","4HK1X","","121CZ","833PW","529NPF+323PF","","","","","unverified"
"sumitomo","78","パワーショベル","SH200Z-8","","","","","","","","","","unverified"
"sumitomo","78","パワーショベル","SH210(LC)-5","4HK1X","","121CZ","833PW","529NPF+323PF","150-450P","","518670","","unverified"
"sumitomo","78","パワーショベル","SH215U-2","6BG1T","","121CHD+121CHBD","810P","109HFN","150-450P","","103SS,42-83","","unverified"
"sumitomo","78","パワーショベル","SH220(LC)","6BG1T","","121CHD+121CHBD","810P","109HFN","150-450P","","103SS,42-83","","unverified"
"sumitomo","78","パワーショベル","SH220LPC-2","6BG1T","","121CHD+121CHBD","810P","109HFN","150-450P","","103SS,42-83","","unverified"
"sumitomo","78","パワーショベル","SH220LPC-3","6BG1T","","121CHD+121CHBD","810P","109HFN","150-450P","","103SS,42-83","","unverified"
"sumitomo","78","パワーショベル","SH220PAX","","","","","","","","","","unverified"
"sumitomo","78","パワーショベル","SH220LC-3LM","","","","","","","","","","unverified"
"sumitomo","78","パワーショベル","SH220LC-3MF","","","","","","","","","","unverified"
"sumitomo","78","パワーショベル","SH220LC-3SL","","","","","","","","","","unverified"
"sumitomo","78","パワーショベル","SH225X-3","6BG1T","","121CHD+121CHBD/121CZ","810P","109HFN","150-450P","","103SS,42-83","","unverified"
"sumitomo","78","パワーショベル","SH225X-3B","4HK1X","","121CZ","823NHPW","529NPF+323PF","150-450P","","518670","","unverified"
"sumitomo","78","パワーショベル","SH235X(LC)-6","4HK1X","","121CZ","823NHPW","529NPF+323PF","150-450P","","518670","","unverified"
"sumitomo","78","パワーショベル","SH235X-7","4HK1X","","121CZ","833PW","529NPF+323PF","150-450P","","518670","","unverified"
"sumitomo","78","パワーショベル","SH235XLC-7LM,EC","4HK1X","","121CZ","833PW","529NPF+323PF","","","","","unverified"
"sumitomo","78","パワーショベル","SH235XLC-7MF","4HK1X","","121CZ","833PW","529NPF+323PF","","","","","unverified"
"sumitomo","78","パワーショベル","SH235X-8","4HK1X","","","","","","","","","unverified"
"sumitomo","78","パワーショベル","SH240-3","6BG1T","~#5000","121CHD+121CHBD","833P(W)","109HFN","150-450P","","103SS,42-83","機種名・AIR・FUEL・HYD欄は2行にまたがる結合セル","unverified"
"sumitomo","78","パワーショベル","SH240-3","6BG1T","#5001~","121CZ","833P(W)","109HFN","150-450P","","103SS,42-83","機種名・AIR・FUEL・HYD欄は2行にまたがる結合セル","unverified"
"sumitomo","78","パワーショベル","SH240-5","4HK1X","","121CZ","833P(W)","529NPF+323PF","150-450P","","518670","","unverified"
"sumitomo","78","パワーショベル","SH250-6,7","","","121CZ","833P(W)","529NPF+323PF","150-450P","","518670","","unverified"
"sumitomo","78","パワーショベル","SH250-8","4HK1X","","","","","","","","","unverified"
"sumitomo","78","パワーショベル","SH300(HD,LC)","6D22T","","138","495BHW","207MF","","","103SS,42-83","","unverified"
"sumitomo","78","パワーショベル","SH300(LC)-2(B)","","","138","495BHW","207MF","","","","","unverified"
"sumitomo","78","パワーショベル","SH300(LC)-3","6HK1X","","121CZ","977KPHW","165FN","150-450P","","103SS,42-83","","unverified"
"sumitomo","78","パワーショベル","SH330(LC)-3B","6HK1X","","121CZ","977KPHW","529NPF+323PF","150-450P","","103SS,42-83","","unverified"
"sumitomo","78","パワーショベル","SH330(LC)-5","6HK1X","","121CZ","977KPHW","529NPF+323PF","","","","","unverified"
"sumitomo","78","パワーショベル","SH330(LC)-6","6HK1X","","121CZ","977KPHW","529NPF+323PF","","","","","unverified"
"sumitomo","78","パワーショベル","SH330(LC)-3","6HK1X","","121CZ","977KPHW","165FN","150-450P","","103SS,42-83","","unverified"
"sumitomo","78","パワーショベル","SH330(LC)-7","6HK1X","","121CZ","977KPHW","529NPF+323PF","","","518760","ドレン欄は原本で「518760」と印字（他行は518670。原文のまま）","unverified"
"sumitomo","78","パワーショベル","SH330-8","6HK1X","","","","","","","","","unverified"
"sumitomo","78","パワーショベル","SH350HD","6D22T","","138","495BHW","207MF","","","103SS,42-83","","unverified"
"sumitomo","78","パワーショベル","SH350(HD)-2(B)","6D24TE1","","138","495BHW","207MF","","","103SS,42-83","","unverified"
"sumitomo","78","パワーショベル","SH350(HD)-3","6HK1X","","121CZ","977KPHW","165FN","150-450P","","103SS,42-83","","unverified"
"sumitomo","78","パワーショベル","SH350(HD)-3B","6HK1X","","121CZ","977KPHW","529NPF+323PF","150-450P","","103SS,42-83","","unverified"
"sumitomo","78","パワーショベル","SH350(HD)-5","6HK1X","","121CZ","977KPHW","529NPF+323PF","","","","","unverified"
"sumitomo","78","パワーショベル","SH350(HD)-6","6HK1X","","121CZ","977KPHW","529NPF+323PF","","","","","unverified"
"sumitomo","79","パワーショベル","SH350(HD)-7","6HK1X","","121CZ","977KPHW","529NPF+323PF","","","518760","ドレン欄は原本で「518760」と印字（他は518670。原文のまま）。紙面が斜めに湾曲しており、機種名と数値の行対応は帯の並びから判断（要照合）","unverified"
"sumitomo","79","パワーショベル","SH350HD-8","","","","","","","","","紙面が斜めに湾曲しており、機種名と数値の行対応は帯の並びから判断（要照合）","unverified"
"sumitomo","79","パワーショベル","SH400HD","6RB1T","","121CHOD","495BHW","165FN","","","103SS,42-83","紙面が斜めに湾曲しており、機種名と数値の行対応は帯の並びから判断（要照合）","unverified"
"sumitomo","79","パワーショベル","SH400-2(B)","","","138","495BHW","207MF","","","","紙面が斜めに湾曲しており、機種名と数値の行対応は帯の並びから判断（要照合）","unverified"
"sumitomo","79","パワーショベル","SH400(HD)-3","6SD1TC","","121CD+121CHBD×2","496PW","165FN","","","103SS,42-83","紙面が斜めに湾曲しており、機種名と数値の行対応は帯の並びから判断（要照合）","unverified"
"sumitomo","79","パワーショベル","SH450LHD(-2)","","","138","495BHW","207MF","","","103SS,42-83","紙面が斜めに湾曲しており、機種名と数値の行対応は帯の並びから判断（要照合）","unverified"
"sumitomo","79","パワーショベル","SH450L(HD)-3","6SD1TC","","121CD","496PW","165FN","","","103SS,42-83","紙面が斜めに湾曲しており、機種名と数値の行対応は帯の並びから判断（要照合）","unverified"
"sumitomo","79","パワーショベル","SH470HD-6","","","","","","","","","紙面が斜めに湾曲しており、機種名と数値の行対応は帯の並びから判断（要照合）","unverified"
"sumitomo","79","パワーショベル","SH480LHD-7","6UZ1X","","","","","","","","紙面が斜めに湾曲しており、機種名と数値の行対応は帯の並びから判断（要照合）","unverified"
"sumitomo","79","パワーショベル","SH500LHD-6","","","121CZ","496PW","","","","","紙面が斜めに湾曲しており、機種名と数値の行対応は帯の並びから判断（要照合）","unverified"
"sumitomo","79","パワーショベル","SH500LHD-6","","","121CZ","496PW","","","","","紙面が斜めに湾曲しており、機種名と数値の行対応は帯の並びから判断（要照合）","unverified"
"sumitomo","79","パワーショベル","SH500LHD-7","6UZ1X","","","","","","","","紙面が斜めに湾曲しており、機種名と数値の行対応は帯の並びから判断（要照合）","unverified"
"sumitomo","79","パワーショベル","SH500LHD-7","","","","","","","","","紙面が斜めに湾曲しており、機種名と数値の行対応は帯の並びから判断（要照合）","unverified"
"sumitomo","79","パワーショベル","SH800LHD","NC14","","","","","","","","紙面が斜めに湾曲しており、機種名と数値の行対応は帯の並びから判断（要照合）","unverified"
"sumitomo","79","パワーショベル","S045","C240","","338","837N","516KH/516B","","","","","unverified"
"sumitomo","79","パワーショベル","S10FX","DY27DS","","","","","","","","","unverified"
"sumitomo","79","パワーショベル","S20","EL100","","121","815NN","540","","","","","unverified"
"sumitomo","79","パワーショベル","S25(LS2500)","C330","","338","836N","570","","","","","unverified"
"sumitomo","79","パワーショベル","S30FX","DY41DS","","","","","","","","","unverified"
"sumitomo","79","パワーショベル","S35","DA120","","314-1","823N","540","","","","","unverified"
"sumitomo","79","パワーショベル","S40","DA120","","314-1","823N","540","","","","","unverified"
"sumitomo","79","パワーショベル","S40","","","347","823NH","540","","","","","unverified"
"sumitomo","79","パワーショベル","S40-L","6BD1","","338N","823N","540","","","","","unverified"
"sumitomo","79","パワーショベル","S50F2","2KC1","","203(C)","838N","203NF","","","","","unverified"
"sumitomo","79","パワーショベル","S50FX2,3","2KC1","","203(C)","838N","203NF","","","","","unverified"
"sumitomo","79","パワーショベル","S60F2","3KA1","","203(C)","","532N","207HS","","","","unverified"
"sumitomo","79","パワーショベル","S60FX2","3KA1","","203(C)","","532N","207HS","","","","unverified"
"sumitomo","79","パワーショベル","S60FX3","3KB1","","203(C)","838N","532-65","","","","","unverified"
"sumitomo","79","パワーショベル","S60PX","3KC1","","203(C)","838N","203NF","","","","","unverified"
"sumitomo","79","パワーショベル","S70","ND6","","119+227NP","815NN","529N","150-300","","","AIR・FUEL・HYD欄は2行にまたがる結合セル","unverified"
"sumitomo","79","パワーショベル","S70","PD604","","226+227NP","815NN","529N","150-300","","","AIR・FUEL・HYD欄は2行にまたがる結合セル","unverified"
"sumitomo","79","パワーショベル","S70F2","3KC1","","203(C)","838N","203NF","207HS","","","","unverified"
"sumitomo","79","パワーショベル","S70FX2","3KC1","","203(C)","838N","203NF","207HS","","","","unverified"
"sumitomo","79","パワーショベル","S70FX3","3KC2","","203(C)","837N","203NF","207HS","","","","unverified"
"sumitomo","79","パワーショベル","S75X(U)","","","","","","","","","","unverified"
"sumitomo","79","パワーショベル","S80F2","3KC1,3KR2","","203(C)","838N","203NF","207HS","","","","unverified"
"sumitomo","79","パワーショベル","S80FX2","3KC1,3KR2","","203(C)","838N","203NF","207HS","","","","unverified"
"sumitomo","79","パワーショベル","S80FX3","3KR2","","203C","837N","203NF","207HS","","","","unverified"
"sumitomo","79","パワーショベル","S85UX","3KC1","","203C","838N","203NF","","","","","unverified"
"sumitomo","80","パワーショベル","S90","ND6","","119+227NP","815NN","529N","","","","AIR・FUEL欄は2行にまたがる結合セル","unverified"
"sumitomo","80","パワーショベル","S90","PD604","","226+227NP","815NN","529N","","","","AIR・FUEL欄は2行にまたがる結合セル","unverified"
"sumitomo","80","パワーショベル","S90(FX)","3KR1","","108","837N","203NF","","","","","unverified"
"sumitomo","80","パワーショベル","S90EA","3T84HL-BS","","108","836N","532-85","","","","","unverified"
"sumitomo","80","パワーショベル","S90EB","3T84L-RBVM","","108","836N","532-85","","","","","unverified"
"sumitomo","80","パワーショベル","S90F(X)2","3KC1(2)","","203(C)","838N","203NF","207HS","","","HYD欄の207HSは紙面の傾きのためS90EBかS90F(X)2か不確実（他行の傾きから本行と判断）","unverified"
"sumitomo","80","パワーショベル","S90F3","3KC2,3KR2","","203C","837N","203NF","","","","","unverified"
"sumitomo","80","パワーショベル","S90FXS","3KC2,3KR2","","203C","837N","203NF","","","","","unverified"
"sumitomo","80","パワーショベル","S95FSX","3AE1","","200S","","516KH","","","","","unverified"
"sumitomo","80","パワーショベル","S100","PD6T04","","226+227NP","490NN","529N","???","???","","HYD欄・サクション欄に薄い印字あり（172112-74801／172112-74901に見えるが裏面の透けの可能性があり判読不可）","unverified"
"sumitomo","80","パワーショベル","S100E-2","3T84HTL","","108","836N","532-85","","","","","unverified"
"sumitomo","80","パワーショベル","S100EA","3T84HTL","","108","836N","532-85","","","","","unverified"
"sumitomo","80","パワーショベル","S100EB","3TN84HTL","","108","836N","532-85","","","","","unverified"
"sumitomo","80","パワーショベル","S100F2","3KC1(2)","","203C","837N","203NF","207HS","","","","unverified"
"sumitomo","80","パワーショベル","S100FX2","3KC1(2)","","203C","837N","203NF","207HS","","","","unverified"
"sumitomo","80","パワーショベル","S100F3","3KR-2","","203C","836N/837N","532-85/203NF","","","","","unverified"
"sumitomo","80","パワーショベル","S108FX3","3KR-2","","203C","836N/837N","532-85/203NF","","","","","unverified"
"sumitomo","80","パワーショベル","S110","","","","837N","","","","","","unverified"
"sumitomo","80","パワーショベル","S120","C240","","G67-O","837N","516B/516KH","","","","OIL欄は原本で「G67-O」と印字（O と 0 の判別は原本で要確認）","unverified"
"sumitomo","80","パワーショベル","S120E/EL","4TN78TL","","106S","836N","50-90","","","","","unverified"
"sumitomo","80","パワーショベル","S120F2","4JE1","","200D","837N","516KH","104NF","","","","unverified"
"sumitomo","80","パワーショベル","S120FX2","4JE1","","200D","837N","516KH","104NF","","","","unverified"
"sumitomo","80","パワーショベル","S120F3","4JE1","","106DS","836N/837N","516KH","","","","","unverified"
"sumitomo","80","パワーショベル","S120FX3","4JE1","","106DS","836N/837N","516KH","","","","","unverified"
"sumitomo","80","パワーショベル","S130F2","4JC1","","200D","837N","516KH","104NF","","","","unverified"
"sumitomo","80","パワーショベル","S130FX2","4JC1","","200D","837N","516KH","104NF","","","","unverified"
"sumitomo","80","パワーショベル","S130F3","4JC1","","106DS","836N/837N","516KH","","","","","unverified"
"sumitomo","80","パワーショベル","S130FX3","4JC1","","106DS","836N/837N","516KH","","","","","unverified"
"sumitomo","80","パワーショベル","S135X(U)","","","","823NR","106FN","197H","","103SS,42-83","","unverified"
"sumitomo","80","パワーショベル","S140","C330","","338","836N","570","","","","機種名は2行にまたがる結合セル","unverified"
"sumitomo","80","パワーショベル","S140","6BD1","","121","823N","540","","","","機種名は2行にまたがる結合セル","unverified"
"sumitomo","80","パワーショベル","S160","4BB1","","324","823/823N","570","","","","機種名・エンジン欄は2行にまたがる結合セル","unverified"
"sumitomo","80","パワーショベル","S160","4BB1","","338","836N","570/516KH","","","","機種名・エンジン欄は2行にまたがる結合セル","unverified"
"sumitomo","80","パワーショベル","S160EJ/FJ","4JB1","","200D","837N","516KH/491F","","","","","unverified"
"sumitomo","80","パワーショベル","S160F(A)","","","200D","837N","516KH","???","???","","HYD欄・サクション欄に薄い印字あり（KAJ1235／KAJ1233に見えるが裏面の透けの可能性があり判読不可）","unverified"
"sumitomo","80","パワーショベル","S160F-2(FJII), FIIU","4JB1","","200D","837NR","516KH","110-220","","103SS,42-83","","unverified"
"sumitomo","80","パワーショベル","S215X","","","","","","","","","","unverified"
"sumitomo","80","パワーショベル","S250","DA120","","314-1","823N","540","","","","","unverified"
"sumitomo","80","パワーショベル","S250AJ","DA120","","314-1","823N","540","","","","","unverified"
"sumitomo","81","パワーショベル","S260","6BD(BB)1","","338N/121","823N","540","","","","機種名・AIR・FUEL欄は2行にまたがる結合セル","unverified"
"sumitomo","81","パワーショベル","S260","WO60","","541-0","","540","","","","機種名・AIR・FUEL欄は2行にまたがる結合セル。エンジン欄は原本で「WO60」と印字（WO6Dの可能性、原本で要確認）","unverified"
"sumitomo","81","パワーショベル","S260AJ","6BD1","","121","823N","540","197H","","","","unverified"
"sumitomo","81","パワーショベル","S260BJ","6BD1","","121","823N","540","","","","","unverified"
"sumitomo","81","パワーショベル","S260EJ","WO6D","","541-O","823N","540","","","","OIL欄は原本で「541-O」と印字（O と 0 の判別は原本で要確認）","unverified"
"sumitomo","81","パワーショベル","S260EA","WO6D","","335","823N","540","","","","","unverified"
"sumitomo","81","パワーショベル","S260F(-2)","4D31T","","200D+322K","823","106FN","197H","","103SS,42-83","","unverified"
"sumitomo","81","パワーショベル","S260FJ","4D31T","","200D+322K","823","106FN","197H","","103SS,42-83","","unverified"
"sumitomo","81","パワーショベル","S260FJ(E)(-2)","4D31T","","200D+322K","823","106FN","197H","","103SS,42-83","","unverified"
"sumitomo","81","パワーショベル","S260FLC-2","4D31T","","200D+322K","823","106FN","197H","","103SS,42-83","","unverified"
"sumitomo","81","パワーショベル","S260FLL","4D31T","","200D+322K","823N","106FN","197H","","103SS,42-83","","unverified"
"sumitomo","81","パワーショベル","S260F-2","4D31T","","200D+322K","823","106FN","197H","","103SS,42-83","","unverified"
"sumitomo","81","パワーショベル","S265","6BD(BB)1","","338N/121","823N","540","197H","","103SS,42-83","","unverified"
"sumitomo","81","パワーショベル","S260EJ","WO6D","~#2530","335","823N","540","","","","機種名・AIR・FUEL欄は2行にまたがる結合セル。機種名は原本で「S260EJ」と印字（S265EJの可能性、原本で要確認）","unverified"
"sumitomo","81","パワーショベル","S260EJ","WO6D","#2531~","541-O","823N","540","","","","機種名・AIR・FUEL欄は2行にまたがる結合セル。機種名は原本で「S260EJ」と印字（S265EJの可能性、原本で要確認）。OIL欄の O と 0 は原本で要確認","unverified"
"sumitomo","81","パワーショベル","S265F","4D31T","","200D+322K","823","106FN","197H","","103SS,42-83","","unverified"
"sumitomo","81","パワーショベル","S265F-2","4D31T","","200D+322K","823","106FN","197H","","103SS,42-83","","unverified"
"sumitomo","81","パワーショベル","S265FA","4D31T","","200D+322K","823N","106FN","197H","","103SS,42-83","","unverified"
"sumitomo","81","パワーショベル","S265FJ(-2)","4D31T","","200D+322K","823","106FN","197H","","103SS,42-83","","unverified"
"sumitomo","81","パワーショベル","S280","ND6","","119","","529N","","","","機種名は2行にまたがる結合セル","unverified"
"sumitomo","81","パワーショベル","S280","EL100","","121","810N","540","","","103SS","機種名は2行にまたがる結合セル。ドレン欄は下段の位置に印字","unverified"
"sumitomo","81","パワーショベル","S280AJ.BJ","DA640","","314-1","823NH","540","198H生産中止","","","","unverified"
"sumitomo","81","パワーショベル","S280CJ.DJ","ND604","","119+227NP","815NN","529N","198H生産中止","","","","unverified"
"sumitomo","81","パワーショベル","S280EJS.EA","6BD1T","","121+349KN","810N","540","150-300","","","機種名・FUEL・HYD欄は2行にまたがる結合セル","unverified"
"sumitomo","81","パワーショベル","S280EJS.EA","6BD1","","121","833T","540","150-300","","","機種名・FUEL・HYD欄は2行にまたがる結合セル","unverified"
"sumitomo","81","パワーショベル","S280F","6BD1T","","121CD+121BD","833TW(A)","109HFN","","","103SS","","unverified"
"sumitomo","81","パワーショベル","S280F2","6BD1T","","121CD+121BD","833TW(A)","109HFN","","","103SS","","unverified"
"sumitomo","81","パワーショベル","S280FJ.FA","6BD1T","","121CD+121BD","833TW(A)","109HFN","150-300","","103SS,42-83","","unverified"
"sumitomo","81","パワーショベル","S280FLC2","6BD1T","","121CD+121BD","833TW(A)","109HFN","","","103SS,42-83","","unverified"
"sumitomo","81","パワーショベル","S340","PD604","","119+227NP","815NN","529NW","","","","","unverified"
"sumitomo","81","パワーショベル","S340F","6BG1T","","121CD+121BD","833TW(A)","109HFN","","","103SS,42-83","","unverified"
"sumitomo","81","パワーショベル","S340F2","6BG1T","","121CD+121BD","833TW(A)","109HFN","","","103SS,42-83","","unverified"
"sumitomo","81","パワーショベル","S340EJ","6BG1T","","121CD+121BD","833TW(A)","109HFN","","","103SS,42-83","","unverified"
"sumitomo","81","パワーショベル","S340FJ(2)","6BG1T","","121CD+121BD","833TW(A)","109HFN","","","103SS,42-83","","unverified"
"sumitomo","81","パワーショベル","S340FLC","6BG1T","","121CD+121BD","833TW(A)","109HFN","","","103SS,42-83","","unverified"
"sumitomo","81","パワーショベル","S400","PD6T04","","226+227NP","490NN","529NW","","","103SS","","unverified"
"sumitomo","81","パワーショベル","S430EJ/FJ","PD6T04","","226+227NP","495BNTWA","529NW","","","103SS","","unverified"
"sumitomo","81","パワーショベル","S430F(J)","PD6T04","","226+227NP","495BNTWA","529NW","","","103SS","","unverified"
"sumitomo","81","パワーショベル","S430FJ2","6D22T","~#5227","138","495BNTWA","207MF","","","103SS,42-83","機種名は2行にまたがる結合セル","unverified"
"sumitomo","81","パワーショベル","S430FJ2","6D22T","#5228~","138","495BHWA","207MF","","","103SS,42-83","機種名は2行にまたがる結合セル","unverified"
"sumitomo","82","パワーショベル","S430(S)","6SA1","","121CHD+121CHBD","","109HFN","","","103SS,42-83","紙面の傾きで右側列の行対応を補正して読み取り","unverified"
"sumitomo","82","パワーショベル","S430FLC","PD6T04","","226+227NP","490NN","529NW","","","103SS","","unverified"
"sumitomo","82","パワーショベル","S430FLC-2","6D22T","","138","495BNTWA/495BHWA","207MF","","","103SS,42-83","","unverified"
"sumitomo","82","パワーショベル","S580","RD8T04","","226+227NP","495BHWA","546","","","","","unverified"
"sumitomo","82","パワーショベル","S580EJ","EF750","","121H+327P","872H","541","","","103SS","","unverified"
"sumitomo","82","パワーショベル","S580F2,FJ2","6RB1T","","121CHOD","495BHWA","165FN","","","103SS","","unverified"
"sumitomo","82","パワーショベル","S740","12U-71","","","","","","","","","unverified"
"sumitomo","82","パワーショベル","LS60W-2","4D34","","322DW","839P","106FN","","","","","unverified"
"sumitomo","82","パワーショベル","LS60W-2","4DBD1","","209S","823/823N","109SFN","","","","","unverified"
"sumitomo","82","パワーショベル","LS78LS","6DB10C","","135N","495","529D","","","","","unverified"
"sumitomo","82","パワーショベル","LS78RH-5","H06CT","","121W","810N","540","","","","","unverified"
"sumitomo","82","パワーショベル","LS78RM","6D14CT","#~526458","137W","810N","204FN","","","","機種名は2行にまたがる結合セル","unverified"
"sumitomo","82","パワーショベル","LS78RM","6D14CT","#526459~","137K","810N","204FN","","","","機種名は2行にまたがる結合セル","unverified"
"sumitomo","82","パワーショベル","LS78RS","6DB10C","","135N","495","529D","","","","","unverified"
"sumitomo","82","パワーショベル","LS98J","DH100","","347","","540","","","","","unverified"
"sumitomo","82","パワーショベル","LS108BJ","6DB10C","","135N","495","529D","","","","","unverified"
"sumitomo","82","パワーショベル","LS108BJ","EL-100","","321N","810N","521N","","","","","unverified"
"sumitomo","82","パワーショベル","LS108,118RH-5","H06CT","","121W","810N","540","","","","","unverified"
"sumitomo","82","パワーショベル","LS118RM(T)","6D14CT","#~526458","137W","810N","204FN","","","","機種名は2行にまたがる結合セル","unverified"
"sumitomo","82","パワーショベル","LS118RM(T)","6D14CT","#526459~","137K","810N","204FN","","","","機種名は2行にまたがる結合セル","unverified"
"sumitomo","82","パワーショベル","LS120RH-5","H06CT","","121W","810N","540","","","","","unverified"
"sumitomo","82","パワーショベル","LS218-5","6D22CT","","138","495BNTWA","207MF","","","","","unverified"
"sumitomo","82","パワーショベル","LS218RH","8MA1","","138","","207MF","","","","機種名・OIL欄は2行にまたがる結合セル。AIR欄の495BAは下段（8DC9）の位置","unverified"
"sumitomo","82","パワーショベル","LS218RH","8DC9","","138","495BA","","","","","機種名・OIL欄は2行にまたがる結合セル。AIR欄の495BAは下段（8DC9）の位置","unverified"
"sumitomo","82","パワーショベル","LS218RH-5","6D-22","","","","","","","","","unverified"
"sumitomo","82","パワーショベル","LS238RH-5","6D22CT","","138","495BNTWA","207MF","","","","","unverified"
"sumitomo","82","パワーショベル","LS248RH-5","6D22CT","","138","495BNTWA","207MF","","","","","unverified"
"sumitomo","82","パワーショベル","LS300FX/FXJS","DY41DS","","","","","","","","","unverified"
"sumitomo","82","パワーショベル","LS368RH-5","","","","","","","","","","unverified"
"sumitomo","82","パワーショベル","LS458HD","8DC9C","","138","","529/207MF","","","","","unverified"
"sumitomo","82","パワーショベル","LS500FJ2,3/FXJ2,3","2KC1","","203","838N","203NF/532N","","","","","unverified"
"sumitomo","82","パワーショベル","LS600FJ/FXJ","3KA1","","203","838N","203NF/532N","","","","","unverified"
"sumitomo","82","パワーショベル","LS600FJ2/FXJ2","3KA1PA-07","","203","838N","203NF/532N","","","","","unverified"
"sumitomo","82","パワーショベル","LS700FJ","3KC1STD-01","","203","838N","203NF/532N","","","","","unverified"
"sumitomo","82","パワーショベル","LS700FJ2/FXJ2","3KC1PA-23","","203","838N","203NF/532N","","","","","unverified"
"sumitomo","82","パワーショベル","LS800FJ/FXJ","3KC1","","203","838N","203NF/532N","","","","","unverified"
"sumitomo","82","パワーショベル","LS800FJ2/FXJ2","3KC1PA-23","","203","838N","203NF/532N","","","","","unverified"
"sumitomo","82","パワーショベル","LS900EJ","3T84HL","","108","837N","532-85","","","","","unverified"
"sumitomo","82","パワーショベル","LS900FJ/FXJ","3KR1","","203","837N","203NF/532N","","","","","unverified"
"sumitomo","83","パワーショベル","LS900FJ2/FXJ2","3KC1","","203","837N","203NF/532N","","","","紙面が斜めに歪み、右側列の行対応は帯の並びから判断","unverified"
"sumitomo","83","パワーショベル","LS1000","","","200S","837N","516KH","","","","","unverified"
"sumitomo","83","パワーショベル","LS1000J/EJ","3AB1","","200S","837N","516KH","","","","","unverified"
"sumitomo","83","パワーショベル","LS1000FJ/FXJ","3AB1","","200S","837N","516KH","","","","","unverified"
"sumitomo","83","パワーショベル","LS1000FJ2/FXJ2","3KR1","","108","837N","203NF","","","207HS","ドレン欄はぼやけた印字（207HSに見える）","unverified"
"sumitomo","83","パワーショベル","LS1000EJ2/EXJ2","3T84HL","","108","837N","532-85","","","207HS","ドレン欄はぼやけた印字（207HSに見える）","unverified"
"sumitomo","83","パワーショベル","LS1200","C240","","G67-O","837N","516KH","","","","OIL欄は原本で「G67-O」と印字（O と 0 の判別は原本で要確認）","unverified"
"sumitomo","83","パワーショベル","LS1200E","","","106S","837N","50-90","","","","","unverified"
"sumitomo","83","パワーショベル","LS1200J/AJ","C240","","G67-O","837N","516KH","","","","OIL欄は原本で「G67-O」と印字（O と 0 の判別は原本で要確認）","unverified"
"sumitomo","83","パワーショベル","LS1200FJ/FXJ","C240P-S1","","200DH","837N","516KH","","","","","unverified"
"sumitomo","83","パワーショベル","LS1200FJ2/FXJ2","4JE1PA","","200D","837N","516KH","","","","","unverified"
"sumitomo","83","パワーショベル","LS1200RH-5","","","","","","","","","","unverified"
"sumitomo","83","パワーショベル","LS1300FJ/FXJ","4JA1PA-01","","200D","837N","516KH","","","","","unverified"
"sumitomo","83","パワーショベル","LS1300FJ2/FXJ2","4JA1PC-03","","200D","837N","516KH","","","","","unverified"
"sumitomo","83","パワーショベル","LS1400I/J","C330/C240","","338","836N","570","","","","","unverified"
"sumitomo","83","パワーショベル","LS1400AJ","C330/4BB1","","338","836N","570","","","","","unverified"
"sumitomo","83","パワーショベル","LS1600J","4BB1","","338","836N","570","","","","","unverified"
"sumitomo","83","パワーショベル","LS1600EJ","4JB1","","200D","837N","516KH","","","90-275(???)","ドレン欄は「90-275」の後ろに小さな注記があり判読不可","unverified"
"sumitomo","83","パワーショベル","LS1600FJ","4JB1","","200D","837N","516KH","","","90-275(???)","ドレン欄は「90-275」の後ろに小さな注記があり判読不可","unverified"
"sumitomo","83","パワーショベル","LS1600FJ-2","","","200D","837NR","516KH","110-220","42-83","104NF","","unverified"
"sumitomo","83","パワーショベル","LS2500AJ/BJ","DA120","","314-1/347","823N","540","","","","","unverified"
"sumitomo","83","パワーショベル","LS2600J/AJ","DA120","","314-1/347","823N","540","","","","","unverified"
"sumitomo","83","パワーショベル","LS2600AJ","6BD1","","121","823N","540","","","","","unverified"
"sumitomo","83","パワーショベル","LS2600BJ","6BD1","","121","823N","540","","","","","unverified"
"sumitomo","83","パワーショベル","LS2600EJ","WO6D","","541-0","823N","540","","","","OIL欄は原本で「541-0」と印字（O と 0 の判別は原本で要確認）","unverified"
"sumitomo","83","パワーショベル","LS2600FJ(2)","4D31T","","200D+322K","823N","106FN","197H","42-83","103SS","","unverified"
"sumitomo","83","パワーショベル","LS2650J","6BD1","","121","823N","540","","","","","unverified"
"sumitomo","83","パワーショベル","LS2650AJ","6BD1","","121","823N","540","","","","","unverified"
"sumitomo","83","パワーショベル","LS2650EJ","WO6D","~#2530","541-O","823N","540","","","","機種名・AIR・FUEL欄は2行にまたがる結合セル","unverified"
"sumitomo","83","パワーショベル","LS2650EJ","WO6D","#2531~","335","823N","540","","","","機種名・AIR・FUEL欄は2行にまたがる結合セル","unverified"
"sumitomo","83","パワーショベル","LS2650FJ/FJ2","4D31T","","200D+322K","823N","106FN","197H","42-83","103SS","","unverified"
"sumitomo","83","パワーショベル","LS2700C2","","","","823NHA","","","","","","unverified"
"sumitomo","83","パワーショベル","LS2800AJ/BJ","DA640","","314-1/347","823NH","540","150-300","","","","unverified"
"sumitomo","83","パワーショベル","LS2800BJ/BJ2","ND604","","119+227NP","823NH","529N","150-300","","","","unverified"
"sumitomo","83","パワーショベル","LS2800CJ","ND604","","119+227NP","815NN","529N","","","","","unverified"
"sumitomo","83","パワーショベル","LS2800DJ","EL100","","121","815NN","540","","","","","unverified"
"sumitomo","83","パワーショベル","LS2800EJ","6BD1T","","121+349KN","833TW","540","","","","","unverified"
"sumitomo","83","パワーショベル","LS2800FJ","6BD1T","","121CD+121BD","833TW(A)","109HFN","150-300KP","42-83","103SS","","unverified"
"sumitomo","83","パワーショベル","LS2800FJ2","6BD1T","","121CD+121BD","833TW(A)","109HFN","150-300KP","42-83","103SS","","unverified"
"sumitomo","83","パワーショベル","LS3400J","PD604","","119+227NP","815NN","529N","","","","","unverified"
"sumitomo","84","パワーショベル","LS3400AJ","PD604","","119+227NP","815NN","529N","","42-83","103SS","紙面が斜めに歪み、右側列の行対応は帯の並びから判断","unverified"
"sumitomo","84","パワーショベル","LS3400EJ/FJ","6BG1T","","121CD+121BD","833TW(A)","109HFN","","","","","unverified"
"sumitomo","84","パワーショベル","LS3900(S)","PD6T04","","226+227NP","490NN","529N","","","","","unverified"
"sumitomo","84","パワーショベル","LS4300EJ/FJ","PD6T04","","226+227NP","495BNTW","529N","","","","","unverified"
"sumitomo","84","パワーショベル","LS4300FJ2","PD6T04","","226+227NP","495BNTW","529N","150-300","42-83","103SS","機種名は2行にまたがる結合セル。HYD・サクション・ドレンは上段の位置に印字（下段にも及ぶ結合の可能性）","unverified"
"sumitomo","84","パワーショベル","LS4300FJ2","6D22T","","138","495BNTW/495BHW","207MF","","","","機種名は2行にまたがる結合セル","unverified"
"sumitomo","84","パワーショベル","LS5800J","RD8T04","","226+227NP","495B","546","","","","OIL欄は「228+227NP」に見える（他行は226+227NP。原本で要確認）","unverified"
"sumitomo","84","パワーショベル","LS5800EJ","EL750","","121H+327P","872H","541","","","","","unverified"
"sumitomo","84","アスファルトフィニッシャー","HA14C,18C","","","103N-1","837R","564KSN","207HS","","","","unverified"
"sumitomo","84","アスファルトフィニッシャー","HA20C,24C","4FB1","","106DS","401","516KH","207HS","","","","unverified"
"sumitomo","84","アスファルトフィニッシャー","HA25C(W)-2","V2203KB","","103N-1","837R","564KSN","207HS","","","","unverified"
"sumitomo","84","アスファルトフィニッシャー","HA30C,31C","4FB1","","106DS","401","516KH","207HS","","","","unverified"
"sumitomo","84","アスファルトフィニッシャー","HA31C-2","V2203KB","","103N-1","837N","564KSN","207HS","","","","unverified"
"sumitomo","84","アスファルトフィニッシャー","HA31C-3","V2203KB","","103N-1","837R","564KSN","","","","","unverified"
"sumitomo","84","アスファルトフィニッシャー","HA31C-5","V3300","","103N-1","839P","101SFN+564KSN(プレ)","","","","FUEL欄は小さな印字（「(プレ)」はカタカナに見えるが原本で要確認）","unverified"
"sumitomo","84","アスファルトフィニッシャー","HA31W-2","V2203KB","","103N-1","837R","564KSN","207HS","","","","unverified"
"sumitomo","84","アスファルトフィニッシャー","HA36","C240","","G67-O","???","516KH","207HS","","","OIL欄は原本で「G67-O」と印字（O と 0 の判別は原本で要確認）。AIR欄に薄い印字あり（WEB4045に見えるが裏面の透けの可能性があり判読不可）","unverified"
"sumitomo","84","アスファルトフィニッシャー","HA40-2","C240","","200DH","446NN","516KH","","","","","unverified"
"sumitomo","84","アスファルトフィニッシャー","HA40W","4DR5","","200D","499N/836N","106FN","","","","","unverified"
"sumitomo","84","アスファルトフィニッシャー","HA40W-5","","","200D","","106SFN","","","","","unverified"
"sumitomo","84","アスファルトフィニッシャー","HA44W(C)","4DR5","","200D","837N","106FN","165K","","","","unverified"
"sumitomo","84","アスファルトフィニッシャー","HA44-2(W)","4D32-E1","","200D+322K","836P","106SFN","","","","","unverified"
"sumitomo","84","アスファルトフィニッシャー","HA44W-2","4D32-E1","","322DW","836P","106SFN","","","","","unverified"
"sumitomo","84","アスファルトフィニッシャー","HA44W-5","4JG1T","","106DS","","","","","","","unverified"
"sumitomo","84","アスファルトフィニッシャー","HA45C","6BB1","","121","823N","540","","","","","unverified"
"sumitomo","84","アスファルトフィニッシャー","HA45C-3","C330","","338","836P","570","","","","","unverified"
"sumitomo","84","アスファルトフィニッシャー","HA45C-10","V3800CRT","","","","","","","","","unverified"
"sumitomo","84","アスファルトフィニッシャー","HA45W","4BD1","","338N","823N","570","","","","","unverified"
"sumitomo","84","アスファルトフィニッシャー","HA45W(-5)","V3800DI","","103N-1","823P","564KSN","207HS","","","","unverified"
"sumitomo","84","アスファルトフィニッシャー","HA45W-10","","","103N-1","839P","101K+3800KF","207HS","","","","unverified"
"sumitomo","84","アスファルトフィニッシャー","HA50W","4JG1T","","106DS","839P","203NF","","","","","unverified"
"sumitomo","84","アスファルトフィニッシャー","HA50W/C-7","4JJ1XT","","121CZ","9020PW","529NPF+323PF","150KB×2","","","","unverified"
"sumitomo","84","アスファルトフィニッシャー","HA60C","4D31T","","200D+322K","836N","106FN","","","","","unverified"
"sumitomo","84","アスファルトフィニッシャー","HA60C-TV","","","","","","","","","","unverified"
"sumitomo","84","アスファルトフィニッシャー","HA60C-5","","","","","","","","","","unverified"
"sumitomo","84","アスファルトフィニッシャー","HA60W-2","4D34","","200D+322K","823NR","106FN","","","","","unverified"
"sumitomo","84","アスファルトフィニッシャー","HA60W-2","4D34","","322DW","839P","106FN","","","","","unverified"
"sumitomo","84","アスファルトフィニッシャー","HA60W-D(-1)","4BD1","","209S","823(N)","109SFN","","","","","unverified"
"sumitomo","84","アスファルトフィニッシャー","HA60W/C-3","4D34T","","200D+322K","823N","106FN","150KB×2","","","","unverified"
"sumitomo","85","アスファルトフィニッシャー","HA60W-3(T)V","4D34T","","322DW","","106FN","","","","紙面が傾いており、機種名と数値の行対応は帯の並びから判断","unverified"
"sumitomo","85","アスファルトフィニッシャー","HA60W-5","S6S","","209S","823P","204FN","","","","","unverified"
"sumitomo","85","アスファルトフィニッシャー","HA60W/C-7・C-8","4JJ1XT","","121CZ","9020PW","529NPF+323PF","150KB×2","","","","unverified"
"sumitomo","85","アスファルトフィニッシャー","HA90C","4HK1X","","121CZ","833P(W)","529NPF+323PF","","","","","unverified"
"sumitomo","85","アスファルトフィニッシャー","HA90C-2","","","","","","","","","","unverified"
"sumitomo","85","アスファルトフィニッシャー","HA450","4BD1","","209S","823NH","109SFN","","","","","unverified"
"sumitomo","85","アスファルトフィニッシャー","HB25W-5C","","","","","","","","","","unverified"
"sumitomo","85","アスファルトフィニッシャー","HB25C-5C","V2403","","","","","","","","","unverified"
"sumitomo","85","アスファルトフィニッシャー","HB30W-3","V2203","","103N-1","","","","","","","unverified"
"sumitomo","85","アスファルトフィニッシャー","HB31W-5C","","","103N-1","839P","101SFN+564KSN","","","","","unverified"
"sumitomo","85","アスファルトフィニッシャー","HB40C(W)-2","V3300","","103N-1","","","","","","","unverified"
"sumitomo","85","アスファルトフィニッシャー","HB40W-3","V3300","","103N-1","","","","","","","unverified"
"sumitomo","85","アスファルトフィニッシャー","HB40C-6","V3300","","103N-1","836P","491F","207HS","","","","unverified"
"sumitomo","85","アスファルトフィニッシャー","HB174W","V3300","","103N-1","839P","564KSN+101SFN","207HS","","","","unverified"
"sumitomo","85","アスファルトフィニッシャー","HB1432W","V2203EDN","","103N-1","837PS","564KSN","","","","","unverified"
"sumitomo","85","アスファルトフィニッシャー","HB1432W-5C","","","103N-1","???","564KSN","","","","AIR欄に薄い印字あり（T1270-1632-0…に見えるが判読不可）","unverified"
"sumitomo","85","アスファルトフィニッシャー","HB1432C-5D","V2403","","","","","","","","","unverified"
"sumitomo","85","アスファルトフィニッシャー","HB1432W-5D","","","103N-1","836P","101K+3800KF","207HS","","PCV=60-73BF","","unverified"
"sumitomo","85","アスファルトフィニッシャー","HB1741W-5C","V2403","","103N-1","836PW","564KSN+491F","207HS","","","","unverified"
"sumitomo","85","アスファルトフィニッシャー","HB2045C","V3300","","103N-1","","491F","","","","","unverified"
"sumitomo","85","アスファルトフィニッシャー","HB2045W-2","V3800DI","","103N-1","823P","564KSN","","","","","unverified"
"sumitomo","85","アスファルトフィニッシャー","HB2345W-5D","V3800","","","","","","","","","unverified"
"sumitomo","85","アスファルトフィニッシャー","HC78RM,118RM","6D14CT","#~526458","137W","810N","204FN","","","","機種名・AIR・FUEL欄は2行にまたがる結合セル","unverified"
"sumitomo","85","アスファルトフィニッシャー","HC78RM,118RM","6D14CT","#526459~","137K","810N","204FN","","","","機種名・AIR・FUEL欄は2行にまたがる結合セル","unverified"
"sumitomo","85","アスファルトフィニッシャー","HMP60W-7","4HK1","","121CZ","","529NPF+323PF","","","","","unverified"
"sumitomo","85","アスファルトフィニッシャー","HTP60W-7","4HK1","","121CZ","9020PW","529NPF+323PF","518670","","","HYD欄の位置に518670（他ページではドレン欄に多い品番）","unverified"
"sumitomo","85","ロードローラー","HM120K","","","","","60KN","","","","","unverified"
"sumitomo","85","ロードローラー","HN200W(T)K","6BG1","","121CHD","823N","109HFN","","","","","unverified"
"sumitomo","85","ロードローラー","HN200WHK-3","","","","","","","","","","unverified"
"sumitomo","85","ロードローラー","HW30VCR","D(H)1102BF","","103N-1","838N","564KSN","","","","","unverified"
"sumitomo","85","ロードローラー","HW30VCR-2","","","203","","532-85P","","","","","unverified"
"sumitomo","85","ロードローラー","HW30VW","3LD1","","203","838N","532-65","","","","","unverified"
"sumitomo","85","ロードローラー","HW30VW-3","S4L","","203","838N","532-65?","","","","","unverified"
"sumitomo","85","ロードローラー","HW30VW-5","S4L-E2","","","","","","","","","unverified"
"sumitomo","85","ロードローラー","HW30VW(S)H-6","D1703-DI","","","","","","","","","unverified"
"sumitomo","85","ロードローラー","HW40,41VC(VS)","V1505-B","","108","837R/837N","564KSN","","","","","unverified"
"sumitomo","85","ロードローラー","HW41VW-2(VC)","V1505-B","","108","837N","564KSN","207HS","","","","unverified"
"sumitomo","85","ロードローラー","HW41VW-3","S4L","","108","","532-65","","","","","unverified"
"sumitomo","85","ロードローラー","HW41W-5","V1505","","108","837R","564KSN","","","","","unverified"
"sumitomo","86","ロードローラー","HW41VW-5","S4L-E2","","","","","","","","","unverified"
"sumitomo","86","ロードローラー","HW41VW(S)H-6","D1703-DI","","","","","","","","","unverified"
"sumitomo","86","ロードローラー","HW45VW-10","","","103N-1","839P","101K+3800KF","207HS","","","紙面が斜めで、右側列の行対応は帯の並びから判断","unverified"
"sumitomo","86","ロードローラー","HW2045","V3300","","103N-1","","","","","","","unverified"
"sumitomo","86","クレーン","SA800","H07CT","","122KDT","","","","","","","unverified"
"sumitomo","86","クレーン","SA1100","6SA1","","","","","","","","","unverified"
"sumitomo","86","クレーン","SA1700","EP100-T","","","","","","","","","unverified"
"sumitomo","86","クレーン","SA2500","6D22T","","138","","207MF","","","","","unverified"
"sumitomo","86","クレーン","SCX300-C","6HK1X","","121CZ","","165FN","","","","","unverified"
"sumitomo","86","クレーン","SCX400","6HK1X","","121CZ","","165FN","","","","","unverified"
"sumitomo","86","クレーン","SCX500","6HK1X","","121CZ","","165FN","","","","","unverified"
"sumitomo","86","クレーン","SCX550","4HK1","","121CZ","833P","323PF+323PFH","","","","","unverified"
"sumitomo","86","クレーン","SCX550","6HK1X","","121CZ","","165FN","","","","","unverified"
"sumitomo","86","クレーン","SCX700HD","","","","","","","","","","unverified"
"sumitomo","86","クレーン","SCX700(F)-2","6HK1X","","121CZ/121CHD","977KPHWA","529NPF+323PF/323PFH+323PF","","","","FUEL欄は小さな印字","unverified"
"sumitomo","86","クレーン","SCX700-3","QSB6.7","","3970LF","5014DA+5308DB","1098FS+3054MXF","","","","","unverified"
"sumitomo","86","クレーン","SCX800HD","","","","","","","","","","unverified"
"sumitomo","86","クレーン","SCX800HLX","QSB6.7","","","","","","","","","unverified"
"sumitomo","86","クレーン","SCX900HD-1","6D24","","138L","495BNTWA","207MF","","","","","unverified"
"sumitomo","86","クレーン","SCX900HD-2","6M70","","","","","","","","","unverified"
"sumitomo","86","クレーン","SCX900(F)-2","6D24","","138L","495BNTWA","207MF","","","","機種名は2行にまたがる結合セル","unverified"
"sumitomo","86","クレーン","SCX900(F)-2","6HK1","","121CZ","977KPHWA","529NPF+323PF/323PFH+323PF","","","","機種名は2行にまたがる結合セル","unverified"
"sumitomo","86","クレーン","SCX900-3","QSB6.7","","3970LF","5014DA+5308DB","1098FS+3054MXF","150-300P×2+CSP10-10+42-83H","","尿素=570NFN","HYD欄の文字はHYDとサクション欄にまたがって印字。ドレン欄は右端で切れている","unverified"
"sumitomo","86","クレーン","SCX1000A-3","6HK1","","","","","","","1000HLK","","unverified"
"sumitomo","86","クレーン","SCX1200","","","121CZ","977KPHW","323PF+323PFH","150-300P×2","CSP10-10+42-83H","","","unverified"
"sumitomo","86","クレーン","SCX1200HD-2","6M70","","138L(P)","491BWA","207MF+529PF+322PFSK","CSP10-30","","PCV=565BF","FUEL欄は小さな印字","unverified"
"sumitomo","86","クレーン","SCX1200-2","6D24","","138L","495BNTWA","208MF","","","","機種名は2行にまたがる結合セル","unverified"
"sumitomo","86","クレーン","SCX1200-2","6HK1","","121CZ","977KPHWA","323PFH+323PF","CSP10-30","","","機種名は2行にまたがる結合セル","unverified"
"sumitomo","86","クレーン","SCX1200-3","QSB6.7","","3970LF","5014DA+5308DB","1098FS+3054MXF","150-300P×2","CSP10-10+42-83H","尿素=570NFN","ドレン欄は右端で切れている","unverified"
"sumitomo","86","クレーン","SCX1500A-3","6HK1","","121CZ","977KPSWA","323PFH+323PF","","","1500HLK","","unverified"
"sumitomo","86","クレーン","SCX2000","6D24","","138L","","","","","","","unverified"
"sumitomo","86","クレーン","SCX2000HD","6WG1X","","121CZ","833PW","323PFH+323PF","","","","","unverified"
"sumitomo","86","クレーン","SCX2000-1","6D24","","138","495BHWA","208MF","","","","","unverified"
"sumitomo","86","クレーン","SCX2000(A)-2","6M70TL","","138L","496PW","529PF+322PFSK+207MF","150-300P×2","CSP10-10+42-83H","PCV=565BF","FUEL欄は小さな印字","unverified"
"sumitomo","86","クレーン","SCX2000-3","QSL-9","","9009LF","5015DA+5309DB","3054MXF+1098FS+207MF","","PCV=CV50628","570NFN/527KS","FUEL欄は小さな印字。ドレン欄は右端で切れている","unverified"
"sumitomo","86","クレーン","SCX3500","8DC9T","","138","","","","","","","unverified"
"sumitomo","86","クレーン","SCX3500-3(3C5)","QSL-9","","9009LF","5015DA+5309DB","3054MXF+1098FS+207MF","","PCV=CV50628","529UNF/527KS","FUEL欄は小さな印字。ドレン欄は右端で切れている","unverified"
"sumitomo","86","クレーン","SCX5000","KTTA19C700","","","","","","","","","unverified"
"sumitomo","86","クレーン","SCX6000","6WG1","","","496W","","","","","","unverified"
"sumitomo","87","クレーン","SCX6500","KTTA19C700","","","","","","","","紙面が斜めで、右側列の行対応は帯の並びから判断","unverified"
"sumitomo","87","クレーン","SCX8000","KTTA19C700","","","","","","","","","unverified"
"sumitomo","87","クレーン","SCX550-3","J05E-UN","","","","","","","","","unverified"
"sumitomo","87","クレーン","SCX700-2","6HK1T","","121CZ","833TWA","165FN","","","","","unverified"
"sumitomo","87","クレーン","SCX900-2","6D24","#TL380450~","138L","495BNTWA","207MF","","","","","unverified"
"sumitomo","87","クレーン","SCX900-2","6HK1","#521012~","121CZ","977KPHWA","529NPF+323PF","","","","","unverified"
"sumitomo","87","クレーン","SCX900-3","6HK1","","121CZ","977KPSW","323PF+323PFH(+207MF)","","","","FUEL欄は小さな印字","unverified"
"sumitomo","87","クレーン","SCX2000-2","6M70","","138L","496P","529PF+322PFSK+207MF","150-530P+CSP10-30+42-83H","","PCV=565BF","FUEL欄は小さな印字。HYD欄の文字はHYDとサクション欄にまたがって印字","unverified"
"sumitomo","87","クレーン","SCX2000-3","QSL-9","","9009LF+527K","5015DA+5309DB","3054MXF+1098FS+207MF","150-300P×2+CSP10-30+42-83H","","???","FUEL欄は小さな印字。HYD欄の文字はHYDとサクション欄にまたがって印字。ドレン欄は小さな印字で判読不可（PCV=CV50628…に見える）","unverified"
"sumitomo","87","クレーン","SCX3500-3(3C5)","QSL-9","","9009LF+527K","5015DA+5309DB","3054MXF+1098FS+207MF","150-300P×2+CSP10-30+42-83H","","???","FUEL欄は小さな印字。HYD欄の文字はHYDとサクション欄にまたがって印字。ドレン欄は小さな印字で判読不可（PCV=CV50628…に見える）","unverified"
"sumitomo","87","クレーン","SC50","4JB1","","","","","","","","","unverified"
"sumitomo","87","クレーン","SC350","H06CT","","121W","810N","540","","","","","unverified"
"sumitomo","87","クレーン","SC400","H06CT","","121W","810N","540","","","","","unverified"
"sumitomo","87","クレーン","SC400-2","6BG1T","","121CHD+121CHBD","810P","109HFN","150-450P","42-83","103SS","","unverified"
"sumitomo","87","クレーン","SC500(-2)","H07CT","","122KDT","810N","109HFN","150-300P×2","","103SS","","unverified"
"sumitomo","87","クレーン","SC500M(ST350M)","6D14CT","#~526458","137W","810N","204FN","","","","機種名は2行にまたがる結合セル","unverified"
"sumitomo","87","クレーン","SC500M(ST350M)","6D14CT","#526459~","137K","810N","204FN","","","","機種名は2行にまたがる結合セル","unverified"
"sumitomo","87","クレーン","SC500M(ST500M)","6D14CT","#~526458","137W","810N","204FN","","","","機種名は2行にまたがる結合セル","unverified"
"sumitomo","87","クレーン","SC500M(ST500M)","6D14CT","#526459~","137K","810N","204FN","","","","機種名は2行にまたがる結合セル","unverified"
"sumitomo","87","クレーン","SC500DD-2","H07CT","","122KDT","818NS","109HFN","150-300P×2","","103SS","","unverified"
"sumitomo","87","クレーン","SC500-3","H07CT","","122KDT","818NS","109HFN","150-300P×2","","103SS","","unverified"
"sumitomo","87","クレーン","SC550(-2)","H07CT","","122KDT","818NS","109HFN","","","","","unverified"
"sumitomo","87","クレーン","SC650(-2)","H07CT","","122KDT","818NS","109HFN","150-300P×2","","103SS","","unverified"
"sumitomo","87","クレーン","SC650DD-2","6D22T","","138","495BNTWA","207MF","","","800-2","","unverified"
"sumitomo","87","クレーン","SC650-3","H07CT","","122KDT","818NS","109HFN","150-300P×2","","103SS","","unverified"
"sumitomo","87","クレーン","SC700-5","6D16","","","","","","","","","unverified"
"sumitomo","87","クレーン","SC800HD","6D22T","","138","495BNTWA","207MF","","","","","unverified"
"sumitomo","87","クレーン","SC800-2S","6D24","","138","495BNTWA","207MF","","","","","unverified"
"sumitomo","87","クレーン","SC800DD-2","","","","","","","","","","unverified"
"sumitomo","87","クレーン","SC900(HD)-3","6D24","","","","","","","","","unverified"
"sumitomo","87","クレーン","SC1000-2","6D22T","","138","495BNTWA","207MF","","","","","unverified"
"sumitomo","87","クレーン","SC1000-2S","6D24","","138","","207MF","","","","","unverified"
"sumitomo","87","クレーン","SC1000HD","6D22T","","138","","207MF","","","","","unverified"
"sumitomo","87","クレーン","SC1200","6D24","","138","","207MF","","","","","unverified"
"sumitomo","87","クレーン","SC1500","K13C-TJ","","121H+327P","872H","541","","","","","unverified"
"sumitomo","87","クレーン","SC1500HD","8DC9T","","138","","207MF","","","","","unverified"
"sumitomo","87","クレーン","SC1500-2","K13C","","327PW","872H","541","150-300P×3","","CSP10-30","","unverified"
"sumitomo","87","クレーン","SC2000HD","8DC9T","","138","","207MF","","","","","unverified"
"sumitomo","87","クレーン","SC2000-2","K13C-TJ","","121H+327P","872H","541","","","","","unverified"
"sumitomo","88","クレーン","SC2000-3","6D24-TL","","","","","","","","","unverified"
"sumitomo","88","クレーン","SDX207-C2","6HK1T","","","121CZ","","165FN","","","原本ではOIL・AIR・FUELの値が1列右にずれた位置に印字されている（見えた列位置のまま転記）","unverified"
"sumitomo","88","クレーン","SDX207-C3","6HK1T","","","121CZ","490NNA","165FN","","","原本ではOIL・AIR・FUELの値が1列右にずれた位置に印字されている（見えた列位置のまま転記）","unverified"
"sumitomo","88","クレーン","SDX407-2","4HK1","","","121CZ","833P","323PF+323PFH","","","原本ではOIL・AIR・FUELの値が1列右にずれた位置に印字されている（見えた列位置のまま転記）","unverified"
"sumitomo","88","クレーン","SDX612","BB-6HK1T","","","","","","","","","unverified"
"sumitomo","88","クレーン","SDX5020-C2","6D24","","","138L","","","","","OIL欄ではなくAIR欄の位置に印字（列ずれの可能性）","unverified"
"sumitomo","88","クレーン","CT12000","KTTA-19-C007","","","","","","","","","unverified"
"sumitomo","88","クレーン","CT10000","KTTA-19-C007","","","","","","","","","unverified"
"sumitomo","88","クレーン","CT15000","KTTA-19-C007","","","","","","","","","unverified"
"sumitomo","88","アースドリル","SD205-2","H06CT","","121CWR","810N","540N","???","???","","HYD欄・サクション欄に薄い印字あり（RAJ0013／TCE.1414に見えるが判読不可）","unverified"
"sumitomo","88","アースドリル","SD205-3、206","H07C-TD","","","","","","","","","unverified"
"sumitomo","88","アースドリル","SD415","","","","","","","","","","unverified"
"sumitomo","88","アースドリル","SD507","","","","","","","","","","unverified"
"sumitomo","88","アースドリル","SD510","","","","","","","","","","unverified"
"sumitomo","88","アースドリル","SP110","H06CT","","","","","","","","","unverified"
"sumitomo","88","破砕機・その他","SS180RG","","","121CHD","","","","","","","unverified"
"sumitomo","88","破砕機・その他","SP307SSR","4D32","","200D+322K","836NR","106SFN","","","","","unverified"
"sumitomo","88","破砕機・その他","SP2100VCL","","","121CD+121CHBD","815NTW","109HFN","","","","","unverified"
"sumitomo","88","破砕機・その他","FD20PVXA","XA","","209S","836N","500CN","","","","","unverified"
"kobelco","100","ホイールローダ(LK系)","LK400","FD614","","121","823NH","323F","130-230","","","","unverified"
"kobelco","100","ホイールローダ(LK系)","LK470Z(-2)","NTA855","","150K+121CHBD","496W","165FN","150-450","","","","unverified"
"kobelco","100","ホイールローダ(LK系)","LK470Z-5","QSX15","","150KN","495BHW","","150-450","","","","unverified"
"kobelco","100","ホイールローダ(LK系)","LK500","PD6T04","","121","815NN","323F/565","130-230","","","","unverified"
"kobelco","100","ホイールローダ(LK系)","LK500A","","","121K+227Z","815NN","101SFN","130-230","","","","unverified"
"kobelco","100","ホイールローダ(LK系)","LK560Z(-2)","KT19-C450","","150K×2+121CHBD","495BHW×2","165FN×2","150-300×2","","","","unverified"
"kobelco","100","ホイールローダ(LK系)","LK560Z-3","","","121CGD×2+180KB","495BHW","165FN×2","150-300×2","","","","unverified"
"kobelco","100","ホイールローダ(LK系)","LK560Z-5","QSK19","","9009LF","496W","207MH","150-300×2","","","","unverified"
"kobelco","100","ホイールローダ(LK系)","LK600(A)","PD604","","226+227NP","815NN","529NW","150-230","","","","unverified"
"kobelco","100","ホイールローダ(LK系)","LK700(A)","PD604","","226+227NP","490NN","529NW/228F","150-230","","","","unverified"
"kobelco","100","ホイールローダ(LK系)","LK800","","","226+227NP","495BHW","323F/529NW","150-230","","","","unverified"
"kobelco","100","ホイールローダ(LK系)","LK900","PE6T04","","226+227NP","495B","529NW/228F","150-230","","","","unverified"
"kobelco","100","ホイールローダ(LK系)","LK1500(A)","12V71N","","???","495B","","","","","OIL欄に薄く小さな印字あり（5573014に見えるが判読不可）","unverified"
"kobelco","100","ラフテレーンクレーン","LYNX70(M)","4BD1T","","209S","810N","109SFN","","","","その他欄: (RM70M-2)","unverified"
"kobelco","100","ラフテレーンクレーン","LYNK100","4BD1T","","324CN+324B","810N","516KH","","","","その他欄: (RK70M-2)","unverified"
"kobelco","100","ラフテレーンクレーン","LYNK160","6D14T","","137K","490NNA","204FN","","","","その他欄: (RK160-2)","unverified"
"kobelco","100","スキッドステアローダ","Q-bo05","V-1505","","???","???","???","???","","","OIL・AIR・FUEL・HYD欄に薄い灰色の印字あり（CNH125282A-1／CNH062571／CNHJ843760／CNHD122562に見えるが判読不可）","unverified"
"kobelco","100","スキッドステアローダ","Q-bo09","CNH4-390","","","","","","","","","unverified"
"kobelco","100","クローラークレーン","300シリーズ","6DB10CK","","135","495","529N","","","","その他欄: 440S","unverified"
"kobelco","100","クローラークレーン","50","PD604","","226+227NP","815NN","529NW","150-300","","","","unverified"
"kobelco","100","クローラークレーン","50P-85P","","","","","","","","","","unverified"
"kobelco","100","クローラークレーン","355","PD604","","226+227NP","815NN","529NW","150-300","","","","unverified"
"kobelco","100","クローラークレーン","550S","PD604","","226+227NP","815NN","529NW","","","","","unverified"
"kobelco","100","クローラークレーン","670S","8DC20C","","136N","810N","","","","","","unverified"
"kobelco","100","クローラークレーン","100P,110P","PD604","","226+227NP","815NN","529NW","150-300","","","","unverified"
"kobelco","100","クローラークレーン","5055(-2)","","","","","","","","","","unverified"
"kobelco","100","クローラークレーン","880S,5080","PD604","","226+227NP","490NN","529NW","197H","","","","unverified"
"kobelco","100","クローラークレーン","5100","8DC60C","","138","815NN","529D-2","197H","","","","unverified"
"kobelco","100","クローラークレーン","5170-2","8DC91C","","138","490NNA","529D-2","150-300","","","","unverified"
"kobelco","100","クローラークレーン","7035,7045","6D15T","","137K","494K","204FN","","","","","unverified"
"kobelco","100","クローラークレーン","7050","","","137K","833TWA","204FN","","","","","unverified"
"kobelco","100","クローラークレーン","130P","6D22C","","138","490NN","529D-2","150-300","","","","unverified"
"kobelco","100","クローラークレーン","7055","6D22T","","","","207MF","","","","","unverified"
"kobelco","100","クローラークレーン","7055-2","6D22T","","138","495BNTWA","207MF","178-450KP+103SS","","","","unverified"
"kobelco","102","（区分見出しなし）","BM1500","P11C","","327PLW","977KPHWA","334KF+323PF","142-130-3+CSP10-30","","","その他欄: ライン=CSP10L-30。紙面が傾いており、右側列の行対応は他の行との位置関係から判断（要照合）","unverified"
"kobelco","102","（区分見出しなし）","BM1600","8DC9TC","","138","491NNA","207MF","150-450KP","","","その他欄: D=CSP10L-30","unverified"
"kobelco","102","（区分見出しなし）","FC50","L2E","","203S","838N","30-85","","","","その他欄: D=103SS","unverified"
"kobelco","102","（区分見出しなし）","FS80","6D24","","138","","207MF","","","","","unverified"
"kobelco","102","（区分見出しなし）","HK350W(-2)","6D34","","323KWD","815NTW","204FN","150-450KP","","","","unverified"
"kobelco","102","（区分見出しなし）","KTY600","4BDIT","","","","","","","","","unverified"
"kobelco","102","（区分見出しなし）","TK500","","","137K","815NTWA","207MF","178-450+103SS+351-08","","","","unverified"
"kobelco","102","（区分見出しなし）","TK550(G)","","","137K","815NTWA","207MF","178-450KP+103SS","","","","unverified"
"kobelco","102","（区分見出しなし）","TK750","6D24","","138L","977KPHW","208MF","178-450+103SS+351-08","","","その他欄: ライン=CSP10L-30","unverified"
"kobelco","102","（区分見出しなし）","TK750G(FS)","","","137MX","","208MF+529PMX","142-130-3+103SS","","","その他欄: ライン=CSP10L-30","unverified"
"kobelco","102","（区分見出しなし）","KM350J","6D16T","","323KWD","810P","204FN","","","","","unverified"
"kobelco","102","（区分見出しなし）","KM350J新型","6D16T","","137K","815NTW","207MF","150-450KP","","","その他欄: D=103SS","unverified"
"kobelco","102","（区分見出しなし）","KMC200","6D31T","","137K","810P","204FN","150-450KP","","","","unverified"
"kobelco","102","（区分見出しなし）","KMC300","","","137K","810P","204FN","150-450KP","","","","unverified"
"kobelco","102","（区分見出しなし）","KMG5130","","","","","","","","","","unverified"
"kobelco","102","（区分見出しなし）","KMG5220","","","","","","","","","","unverified"
"kobelco","102","（区分見出しなし）","KMG6300","","","","","","","","","","unverified"
"kobelco","102","（区分見出しなし）","DJM2090J","","","","494KW","","","","","","unverified"
"kobelco","102","（区分見出しなし）","200-2","6D34T","","323KWD","810P","204FN","","","","","unverified"
"kobelco","102","（区分見出しなし）","300","6D15T","","137K","494K","204FN","","","","","unverified"
"kobelco","102","（区分見出しなし）","300S","6D16","","137K","","","150-450KP","","","","unverified"
"kobelco","102","（区分見出しなし）","350G","6D16","","137K","494K(W)","204FN","","","","その他欄: D=103SS","unverified"
"kobelco","102","（区分見出しなし）","SL4500J-350","E13C","","327PLWN","496PWA","541PFN+323PF","","","","","unverified"
"kobelco","102","（区分見出しなし）","SL6000J-500","E13C","","","","","","","","","unverified"
"kobelco","102","（区分見出しなし）","SL13000","KTA-19","","","","","150-450KP","","","","unverified"
"kobelco","102","ボマーク","LM1200","6D22","","138","495BNTWA","207MF","","","","","unverified"
"kobelco","102","ボマーク","LM1450","","","","","","","","","","unverified"
"kobelco","102","ボマーク","HPU5000","3126B","","","","","","","","","unverified"
"kobelco","102","ボマーク","RM60","BF4M1012E-O","","","","","","","","","unverified"
"kobelco","102","ボマーク","RM80","BF4M1013FC","","","","","","","","","unverified"
"kobelco","102","ボマーク","M130E","4BJ1","","106DS","836P","491F","110-450KP#140","","","","unverified"
"kobelco","102","ボマーク","VS1310ADM","","","","494KPWA","","","","","","unverified"
"kobelco","102","ボマーク","BW3R","S3L","","108S","837N-190","30-85","","","","","unverified"
"kobelco","103","ホイールローダ(BW系)","BW3R-3","S3L","","203C","837N-190","524","","","","紙面が右下がりに大きく傾き・湾曲しており、OIL以降の列の行対応は行ごとの位置のずれを補正して判断（要照合・撮り直し推奨）","unverified"
"kobelco","103","ホイールローダ(BW系)","BW60HG","EY27","","","","","","","","その他欄: 203H","unverified"
"kobelco","103","ホイールローダ(BW系)","BW60HD","E60N","","???","E60N","30-85","","","","OIL欄に薄い印字あり（1401-0211に見えるが判読不可）。その他欄: 203H","unverified"
"kobelco","103","ホイールローダ(BW系)","BW60HDF","","","","","","","","","","unverified"
"kobelco","103","ホイールローダ(BW系)","BW60RN","","","","","30-85","","","","","unverified"
"kobelco","103","ホイールローダ(BW系)","BW61K","E60N","","","E60N","30-85","","","","","unverified"
"kobelco","103","ホイールローダ(BW系)","BW61KS","E60N","","","E60N","30-85","","","","その他欄: 203H","unverified"
"kobelco","103","ホイールローダ(BW系)","BW61Y","NFAD6","","","","","","","","","unverified"
"kobelco","103","ホイールローダ(BW系)","BW61YS(-2)","NFAD6","","","E60N","30-85","","","","その他欄: 203H","unverified"
"kobelco","103","ホイールローダ(BW系)","BW61HS,62H","1D41S(ハッツ)","","42-60","","","","","","","unverified"
"kobelco","103","ホイールローダ(BW系)","BW65S","ES75","","","","564K","","","","","unverified"
"kobelco","103","ホイールローダ(BW系)","BW70HP","D75","","","","","","","","","unverified"
"kobelco","103","ホイールローダ(BW系)","BW70HD","D75","","","","","","","","","unverified"
"kobelco","103","ホイールローダ(BW系)","BW75S(SL5)","E780(ベンツ)","","","","564K","","","","","unverified"
"kobelco","103","ホイールローダ(BW系)","BW75S(SH)-2G","1D41S(ハッツ)","","42-60","","","","","","","unverified"
"kobelco","103","ホイールローダ(BW系)","BW80AD-2","D722","","203S","838NT","30-85","","","","","unverified"
"kobelco","103","ホイールローダ(BW系)","BW90A","2AB1","","200S","","532N","","","","","unverified"
"kobelco","103","ホイールローダ(BW系)","BW90SH","E89FG","","","","","","","","","unverified"
"kobelco","103","ホイールローダ(BW系)","BW90AC-2","D722","","","","","","","","","unverified"
"kobelco","103","ホイールローダ(BW系)","BW102A(AC)","2AB1","","200S","401","532N","","","","","unverified"
"kobelco","103","ホイールローダ(BW系)","BW110A(AC)","D1102","","103N-1","837N","564KSN","スピン=207HS×2","","","","unverified"
"kobelco","103","ホイールローダ(BW系)","BW110A(C)-2","3LB1","","203","837N-190","532-65P","スピン=207HS×2","","","","unverified"
"kobelco","103","ホイールローダ(BW系)","BW115AC,AD","3LB(D)1","","203","838N","532-65P","スピン=207HS×2","","","","unverified"
"kobelco","103","ホイールローダ(BW系)","BW115AC,AD-2","D1503","","103N-1","C14-200P(W)","50-90+505C","","","","","unverified"
"kobelco","103","ホイールローダ(BW系)","BW115AC,AD-3","D1503","","103N-1","C14-200P(W)","50-90+505C","","","","その他欄: スピン=207HS×2（HYD欄ではなくその他欄の位置に印字）","unverified"
"kobelco","103","ホイールローダ(BW系)","BW121AC(AD)","S2E","","203","837N","524","スピン=207HS×2","","","","unverified"
"kobelco","103","ホイールローダ(BW系)","BW121AC","S2E2","","203","837N","532","スピン=207HS×2","","","","unverified"
"kobelco","103","ホイールローダ(BW系)","BW121AC(AD)-1","K3M","","108S","837N","30-85","スピン=207HS×2","","","","unverified"
"kobelco","103","ホイールローダ(BW系)","BW123AC(AD)","K4F","","108S","837N","532-85","スピン=207HS×2","","","","unverified"
"kobelco","103","ホイールローダ(BW系)","BW131AC(W),AD","S4L","","108S","837N","30-85","スピン=207HS×2","","","","unverified"
"kobelco","103","ホイールローダ(BW系)","BW131AC-W2","V1505","","108","C14-200P(W)","564KSN","","","","","unverified"
"kobelco","103","ホイールローダ(BW系)","BW131ACW-3","V1505","","108","C14-200P(W)","564KSN","","","","","unverified"
"kobelco","103","ホイールローダ(BW系)","BW141AD-1","F4L912","","103-3","823-330","201-3","","","","","unverified"
"kobelco","103","ホイールローダ(BW系)","BW141AD-2","BF4L1011","","","","","","","","","unverified"
"kobelco","103","ホイールローダ(BW系)","BW141AD-4AM","BF4M2011CE","","","","","","","","","unverified"
"kobelco","103","ホイールローダ(BW系)","BW144AD","F4L912","","103-3","","201-3","","","","","unverified"
"kobelco","103","ホイールローダ(BW系)","BW144AD-2","BF4L1011","","","","","","","","","unverified"
"kobelco","103","ホイールローダ(BW系)","BW151AD(C)-2","BF4L1011","","","823PW","","","","","","unverified"
"kobelco","103","ホイールローダ(BW系)","BW151AD-4","","","","","","","","","","unverified"
"kobelco","103","ホイールローダ(BW系)","BW161AD","BF4L913","","","","","","","","","unverified"
"kobelco","104","ホイールローダ(BW系)","BW164AD","BF4L913","","","","","","","","エンジン欄の末尾の3とSの判別は原本で要確認","unverified"
"kobelco","104","ホイールローダ(BW系)","BW201AD","F5L912","","207N","823N/810N","201-3","","","","","unverified"
"kobelco","104","ホイールローダ(BW系)","BW202AD","BF4L913","","","","","","","","","unverified"
"kobelco","104","ホイールローダ(BW系)","BW202AD-4","BF4M2011CCE","","","","","","","","","unverified"
"kobelco","104","ホイールローダ(BW系)","BW211D-4","","","207N","???","???","???","","","AIR・FUEL・HYD欄に薄く小さな印字あり（判読不可）","unverified"
"kobelco","104","ホイールローダ(BW系)","BW212(D,PD)","F6L912","","207N","823N/810N","201-3","","","","","unverified"
"kobelco","104","ホイールローダ(BW系)","BW212D-2","BF4L913","","","","","","","","","unverified"
"kobelco","104","ホイールローダ(BW系)","BW212PD-2","BF4L913C","","","","","","","","","unverified"
"kobelco","104","ホイールローダ(BW系)","BW217D(PD)","F6L4BPR","","","","","","","","","unverified"
"kobelco","104","ホイールローダ(BW系)","BW212(P)D-2","BF4L913(C)","","","","","","","","","unverified"
"kobelco","104","ホイールローダ(BW系)","BW219(P)D-2","BF4L913","","","","","","","","機種名は2行にまたがる結合セル","unverified"
"kobelco","104","ホイールローダ(BW系)","BW219(P)D-2","BF6L913","","","","","","","","機種名は2行にまたがる結合セル","unverified"
"kobelco","89","ミニショベル(ビートル)","SK09SR","2TNE68","","203S","838NR","532-85","","","","","unverified"
"kobelco","89","ミニショベル(ビートル)","SK10SR-1,-2","2TNV70","","203S","838P","532-85","???","","","HYD欄に薄い印字あり（裏面の透けの可能性があり判読不可）","unverified"
"kobelco","89","ミニショベル(ビートル)","SK10SR-3","3TNV70","","203S","838P","532-85","","","","","unverified"
"kobelco","89","ミニショベル(ビートル)","SK13SR","3TNE68","","203S","838NR","532-85","","","","その他欄: WS=532S","unverified"
"kobelco","89","ミニショベル(ビートル)","SK15SR","3TNA72","","203S","838N","532-85","80-157","","","","unverified"
"kobelco","89","ミニショベル(ビートル)","SK15SR-3","L3E","","203C","838P","532-65","???","","","その他欄: WS=532S。HYD欄に薄い印字あり（裏面の透けの可能性があり判読不可）","unverified"
"kobelco","89","ミニショベル(ビートル)","SK17SR-3","L3E","","203C","838P","532-65","???","","","その他欄: WS=532S。HYD欄に薄い印字あり（裏面の透けの可能性があり判読不可）","unverified"
"kobelco","89","ミニショベル(ビートル)","SK17SR-5","3TNV70","","203S","838P","532-85","103SS","","","","unverified"
"kobelco","89","ミニショベル(ビートル)","SK17SR-6","3TNV70","","203S","838P","107SF+532S","","","","","unverified"
"kobelco","89","ミニショベル(ビートル)","SK20SR","3TNA72","","203S","838N","532-85","80-157","","","","unverified"
"kobelco","89","ミニショベル(ビートル)","SK20UR","3TNE74","","203S","838P","532-85","80-157/83-110P","","","その他欄: WS=532S","unverified"
"kobelco","89","ミニショベル(ビートル)","SK20UR-2","E331KBS","","203C","838P","532-65","???","","","その他欄: WS=532S。HYD欄に薄い印字あり（裏面の透けの可能性があり判読不可）","unverified"
"kobelco","89","ミニショベル(ビートル)","SK20UR-3E","","","203S","838P","532-85","","","","","unverified"
"kobelco","89","ミニショベル(ビートル)","SK20UR-6","3TNV76","","203S","902P","532-85","83-110P","","","その他欄: WS=532S","unverified"
"kobelco","89","ミニショベル(ビートル)","SK20SR-2","3TNE74","","203S","838P","532-85","80-157","","","その他欄: WS=532S","unverified"
"kobelco","89","ミニショベル(ビートル)","SK20SR-3","3TNV82A","","203","837PS","107SF","83-110P","","","","unverified"
"kobelco","89","ミニショベル(ビートル)","SK20SR-5","3TNV82A","","203","837PS","107SF","83-110P","","","","unverified"
"kobelco","89","ミニショベル(ビートル)","SK20SR-6","3TNV76","","203S","902P","532-85","90-230","","","その他欄: WS=532S","unverified"
"kobelco","89","ミニショベル(ビートル)","SK25SR","3TNE78A","","203","837N-190","532-85","90-230","","","","unverified"
"kobelco","89","ミニショベル(ビートル)","SK25SR-2","3TNE74","","203S","838P","532-85","80-157","","","その他欄: WS=532S","unverified"
"kobelco","89","ミニショベル(ビートル)","SK26SR-7","3TNV88","","203","837PS","107SF+563WS","83-110P+52-40AB","","","","unverified"
"kobelco","89","ミニショベル(ビートル)","SK27SR-3","3TNV82A","","203","837PS","107SF","83-110P","","","","unverified"
"kobelco","89","ミニショベル(ビートル)","SK27SR-5","3TNV82A","","203","837PS","107SF","83-110P","","","","unverified"
"kobelco","89","ミニショベル(ビートル)","SK28SR-6","3TNV82A","","203","837PS","107SF","83-110P","","","","unverified"
"kobelco","89","ミニショベル(ビートル)","SK28SR-7","3TNV88","","203","837PS","107SF+563WS","83-110P","","","その他欄: エアブリ=52-40AB","unverified"
"kobelco","89","ミニショベル(ビートル)","SK30SR","3TNE82A","","203","837N-190","532-85","90-230","","","","unverified"
"kobelco","89","ミニショベル(ビートル)","SK30SR-2","3TNE82A","","203","837P","532-85+532S","80-157","","","","unverified"
"kobelco","89","ミニショベル(ビートル)","SK30SR-3","3TNV88","","203","837PS","107SF","83-110P","","","","unverified"
"kobelco","89","ミニショベル(ビートル)","SK30SR-5","3TNV88","","203","837PS","107SF","83-110P","","","","unverified"
"kobelco","89","ミニショベル(ビートル)","SK30SRSmart","3TNV82A","","203","837PS","107SF","83-110P","","","","unverified"
"kobelco","89","ミニショベル(ビートル)","SK30SR-6","3TNE82A","","203","837PS","107SF","83-110P","","","","unverified"
"kobelco","89","ミニショベル(ビートル)","SK30SR-7","3TNV88E","","203","837PS(W)","107SF","","","","","unverified"
"kobelco","89","ミニショベル(ビートル)","SK30UR-1","3TN84L","","106S","837N","50-90","207HS","","","その他欄: D=104NF","unverified"
"kobelco","89","ミニショベル(ビートル)","SK30UR-2","3TNE84","","203","837N","550CK","90-230","","","","unverified"
"kobelco","89","ミニショベル(ビートル)","SK30UR-3(E)","3TNE82","","203","837P","532-85+532S","83-110P","","","","unverified"
"kobelco","89","ミニショベル(ビートル)","SK30UR-5","3TNV82A","","203","837PS","107SF","83-110P","","","","unverified"
"kobelco","89","ミニショベル(ビートル)","SK30UR-6","3TNV82A","","203","837PS","107SF","83-110P","","","","unverified"
"kobelco","89","ミニショベル(ビートル)","SK35SR","3TNE84","","203","837P","50-90","90-230+532S","","","機種名・OIL・FUEL・HYD欄は2行にまたがる結合セル（エンジン欄の下段に「PX05601~」の印字あり）","unverified"
"kobelco","89","ミニショベル(ビートル)","SK35SR","","","203","837N-190","50-90","90-230+532S","","","機種名・OIL・FUEL・HYD欄は2行にまたがる結合セル。エンジン欄の下段に「PX05601~」の印字あり（シリアルかエンジンか不明）","unverified"
"kobelco","90","ミニショベル(ビートル)","SK35SR-2","3TNE82","","203","837P","532-85+532S","80-157","","","","unverified"
"kobelco","90","ミニショベル(ビートル)","SK35SR-3","3TNV88","","203","837PS","107SF","83-110P","","","","unverified"
"kobelco","90","ミニショベル(ビートル)","SK35SR-5","3TNV88","","203","837PS","107SF","83-110P","","","","unverified"
"kobelco","90","ミニショベル(ビートル)","SK35SR-6","3TNV82","","203","837PS","107SF","83-110P","","","","unverified"
"kobelco","90","ミニショベル(ビートル)","SK35SR-7","3TNV88","","203","837PS(W)","107SF","","","","","unverified"
"kobelco","90","ミニショベル(ビートル)","SK38UR","3TNV88","","203","837PS","107SF","83-110P","","","","unverified"
"kobelco","90","ミニショベル(ビートル)","SK38UR-6","3TNV88","","203","855P","107SF","83-110P","","","","unverified"
"kobelco","90","ミニショベル(ビートル)","SK40SR","3TNE88","","203","837P","50-90","137YN","","","","unverified"
"kobelco","90","ミニショベル(ビートル)","SK40SR-2","4TNE84","","203","837P(W)","50-90","137YN+532S","","","","unverified"
"kobelco","90","ミニショベル(ビートル)","SK40SR-3","4TNV88","","203","836FR","107SF","83-110P","","","","unverified"
"kobelco","90","ミニショベル(ビートル)","SK40SR-5","4TNV88","","203","836FR","107SF","83-110","","","","unverified"
"kobelco","90","ミニショベル(ビートル)","SK40-2","4TNE84","","203","839P","50-90","137YN+532S","","","","unverified"
"kobelco","90","ミニショベル(ビートル)","SK45SR","4TNE88","","203","837P","50-90","137YN","","","","unverified"
"kobelco","90","ミニショベル(ビートル)","SK45SR-2","4TNE88","","203","837P(W)","50-90","137YN+532S","","","","unverified"
"kobelco","90","ミニショベル(ビートル)","SK45-2","4TNE84","","203","839P","50-90","137YN+532S","","","","unverified"
"kobelco","90","ミニショベル(ビートル)","SK45SR-6","4TNV88","","203","855P","107SF","83-110WP","","","","unverified"
"kobelco","90","ミニショベル(ビートル)","SK45SR-6E","4TNV88","","203","855P","3530KF+3530PF","83-110WP","","","","unverified"
"kobelco","90","ミニショベル(ビートル)","SK45SR-7","4TNV88","","","","","","","","","unverified"
"kobelco","90","ミニショベル(ビートル)","SK50UR-1","3TN100L","","204Y(108)","836N","107SF","137YN","","","その他欄: D=104NF","unverified"
"kobelco","90","ミニショベル(ビートル)","SK50UR-2","4TNE88","","203","837N","550CK","137YN","","","","unverified"
"kobelco","90","ミニショベル(ビートル)","SK50UR-3(E)","","","203","837P(W)","50-90","137YN+532S","","","","unverified"
"kobelco","90","ミニショベル(ビートル)","SK50UR-5","4TNV88","","203","836FR","107SF","","","","","unverified"
"kobelco","90","ミニショベル(ビートル)","SK50UR-6E","4TNV88","","203","855P","3530KF+3530PF","83-110WP","","","","unverified"
"kobelco","90","ミニショベル(ビートル)","SK50SR-3","4TNV88","","203","836FR","107SF","83-110WP","","","","unverified"
"kobelco","90","ミニショベル(ビートル)","SK50SR-5","4TNV88","","203","836FR","107SF","83-110WP(G125)","","","","unverified"
"kobelco","90","ミニショベル(ビートル)","SK55SR-6","4TNV88","","108","855P","107SF","83-110WP(G125)","","","","unverified"
"kobelco","90","ミニショベル(ビートル)","SK55SR-6E","4TNV88","","203","855P","3530KF+3530PF","83-110WP(G125)","","","","unverified"
"kobelco","90","ミニショベル(ビートル)","SK55SR-7","4TNV88","","203","","3530KF+3530PF","","","","","unverified"
"kobelco","90","油圧ショベル","SK005-1","L70ADEB","","","121SA-O","","203H","","","「121SA-O」は原本でAIR欄の位置に印字（OIL欄は空欄）","unverified"
"kobelco","90","油圧ショベル","SK005-2,3","2TE67","","203T","838P","532-85","204Y","","","","unverified"
"kobelco","90","油圧ショベル","SK005-5(V)","","","203T","838P","532-85","203H","","","","unverified"
"kobelco","90","油圧ショベル","SK007(-2)","2TN66L","","203S","838N","532-85","103SS","","","","unverified"
"kobelco","90","油圧ショベル","SK007-3","2TN66L","","203S","838N","532-85","","","","","unverified"
"kobelco","90","油圧ショベル","SK007-5","2TNE68","","203S","838P","532-85","???","","","HYD欄に薄い印字あり（判読不可）","unverified"
"kobelco","90","油圧ショベル","SK007-6","2TNV70","","203S","838P","532-85","???","","","HYD欄に薄い印字あり（判読不可）","unverified"
"kobelco","90","油圧ショベル","SK008","2TE67L","","203T","838P","532-85","204Y","","","","unverified"
"kobelco","90","油圧ショベル","SK013-1","3TN66L","","203S","838N","532-85","103SS","","","","unverified"
"kobelco","90","油圧ショベル","SK014-1","3TNA72L","","203S","838N","532-85","103SS","","","","unverified"
"kobelco","90","油圧ショベル","SK015-1","3TNA72L","","203S","838N","532-85","103SS","","","","unverified"
"kobelco","91","油圧ショベル","SK020-1","3TNA72L","","203S","838N","532-85","103SS","","","OIL・AIR・FUEL欄は2行にまたがる結合セル。紙面が大きく傾いており、行対応は傾き補正した画像で確認","unverified"
"kobelco","91","油圧ショベル","SK020-1","","#PV00401~","203S","838N","532-85","90-230","","","OIL・AIR・FUEL欄は2行にまたがる結合セル","unverified"
"kobelco","91","油圧ショベル","SK024-1","3TN84L","","106S","837N","50-90","207HS","","","","unverified"
"kobelco","91","油圧ショベル","SK025-1","3TNE78","","106S","837N-190","532-85","137KH","","","","unverified"
"kobelco","91","油圧ショベル","SK025-2","3TNE78A","","203","837N-190","532-85","90-230","","","","unverified"
"kobelco","91","油圧ショベル","SK027-1","3TN84L","","106S","837N","50-90","207HS","","","","unverified"
"kobelco","91","油圧ショベル","SK030","3TN84L","","106S","837N","50-90","","","","","unverified"
"kobelco","91","油圧ショベル","SK030-2","3TNE84","","203","837N","50-90","90-230","","","","unverified"
"kobelco","91","油圧ショベル","SK03-1","C240","","G67-O","837N","516KH","110-450","","","その他欄: D=104NF。OIL欄は原本で「G67-O」と印字（O と 0 の判別は原本で要確認）","unverified"
"kobelco","91","油圧ショベル","SK03-1","","(LE04332~)","200DH","837N","516KH","110-450","","","その他欄: D=104NF","unverified"
"kobelco","91","油圧ショベル","SK03-2(N2)","4JB1","","200D","836N","516KH","110-450","","","その他欄: D=104NF","unverified"
"kobelco","91","油圧ショベル","SK032-1","3TN84L","","106S","837N","50-90","121C-200","","","","unverified"
"kobelco","91","油圧ショベル","SK035-1","3TN84L","","106S","837N","50-90","137KH","","","","unverified"
"kobelco","91","油圧ショベル","SK035-2","3TNE84","","203","837N","50-90","90-230","","","","unverified"
"kobelco","91","油圧ショベル","SK04-1,2","4BD1","","338N","823N","570","110-450","","","その他欄: D=104NF","unverified"
"kobelco","91","油圧ショベル","SK04N2","4BD1T","","209S","823N","109SFN","110-450","","","その他欄: D=104NF","unverified"
"kobelco","91","油圧ショベル","SK04SS-1","6BB1","","121","823N","540","110-450","","","その他欄: D=104NF","unverified"
"kobelco","91","油圧ショベル","SK04WDS","6BB1","","121","823N","540","110-450","","","その他欄: D=104NF","unverified"
"kobelco","91","油圧ショベル","SK042-1","3TN100L","","204Y","836N","107SF","137YN","","","その他欄: ???（D=104NFが SK042-1 か SK045-1 のどちらの行か傾きのため判別不可）","unverified"
"kobelco","91","油圧ショベル","SK045-1","K4N-D31","","108","837RS","491F","137YN","","","その他欄: ???（D=104NFが SK042-1 か SK045-1 のどちらの行か判別不可）","unverified"
"kobelco","91","油圧ショベル","SK045-2","K4N-D31","","108","837RS","491F","137YN","","","その他欄: ???（D=104NFの有無が傾きのため判別不可）","unverified"
"kobelco","91","油圧ショベル","SK045-2","4BD1T","","338N","810N","570","110-450","","","その他欄: D=104NF","unverified"
"kobelco","91","油圧ショベル","SK045N2","4BD1T","","209S","810N/815NN","109SFN","110-450","","","その他欄: D=104NF","unverified"
"kobelco","91","油圧ショベル","SK05-1","6BB1","","121","823N","540","110-450","","","その他欄: D=104NF","unverified"
"kobelco","91","油圧ショベル","SK050-1","K4N-D31","","108","837R","491F","137YN","","","その他欄: D=104NF","unverified"
"kobelco","91","油圧ショベル","SK07-1","6D15C","","137W","810N","204FN","110-450×2","","","その他欄: D=104NF","unverified"
"kobelco","91","油圧ショベル","SK07-2","6D14T","","137W","815NNA","204FN","150-450","","","その他欄: D=104NF","unverified"
"kobelco","91","油圧ショベル","SK07N2","6D31T","","121CG+322K","810T","204FN","150-450","","","","unverified"
"kobelco","91","油圧ショベル","SK09-1","6D22","","138","815NN","529D-2","110-450×2","","","その他欄: D=104NF。機種名・OIL・AIR・HYD・その他欄は2行にまたがる結合セル","unverified"
"kobelco","91","油圧ショベル","SK09-1","","LQ00857~","138","815NN","207MF","110-450×2","","","その他欄: D=104NF。機種名・OIL・AIR・HYD・その他欄は2行にまたがる結合セル","unverified"
"kobelco","91","油圧ショベル","SK09N2","6D15T","","137W","494K","204FN","110-450×2","","","その他欄: D=104NF。機種名・AIR・FUEL・HYD・その他欄は2行にまたがる結合セル","unverified"
"kobelco","91","油圧ショベル","SK09N2","","(LQ1702~, LL01349~)","137K","494K","204FN","110-450×2","","","その他欄: D=104NF。機種名・AIR・FUEL・HYD・その他欄は2行にまたがる結合セル","unverified"
"kobelco","91","油圧ショベル","SK10","6D22","","138","490NNA","529D-2","150-300×3","","","機種名・OIL・AIR・HYD欄は2行にまたがる結合セル","unverified"
"kobelco","91","油圧ショベル","SK10","","LB0544~","138","490NNA","207MF","150-300×3","","","機種名・OIL・AIR・HYD欄は2行にまたがる結合セル","unverified"
"kobelco","91","油圧ショベル","SK12","6D22","","138","490NNA","529D-2","150-300×3","","","機種名・OIL・AIR・HYD欄は2行にまたがる結合セル","unverified"
"kobelco","91","油圧ショベル","SK12","","LC1529~","138","490NNA","207MF","150-300×3","","","機種名・OIL・AIR・HYD欄は2行にまたがる結合セル","unverified"
"kobelco","91","油圧ショベル","SK12N2","6D22","","138","495BNTW","207MF","150-450","","","その他欄: D=103SS","unverified"
"kobelco","91","油圧ショベル","SK12-2","6D22","","138","490NNA","207MF","150-450×2","","","その他欄: D=103SS","unverified"
"kobelco","91","油圧ショベル","SK14","8DC61C","","138","490NN","529D-2","150-450×2","","","その他欄: D=104NF。機種名・OIL・AIR・HYD・その他欄は2行にまたがる結合セル","unverified"
"kobelco","91","油圧ショベル","SK14","","LR0181~","138","490NN","207MF","150-450×2","","","その他欄: D=104NF。機種名・OIL・AIR・HYD・その他欄は2行にまたがる結合セル","unverified"
"kobelco","92","油圧ショベル","SK16","6D22","","138","495BNTW","529D-2","150-450×2","","","その他欄: 103SS","unverified"
"kobelco","92","油圧ショベル","SK16N2","6D22","","138","495BHW","207MF","150-450×2","","","その他欄: CSP10-10","unverified"
"kobelco","92","油圧ショベル","SK20","6D22","","138","490NN","529D-2","150-300×2","","","機種名・OIL・AIR・HYD欄は2行にまたがる結合セル","unverified"
"kobelco","92","油圧ショベル","SK20","","LU0098~","138","490NN","207MF","150-300×2","","","機種名・OIL・AIR・HYD欄は2行にまたがる結合セル","unverified"
"kobelco","92","油圧ショベル","SK60-1","4JB1","","200D","836NR","516KH","110-450","","","その他欄: D=104NF","unverified"
"kobelco","92","油圧ショベル","SK60-2","4BG1","","200D","836P(W)","491F","110-450KP","","","その他欄: D=104NF","unverified"
"kobelco","92","油圧ショベル","SK60-3","","","106DS","836P(W)","491F","110-450KP","","","その他欄: D=104NF","unverified"
"kobelco","92","油圧ショベル","SK60SR(1E)","","","106DS","836P(W)","516KH+563F","110-450KPor純正","","","その他欄: D=104NF","unverified"
"kobelco","92","油圧ショベル","SK70SR-1ES","","","106DS","836P(W)","516KH+563F","110-450KPor純正","","","","unverified"
"kobelco","92","油圧ショベル","SK70H-2","","","","","","","","","","unverified"
"kobelco","92","油圧ショベル","SK70SR-2(+)","4LE2X","","206I","839P","516KS+532S","","","","","unverified"
"kobelco","92","油圧ショベル","SK70SR-3","","","","","","","","","","unverified"
"kobelco","92","油圧ショベル","SK75UR-1","4JB1","","106DS","836NR","491F","110-450KP","","","その他欄: D=104NF","unverified"
"kobelco","92","油圧ショベル","SK75UR-2","4JB1","","106DS","836NR","491F","110-450KP","","","その他欄: D=104NF","unverified"
"kobelco","92","油圧ショベル","SK75UR-3","4JB1","","106DS","836P(W)","516KH","110-450KP","","","その他欄: D=104NF","unverified"
"kobelco","92","油圧ショベル","SK75UR-3ES","4JG1","","106DS","836P(W)","516KH+563F","110-450KPor純正","","","","unverified"
"kobelco","92","油圧ショベル","SK75SR-3E(F)","4LE2X","","206I","839P(W)","516KS+524P","83-110W(G110)","","","機種名・OIL・AIR・HYD欄は2行にまたがる結合セル","unverified"
"kobelco","92","油圧ショベル","SK75SR-3E(F)","","YT08-~","206I","839P(W)","529NPF+323PF","83-110W(G110)","","","機種名・OIL・AIR・HYD欄は2行にまたがる結合セル。「YT08-~」はエンジン欄下段の印字","unverified"
"kobelco","92","油圧ショベル","SK75UR-5(+)","4LE2X","","206I","839P(W)","516KS+524P","83-110W(G110)","","","","unverified"
"kobelco","92","油圧ショベル","SK75SR-7","4TNV98","","203","840PWA","3530KF+323PF","83-110W(G110)","","","","unverified"
"kobelco","92","油圧ショベル","SK80UR","","","206I","839PW","516KS+322PFSHK","","","","","unverified"
"kobelco","92","油圧ショベル","SK80H-2","4TNV84","","203","836FR","107SF","83-110","","","","unverified"
"kobelco","92","油圧ショベル","SK80SR+3","","","206I","839P(W)","516KS+524P+322PFSHK","83-110W(G110)","","","","unverified"
"kobelco","92","油圧ショベル","SK80SR+3E","","","206I","839P(W)","516KS+524P+322PFSHK","83-110W(G110)","","","","unverified"
"kobelco","92","油圧ショベル","SK80UR-6(+)","","","206I","839P(W)","516KS+524P+322PFSHK","83-110W(G110)","","","","unverified"
"kobelco","92","油圧ショベル","SK80UR-6E","","","","","","","","","","unverified"
"kobelco","92","油圧ショベル","SK90UR","4JB1","","106DS","836P(W)","491F","110-450KP","","","その他欄: D=104NF","unverified"
"kobelco","92","油圧ショベル","SK95UR","4JB1","","106DS","836NR","516KH","110-450KP","","","その他欄: D=104NF","unverified"
"kobelco","92","油圧ショベル","SK100-1","4BD1","","209S","823NR","109SFN","110-450","","","その他欄: D=104NF","unverified"
"kobelco","92","油圧ショベル","SK100LC","","#YWJ00001~","209S","810T","109SFN","110-450","","","その他欄: D=104NF。シリアルはエンジン欄の位置に印字（エンジン欄は空欄）","unverified"
"kobelco","92","油圧ショベル","SK100-2","4JB1","","209S","839P(W)","109SFN","110-450KP","","","その他欄: D=104NF","unverified"
"kobelco","92","油圧ショベル","SK100W-1","6D31T","","121CG+322K","810N","204FN","110-450","","","その他欄: D=104NF","unverified"
"kobelco","92","油圧ショベル","SK100W-2","6D34TE-1","","323KWD","810N","204FN","110-450KP","","","その他欄: D=104NF","unverified"
"kobelco","92","油圧ショベル","SK100(L)-2","4BD1","","209S","839P(W)","109SFN","110-450KP","","","","unverified"
"kobelco","92","油圧ショベル","SK100-3","4BG1","","209S","823P(W)","516KH","110-450KP","","","その他欄: D=104NF","unverified"
"kobelco","92","油圧ショベル","SK115SR","4BG1","","209S","823P(W)","516KH","110-450KP","","","","unverified"
"kobelco","92","油圧ショベル","SK115SR-1ES","","","209S+121BHD","823P(W)","516KH","110-450KPor純正","","","","unverified"
"kobelco","92","油圧ショベル","SK115SR-2","4BG1","","209S+121BHD","823P(W)","516KH","110-450KP","","","","unverified"
"kobelco","92","油圧ショベル","SK120-1","4BG1","","209S","810T(W)","109SFN","110-450","","","その他欄: D=104NF","unverified"
"kobelco","92","油圧ショベル","SK120(LC)-2","4BG1","","209S+122B","823P(W)","109SFN","110-450KP","","","その他欄: D=104NF","unverified"
"kobelco","93","油圧ショベル","SK120(LC)-3","4BG1","","209S+121BHD","823P(W)","516KH","110-450KP","","","その他欄: D=104NF。紙面が大きく傾いており、FUEL・HYD・その他欄の行対応は傾き補正画像から判断（要照合）","unverified"
"kobelco","93","油圧ショベル","SK120-3","4BG1","","209S+121BHD","823P(W)","516KH","110-450","","","その他欄: D=104NF","unverified"
"kobelco","93","油圧ショベル","SK125SR,SRLC","DO4FR","","165K","690PW","125KF","142-130-1(G185)","","","","unverified"
"kobelco","93","油圧ショベル","SK125SR-3","DO4EG","","209SS","690PW","","142-130-1N","","","","unverified"
"kobelco","93","油圧ショベル","SK125SR-5","4JJ1X","","121CZ","690PW","529NPF+322PFSHK","142-130-2N","","","その他欄: 524S+570PNF+52-40AB","unverified"
"kobelco","93","油圧ショベル","SK125SR-7","4JJ1X","","121CZ","","323KF+323PF+524S","","","","","unverified"
"kobelco","93","油圧ショベル","SK125W","J05E","","120KD","809PWA","334HF","110-450KPor純正","","","","unverified"
"kobelco","93","油圧ショベル","SK130SR+,SRLC","DO4FR","","165K","690PW","125KF","","","","","unverified"
"kobelco","93","油圧ショベル","SK130UR","4BG1","","209S+121BHD","823P(W)","516KH","110-450KP","","","","unverified"
"kobelco","93","油圧ショベル","SK130UR-1ES","4BG1","","209S+121BHD","823P(W)","516KH","110-450KPor純正","","","","unverified"
"kobelco","93","油圧ショベル","SK130UR-2","DO4FR","","165K","690PW","125KF","","","","機種名・FUEL欄は2行にまたがる結合セル","unverified"
"kobelco","93","油圧ショベル","SK130UR-2","DO4EG","","209SS","690PW","125KF","","","","機種名・FUEL欄は2行にまたがる結合セル","unverified"
"kobelco","93","油圧ショベル","SK130UR-3","DO4EG","","209SS","690PW","","","","","","unverified"
"kobelco","93","油圧ショベル","SK130SR(LC)+-3","DO4EG","","209SS","690PW","529NPF+322PFSHK","142-130-2N","","","その他欄: エアブリーザ=52-40AB","unverified"
"kobelco","93","油圧ショベル","SK130UR-5","4JJ1X","","121CZ","","323KF+323PF","142-130-2N","","","","unverified"
"kobelco","93","油圧ショベル","SK130SR+-7","4JJ1X","","121CZ","840PSW","","","","","","unverified"
"kobelco","93","油圧ショベル","SK130-8","","","","","","","","","","unverified"
"kobelco","93","油圧ショベル","SK135SR","4BG1T","","209S+121BHD","823P(W)","516KH+563F","110-450KP","","","","unverified"
"kobelco","93","油圧ショベル","SK135SR(LC)1-ES","","","209S+121BHD","823P(W)","516KH+563F","110-450KPor純正","","","","unverified"
"kobelco","93","油圧ショベル","SK135SR-2,SRLC","DO4FR","","165K","690PW","125KF","142-130-1(G190)","","","","unverified"
"kobelco","93","油圧ショベル","SK135SR-2F","DO4FR","","165K","690PW","125KF","142-130-1(G190)","","","","unverified"
"kobelco","93","油圧ショベル","SK135SR-3","DO4EG","","209SS","690PW","","142-130-1N","","","その他欄: PCV=565BF","unverified"
"kobelco","93","油圧ショベル","SK135SR-5","4JJ1X","","121CZ","690PW","529NPF+322PFSHK","142-130-2N","","","その他欄: 524S+570PNF+52-40AB","unverified"
"kobelco","93","油圧ショベル","SK135SR(D)-7","4JJ1X","","121CZ","840PSWA","323PF+323KF","142-130-2N(G185)","","","その他欄: 52-40AB+570NFN+524S","unverified"
"kobelco","93","油圧ショベル","SK140LC","","","","","","","","","","unverified"
"kobelco","93","油圧ショベル","SK170-10","","","","","","","","","","unverified"
"kobelco","93","油圧ショベル","SK200SR-1","4BG1T","","209S+121BHD","810P","516KH","150-450KP","","","","unverified"
"kobelco","93","油圧ショベル","SK200SR-1ES","","","209S+121BHD","810P","516KH","150-450KP又純正","","","","unverified"
"kobelco","93","油圧ショベル","SK200SR-2","4BG1T","","209S+121BHD","810PW","516KH","150-450KP","","","","unverified"
"kobelco","93","油圧ショベル","SK200-1","6D34","","121CG+322K","810T(W)","204FN","150-450","","","その他欄: D=104NF","unverified"
"kobelco","93","油圧ショベル","SK200","","","323KWD","810T(W)","204FN","150-450","","","その他欄: D=104NF","unverified"
"kobelco","93","油圧ショベル","SK200-2(A)","6D31","","137K","810P(W)","204FN","150-450KP","","","","unverified"
"kobelco","93","油圧ショベル","SK200-3","6D34","","323KWD","810P(W)","204FN","150-450KP","","","","unverified"
"kobelco","93","油圧ショベル","SK200(LC)-6ES","","","323KWD","810P(W)","204FN","150-450KP","","","その他欄: 小さな印字（YQ09-04364・YN09-34680~に見えるが判読不可）","unverified"
"kobelco","93","油圧ショベル","SK200(D)-8","J05E","YN12-56001／YQ12-08001~","120KD","833PW","334HF,334HHF","142-130-2(G185)","","","機種名・OIL・AIR・HYD欄は2行にまたがる結合セル。シリアルはエンジン欄下段の印字","unverified"
"kobelco","93","油圧ショベル","SK200-9","J05E","","120KD","833PW","334HHF","142-130-2(G185)","","","","unverified"
"kobelco","93","油圧ショベル","SK200(H)-10","J05E","","120KD","833PW","334HHF+323PF","142-130-2N","","","","unverified"
"kobelco","93","油圧ショベル","SK210(D)-6","","","323KWD","810P(W)","204FN","150-450KP","","","","unverified"
"kobelco","93","油圧ショベル","SK210(D)-6ES","6D34","","323KWD","810P(W)","204FN","142-130-2","","","","unverified"
"kobelco","94","油圧ショベル","SK210(D)LC-8","J05E","","120KD","833PW","334HF","142-130-2(G185)","","","","unverified"
"kobelco","94","油圧ショベル","SK210(D)LC-9","J05E","","120KD","833PW","334HHF+334PFS","142-130-2","","","","unverified"
"kobelco","94","油圧ショベル","SK210(LC)-10","J05E","","120KD","833PW","334HHF+323PF","142-130-2N","","","その他欄: 541NFN+52-40AB","unverified"
"kobelco","94","油圧ショベル","SK210H-10","J05E","","120KD","833PW","334HHF+323PF+334PFS","142-130-2N","","","その他欄: 541NFN+52-40AB","unverified"
"kobelco","94","油圧ショベル","SK220(D,LC,LCD)","6D15T","","137K","494K(W)","204FN","150-450","","","その他欄: D=103SS","unverified"
"kobelco","94","油圧ショベル","SK220-1","6D16","","137K","494K(W)","204FN","150-450","","","その他欄: D=103SS","unverified"
"kobelco","94","油圧ショベル","SK220-2","6D15T","","137K","810P(W)","204FN","150-450KP","","","","unverified"
"kobelco","94","油圧ショベル","SK220(LC)-2A","6D16","","137K","810P(W)","204FN","150-450KP","","","","unverified"
"kobelco","94","油圧ショベル","SK220-3","6D15T","","137K","810P","204FN","150-450KP","","","","unverified"
"kobelco","94","油圧ショベル","SK225SR","J05E","","120KD","833PW","334HF","142-130-2(G185)","","","機種名・OIL・AIR・HYD欄は2行にまたがる結合セル","unverified"
"kobelco","94","油圧ショベル","SK225SR","","YB06-03501~","120KD","833PW","334HHF","142-130-2(G185)","","","機種名・OIL・AIR・HYD欄は2行にまたがる結合セル。シリアルはエンジン欄下段の印字","unverified"
"kobelco","94","油圧ショベル","SK225SR-3","J05E","","120KD","833PW","334HHF","142-130-2(G185)","","","","unverified"
"kobelco","94","油圧ショベル","SK225SR-5","J05E","","120KD","833PW","334HHF+323PF","142-130-2N(G185)","","","その他欄: 52-40AB","unverified"
"kobelco","94","油圧ショベル","SK230(LC)","6D34","","323KWD","810P","204FN","150-450KP","","","","unverified"
"kobelco","94","油圧ショベル","SK230(LC)-6ES","6D34","","323KWD","815NTW","204FN","150-450KP","","","","unverified"
"kobelco","94","油圧ショベル","SK235SR","6D34","","323KWD","810P","204FN","150-450KP","","","","unverified"
"kobelco","94","油圧ショベル","SK235SR(LC)1ES","6D34","","323KWD","810P","204FN","150-450KPor純正","","","","unverified"
"kobelco","94","油圧ショベル","SK235SRD-2","J05E","","120KD","833PW","334HF","142-130-2(G185)","","","機種名・OIL・AIR・HYD欄は2行にまたがる結合セル","unverified"
"kobelco","94","油圧ショベル","SK235SRD-2","","YF06-02501／YU06-03001~","120KD","833PW","334HHF","142-130-2(G185)","","","機種名・OIL・AIR・HYD欄は2行にまたがる結合セル。シリアルはエンジン欄下段の印字","unverified"
"kobelco","94","油圧ショベル","SK235SR-3","J05E","","120KD","833PW","334HHF","142-130-2(G185)","","","","unverified"
"kobelco","94","油圧ショベル","SK235SR-5","J05E","","120KD","833PW","334HHF+323PF","142-130-2N(G185)","","","","unverified"
"kobelco","94","油圧ショベル","SK250(LC)","6D34","","323KWD","815NTW","204FN","150-450KP","","","","unverified"
"kobelco","94","油圧ショベル","SK250(LC)-8","J05E","","120KD","977KPW","334HF","","","","機種名・OIL・AIR欄は2行にまたがる結合セル","unverified"
"kobelco","94","油圧ショベル","SK250(LC)-8","","LQ13-07001／LL13-06001~","120KD","977KPW","334HHF","142-130-2(G185)","","","機種名・OIL・AIR欄は2行にまたがる結合セル。シリアルはエンジン欄下段の印字","unverified"
"kobelco","94","油圧ショベル","SK250(LC)-9","","","120KD","977KPW","334HHF","142-130-2(G185)","","","","unverified"
"kobelco","94","油圧ショベル","SK250-10","J05E","","","","","142-130-2(G185)","","","","unverified"
"kobelco","94","油圧ショベル","SK260D-8","J05E","","120KD","977KPW","334HF","","","","機種名・OIL・AIR欄は2行にまたがる結合セル","unverified"
"kobelco","94","油圧ショベル","SK260D-8","","LQ13-07001／LL13-06001~","120KD","977KPW","334HHF","","","","機種名・OIL・AIR欄は2行にまたがる結合セル。シリアルはエンジン欄下段の印字","unverified"
"kobelco","94","油圧ショベル","SK260D-9","J05E","","120KD","977KPW","334HHF","142-130-2(G185)","","","その他欄: WS=334PFS。機種名・OIL・AIR欄は2行にまたがる結合セル","unverified"
"kobelco","94","油圧ショベル","SK260D-9","","LQ14-09001／LL14-08001~","120KD","977KPW","334HHF","142-130-2(G185)","","","その他欄: WS=334PFS。機種名・OIL・AIR欄は2行にまたがる結合セル。シリアルはエンジン欄下段の印字","unverified"
"kobelco","94","油圧ショベル","SK260LC-10","J05E","","120KD","833PW","334HHF+323PF","142-130-2N","","","その他欄: WS=334PFS","unverified"
"kobelco","94","油圧ショベル","SK300-1","6D22T","","138","490NN","207MF","150-450","","","その他欄: D=103SS","unverified"
"kobelco","94","油圧ショベル","SK300(LC)-2(A)","6D22T","","138","495BNTW","207MF","150-450","","","","unverified"
"kobelco","94","油圧ショベル","SK300(LC)DD-3","6D24","","138","495BNTW","207MF","150-450","","","","unverified"
"kobelco","94","油圧ショベル","SK310(GD,LCGD)-2","6D22T","","138","495BNTW","207MF","150-450","","","","unverified"
"kobelco","94","油圧ショベル","SK310(LC)GD-3","6D24","","138","495BNTW","207MF","150-450KP×2","","","","unverified"
"kobelco","94","油圧ショベル","SK320-2","6D22T","","138","495BNTW","207MF","150-450KP×2","","","","unverified"
"kobelco","94","油圧ショベル","SK320(LC)GD-3","6D24","","138","495BNTW","207MF","150-450KP×2","","","","unverified"
"kobelco","94","油圧ショベル","SK320(LC)","6D16","","137K","815NTW","207MF","150-450KP×2","","","","unverified"
"kobelco","95","油圧ショベル","SK330-8","J08E","","120KD","977KPW","334HF","142-130-3","","","機種名・OIL・AIR・HYD欄は2行にまたがる結合セル。紙面が傾いており、右側列の行対応は行数の突き合わせで判断（要照合）","unverified"
"kobelco","95","油圧ショベル","SK330-8","","LC11-08501／YC11-04501~","120KD","977KPW","334HHF","142-130-3","","","機種名・OIL・AIR・HYD欄は2行にまたがる結合セル。シリアルはエンジン欄下段の印字","unverified"
"kobelco","95","油圧ショベル","SK330-10","J08E","","120KD","977KPW","334HHF","142-130-3","","","","unverified"
"kobelco","95","油圧ショベル","SK350LC","","","","","","","","","","unverified"
"kobelco","95","油圧ショベル","SK350-6E","6D16","","137K","815NTW","207MF","","","","","unverified"
"kobelco","95","油圧ショベル","SK350(D)LC-8","J08E","","120KD","977KPW","334HF","142-130-3","","","機種名・OIL・AIR・HYD欄は2行にまたがる結合セル","unverified"
"kobelco","95","油圧ショベル","SK350(D)LC-8","","LC11-08501／YC11-04501~","120KD","977KPW","334HHF","142-130-3","","","機種名・OIL・AIR・HYD欄は2行にまたがる結合セル。シリアルはエンジン欄下段の印字","unverified"
"kobelco","95","油圧ショベル","SK350LC-10","","LC14-18001~","120KD","977KPW","334HHF+未製作","142-130-3","","","機種名・OIL・AIR・HYD欄は2行にまたがる結合セル。シリアルはエンジン欄の位置に印字。FUEL欄の「未製作」は小さな印字","unverified"
"kobelco","95","油圧ショベル","SK350LC-10","","YC14-14001~","120KD","977KPW","541NFN","142-130-3","","","機種名・OIL・AIR・HYD欄は2行にまたがる結合セル。その他欄: エアブリーザ=52-40AB","unverified"
"kobelco","95","油圧ショベル","SK400","6D22","","138","495BHW","207MF","150-450KP","","","","unverified"
"kobelco","95","油圧ショベル","SK400(LC)-2","6D22,24","","138","495BHW","207MF","150-450KP","","","","unverified"
"kobelco","95","油圧ショベル","SK400(DLC)-8","J08E","","120KD","977KPW","334HHF","143-130-3","","","HYD欄は原本で「143-130-3」と印字（他行は142-130-3。原文のまま）","unverified"
"kobelco","95","油圧ショベル","SK430(GD,LCGD)","6D22","","138","495BHW","207MF","150-450KP×2","","","","unverified"
"kobelco","95","油圧ショベル","SK430-2","6D22","","138","495BHW","207MF","150-450KP×2","","","","unverified"
"kobelco","95","油圧ショベル","SK430(LC)GD-3","6D24","","138","495BHW","207MF","150-450KP×2","","","","unverified"
"kobelco","95","油圧ショベル","SK450(HD,DD)-2","6D22","","138","495BHW","207MF","150-450KP×2","","","","unverified"
"kobelco","95","油圧ショベル","SK450(LC)HD-3","6D24","","138","495BHW","207MF","150-450KP×2","","","","unverified"
"kobelco","95","油圧ショベル","SK450(LC)-6ES","","","138L","495BHW","208MF","142-130-3","","","","unverified"
"kobelco","95","油圧ショベル","SK460-8","P11C","","327PLW","496PW","334KF","142-130-3","","","","unverified"
"kobelco","95","油圧ショベル","SK480LCD-6S","","","138L","495BHW","208MF","142-130-3","","","","unverified"
"kobelco","95","油圧ショベル","SK470-10","P11C","","","","","","","","","unverified"
"kobelco","95","油圧ショベル","SK470-11","","","","","","","","","","unverified"
"kobelco","95","油圧ショベル","SK480D-8","P11C","","327PLW","496PW","334KF","142-130-3","","","","unverified"
"kobelco","95","油圧ショベル","SK500","P11C","","327PLW","496PW","334KF","","","","","unverified"
"kobelco","95","油圧ショベル","SK500LCD-10","","","","","","","","","","unverified"
"kobelco","95","油圧ショベル","SK500DLC-11","","","","","","","","","","unverified"
"kobelco","95","油圧ショベル","SK500DLC-11","","","","","","","","","","unverified"
"kobelco","95","油圧ショベル","SK600","6D22","","138","","207MF","","","","","unverified"
"kobelco","95","油圧ショベル","SK700","6D22","","138","","207MF","","","","","unverified"
"kobelco","95","油圧ショベル","SK950LCD","6DTA15KCM2","","150KN","496PW","3510KF+4540PF","","","","","unverified"
"kobelco","95","油圧ショベル","SK1000D,W","6D22","","138","","207MF","","","","","unverified"
"kobelco","95","油圧ショベル","SK1000DLC-9","E13C-VV","","327PLW","977KPHW","323PF×2","142-130-3×3","","","","unverified"
"kobelco","95","油圧ショベル","SK1300DLC-11","6WG1","","","","","","","","","unverified"
"kobelco","95","油圧ショベル","SK1350","8DC9CT","","138","","207MF","","","","","unverified"
"kobelco","95","油圧ショベル","SK1600D","","","121CZ×2","496PW","165FN","178-450KP×2","","","","unverified"
"kobelco","95","油圧ショベル","SK3500D","6WG1","","121CZ×2","496PW","165FN","","","","","unverified"
"kobelco","95","クローラキャリア(CK系)","CK80UR","4LE2X","","206I","839PW","529NPF+323PF","","","","このページにCK系の区分見出しは印字されていない（区分名は仮置き）","unverified"
"kobelco","95","クローラキャリア(CK系)","CK90UR","4JB1","","106DS","836P","491F","110-450KP#140","","","","unverified"
"kobelco","95","クローラキャリア(CK系)","CK90UR-1E","4JG1","","106DS","836P","516KS","","","","","unverified"
"kobelco","96","クローラキャリア(CK系)","CK90UR-2","4LE2X","","206I","839P","516KS","83-110WP","","","このページ冒頭にCK系の区分見出しは印字されていない（区分名は仮置き）","unverified"
"kobelco","96","クローラキャリア(CK系)","CK120UR","4JB1","","106DS","836P","491F","110-450KP#140","","","","unverified"
"kobelco","96","クローラキャリア(CK系)","CK120UR-1E","4JG1","","106DS","836P","516KS","83-110WP","","","","unverified"
"kobelco","96","クローラキャリア(CK系)","CK120UR-2","4LE2X","","206I","839P","516KS","83-110WP","","","","unverified"
"kobelco","96","クローラキャリア(CK系)","CK120UR-3","4LE2X","","206I","839PW","529NPF+323PF","83-110WP","","","","unverified"
"kobelco","96","（区分見出しなし）","SS1,2","FEX91G-1SX","","","","","","","","","unverified"
"kobelco","96","（区分見出しなし）","SS1","FG200G","","","","","","","","","unverified"
"kobelco","96","（区分見出しなし）","H350","6D10C,6DS30C","","137","823N","565","197H","","","","unverified"
"kobelco","96","油圧ショベル","903","C330","","338","836N","570","197H","","","","unverified"
"kobelco","96","油圧ショベル","903A","4BB1","","338","836N","570","197H","","","AIR・FUEL・HYD欄は2行にまたがる結合セル","unverified"
"kobelco","96","油圧ショベル","903A","","#0507402~","338N","836N","570","197H","","","AIR・FUEL・HYD欄は2行にまたがる結合セル。シリアルはエンジン欄下段の印字","unverified"
"kobelco","96","油圧ショベル","904(A,AL)","6DS70C","","137","823N","565","197H/150-300","","","右側列が傾いて下がって見えるため、行対応は他の行との位置関係から判断（要照合）","unverified"
"kobelco","96","油圧ショベル","904B","6D10C","","137M","823N","322F-2","150-300","","","","unverified"
"kobelco","96","油圧ショベル","904C","6D14","","137M","810N","322F-2","110-450","","","AIR・HYD欄は2行にまたがる結合セル","unverified"
"kobelco","96","油圧ショベル","904C","","LW5634~","137W","810N","204FN","110-450","","","AIR・HYD欄は2行にまたがる結合セル。シリアルはエンジン欄下段の印字","unverified"
"kobelco","96","油圧ショベル","907","F6L912","","207N","823N","201-3","","","","","unverified"
"kobelco","96","油圧ショベル","907A","6D10C~L20536","","137M","810N","322F-2","197H×2","","","OIL・AIR・FUEL・HYD欄は2行にまたがる結合セル","unverified"
"kobelco","96","油圧ショベル","907A","L20537~","","137M","810N","322F-2","197H×2","","","OIL・AIR・FUEL・HYD欄は2行にまたがる結合セル。エンジン欄下段の印字（シリアルの可能性）","unverified"
"kobelco","96","油圧ショベル","907B","6D15C","","137M","810N","322F-2","197H×2","","","AIR欄は2行にまたがる結合セル","unverified"
"kobelco","96","油圧ショベル","907B","","LN3673~","137W","810N","204FN","110-450","","","AIR欄は2行にまたがる結合セル。シリアルはエンジン欄下段の印字","unverified"
"kobelco","96","油圧ショベル","909","6D22C","","138","815NN","529D-2","150-300×2","","","","unverified"
"kobelco","96","油圧ショベル","914","8DC60C","","138","490NNA","529D","150-450×2","","","","unverified"
"kobelco","96","YS系油圧ショベル","YS300","F4L912","","103-3","823","201-3","197H","","","機種名は3行にまたがる結合セル。FUEL欄は上2行で結合。HYD欄は3行で結合","unverified"
"kobelco","96","YS系油圧ショベル","YS300","","#2249~","103-3","836NS","201-3","197H","","","機種名は3行にまたがる結合セル。シリアルはエンジン欄中段の印字","unverified"
"kobelco","96","YS系油圧ショベル","YS300","4DS30C","","323","836N","565","197H","","","機種名は3行にまたがる結合セル","unverified"
"kobelco","96","YS系油圧ショベル","YS300-2","4DS30C","","323","836N","106FN","197H","","","","unverified"
"kobelco","96","YS系油圧ショベル","YS450CLW","6DS70C","","137","823N","565","","","","","unverified"
"kobelco","96","YS系油圧ショベル","YS450CLW-2","6D14C","","137M","810N","322F-2","","","","機種名・AIR欄は2行にまたがる結合セル","unverified"
"kobelco","96","YS系油圧ショベル","YS450CLW-2","","RO1101,LO2246,WO1026~","137W","810N","204FN","","","","機種名・AIR欄は2行にまたがる結合セル。シリアルはエンジン欄下段の印字","unverified"
"kobelco","96","YS系油圧ショベル","YS450-S","6DS70C","","137","823N","565","197H","","","","unverified"
"kobelco","96","YS系油圧ショベル","YS750","6D11C","","137M","810N","322F-2","","","","","unverified"
"kobelco","96","YS系油圧ショベル","YS750-2","6D15C","","137W","810N","204FN","","","","","unverified"
"kobelco","96","YS系油圧ショベル","YS1000","6DC20C","","136N","490NNA","529N","","","","","unverified"
"kobelco","96","YS系油圧ショベル","YS1000-2","6D22C","","138","490NNA","207MF","150-300×3","","","","unverified"
"kobelco","96","YS系油圧ショベル","YS1200","8D60C","","136N/138","490NNA/495BA","529N","150-300×3","","","","unverified"
"kobelco","96","YS系油圧ショベル","YS1200-2","6D22C","","138","490NNA","207MF","150-300×3","","","","unverified"
"kobelco","96","YS系油圧ショベル","YS1400","8DC81C","","138","495BA","529D","","","","","unverified"
"kobelco","97","YS系油圧ショベル","YS1400-2","8DC81C","","138","495BA","207MF","150-300×3","","","HYD欄は2行にまたがる結合セル。紙面が大きく傾き・湾曲しており、右側列の行対応は傾き補正画像でエンジン位置との差から判断（要照合）","unverified"
"kobelco","97","YS系油圧ショベル","YS1400-3","8DC81C","","138","495BA","207MF","150-300×3","","","HYD欄は2行にまたがる結合セル","unverified"
"kobelco","97","ラフテレーンクレーン","RK70","4BD1T","","324CN+324B","823N","516KH","","","","","unverified"
"kobelco","97","ラフテレーンクレーン","RK70(M)-2","4BD1T","","324CN+324B","810N","516KH","","","","","unverified"
"kobelco","97","ラフテレーンクレーン","RK100","4BD1T","","324CN+324B","810N","516KH","","","","","unverified"
"kobelco","97","ラフテレーンクレーン","RK120(M)-2","4M50","","323KWD","833TWA","493F","197HB+103SS+351-08(EK02-01001~)","","","","unverified"
"kobelco","97","ラフテレーンクレーン","RK120-3","4M50","","137K","833TWA","322PF+75-140PF","351-08","","","","unverified"
"kobelco","97","ラフテレーンクレーン","RK130","","","3970LF","???","3054MXF+1065FS","197HB+103SS+351-08","","","AIR欄に薄く小さな印字あり（KD347-831-1330に見えるが判読不可）","unverified"
"kobelco","97","ラフテレーンクレーン","RK130(M)-2","J05E","","","","","","","","","unverified"
"kobelco","97","ラフテレーンクレーン","RK160","6D15","","137W","810N","204FN","150-300","","","","unverified"
"kobelco","97","ラフテレーンクレーン","RK160-2","6D14T","","137K","833T","204FN","150-450","","","その他欄: 104NF。OIL・AIR・FUEL・その他欄は2行にまたがる結合セル","unverified"
"kobelco","97","ラフテレーンクレーン","RK160-2","","#EW-2005~","137K","833T","204FN","150-450KP","","","その他欄: 104NF。OIL・AIR・FUEL・その他欄は2行にまたがる結合セル。シリアルはエンジン欄下段の印字","unverified"
"kobelco","97","ラフテレーンクレーン","RK160-3","6D14T","","137K","833T","204FN","150-450","","","OIL・AIR・FUEL欄は2行にまたがる結合セル","unverified"
"kobelco","97","ラフテレーンクレーン","RK160-3","","#EW-2369~","137K","833T","204FN","150-450KP","","","OIL・AIR・FUEL欄は2行にまたがる結合セル。シリアルはエンジン欄下段の印字","unverified"
"kobelco","97","ラフテレーンクレーン","RK160-5","QSB5.9-2A","","3970LF","809PWA","FS19616","136HG+351-08","","","","unverified"
"kobelco","97","ラフテレーンクレーン","RK160M-6","QSB6.7-3C","","3970LF","809PWA","???","136HG+351-08","","","FUEL欄に薄く小さな印字あり（判読不可）","unverified"
"kobelco","97","ラフテレーンクレーン","RK200","6D15","","137W","818NS","204FN","150-300","","","","unverified"
"kobelco","97","ラフテレーンクレーン","RK230Z","H06CT","","122KD","815NN","108F","","","","","unverified"
"kobelco","97","ラフテレーンクレーン","RK250-2","6D14TEZ2-2001~","","137W","490NNA","204FN","150-450","","","エンジン欄は上下2段（上: 6D14TEZ2-2001~、下: 6D16）。AIR・FUEL・HYD欄は2行にまたがる結合セル","unverified"
"kobelco","97","ラフテレーンクレーン","RK250-2","6D16","","137K","490NNA","204FN","150-450","","","エンジン欄は上下2段（上: 6D14TEZ2-2001~、下: 6D16）。AIR・FUEL・HYD欄は2行にまたがる結合セル","unverified"
"kobelco","97","ラフテレーンクレーン","RK250(-3)","6D16","","137K","833T","204FN","150-450BP+150KBSM","","","その他欄: EZ4-5001~104NF","unverified"
"kobelco","97","ラフテレーンクレーン","RK250-5","6D16","","137K","815NTWA","204FN","150-450KP","","","","unverified"
"kobelco","97","ラフテレーンクレーン","RK250-6","6M60","","137K","495BNTWA","204FN","150-450BP+197HB+351-08","","","","unverified"
"kobelco","97","ラフテレーンクレーン","RK250-7","J08E","","120KD","494KPWA","334HF","142-130WP+104NF+351-08","","","","unverified"
"kobelco","97","ラフテレーンクレーン","RK250-8","J08E","","120KD","494KPWA","334HHF+334PFN","","","","","unverified"
"kobelco","97","ラフテレーンクレーン","RK250-9","QSB6.7-4C","","3970LF","5014DA+5308DB","1098FS+3054MXF","T=351-08P","","","その他欄: PCV=CV50628","unverified"
"kobelco","97","ラフテレーンクレーン","RK250-10","J08E","","","","","","","","","unverified"
"kobelco","97","ラフテレーンクレーン","RK350","6D22","","138","495BHWA","207MF","150-450","","","その他欄: 104NF(EY1002~","unverified"
"kobelco","97","ラフテレーンクレーン","RK400","6D22","","138","","207MF","150-450","","","","unverified"
"kobelco","97","ラフテレーンクレーン","RK450","","","138","495BHWA","207MF","150-450","","","","unverified"
"kobelco","97","ラフテレーンクレーン","RK450(-2)","6D22","","138","495BA","207MF","150-450","","","その他欄: D=104NF","unverified"
"kobelco","97","ラフテレーンクレーン","RK500","6D22","","138","495BHWA","207MF","150-450","","","","unverified"
"kobelco","97","ラフテレーンクレーン","RK500-2","GE13","","230WN","???","529K","150-450BP","","","その他欄: T/M=150KBS。AIR欄に薄く小さな印字あり（ET11P01004F1に見えるが判読不可）","unverified"
"kobelco","97","ラフテレーンクレーン","RK700","E13C","","327PLWN","496P","541PFN","","","","その他欄: PCV=541BF","unverified"
"kobelco","97","油圧トラッククレーン","T130","6DB10A","","","495","529N","","","","","unverified"
"kobelco","97","油圧トラッククレーン","T150","6DBWA,6D20CA","","136N","495","529N","","","","","unverified"
"kobelco","97","油圧トラッククレーン","T160","6D20A","","138","810N","529N","","","","","unverified"
"kobelco","98","油圧トラッククレーン","T160-2","PE6","","230W","490NN","529NW","","","","","unverified"
"kobelco","98","油圧トラッククレーン","T200A,2,M","6DC2","","138","810N","529N","","","","機種名は3行にまたがる結合セル","unverified"
"kobelco","98","油圧トラッククレーン","T200A,2,M","PE6","","226+227NP","490NN","529NW","","","","機種名は3行にまたがる結合セル","unverified"
"kobelco","98","油圧トラッククレーン","T250M","8DC8","","138","495BNTWA","529D","150-300","","","機種名・HYD欄は2行にまたがる結合セル（HYD欄は右側列が傾いて見えるため行対応を推定）","unverified"
"kobelco","98","油圧トラッククレーン","T250M","PE6","","230W","490NN","529NW","150-300","","","機種名・HYD欄は2行にまたがる結合セル","unverified"
"kobelco","98","油圧トラッククレーン","T250-2","8DC8","","138","495BNTWA","207MF","150-300","","","機種名・HYD欄は2行にまたがる結合セル","unverified"
"kobelco","98","油圧トラッククレーン","T250-2","PE6T","","230W","495B","529NW","150-300","","","機種名・HYD欄は2行にまたがる結合セル","unverified"
"kobelco","98","油圧トラッククレーン","T350","RD8","","230W","495B","546","150-300","","","機種名・HYD欄は2行にまたがる結合セル","unverified"
"kobelco","98","油圧トラッククレーン","T350","8DC9","","138","495BNTWA","529D","150-300","","","機種名・HYD欄は2行にまたがる結合セル","unverified"
"kobelco","98","油圧トラッククレーン","T350-2","RD8","","230W","495B","546","150-300","","","機種名・HYD欄は2行にまたがる結合セル","unverified"
"kobelco","98","油圧トラッククレーン","T350-2","8DC81A","","138","495BNTWA","529D","150-300","","","機種名・HYD欄は2行にまたがる結合セル","unverified"
"kobelco","98","油圧トラッククレーン","T400","RD8","","230W","495B","546","150-300","","","","unverified"
"kobelco","98","油圧トラッククレーン","T450","","","","","","","","","","unverified"
"kobelco","98","油圧トラッククレーン","T450-2","8DC9","","138","495BNTWA","529D","150-300","","","機種名は2行にまたがる結合セル","unverified"
"kobelco","98","油圧トラッククレーン","T450-2","RD8","","230W","495B","546","150-300","","","機種名は2行にまたがる結合セル","unverified"
"kobelco","98","油圧トラッククレーン","T450-3","","","","","","","","","","unverified"
"kobelco","98","油圧トラッククレーン","T450-5","RD8","","230W","495B","546","150-300","","","機種名は2行にまたがる結合セル","unverified"
"kobelco","98","油圧トラッククレーン","T450-5","8DC9","","138","495BNTWA","529D","150-450","","","機種名は2行にまたがる結合セル","unverified"
"kobelco","98","ホイールローダ","545H","","","","815NN","","","","","","unverified"
"kobelco","98","ホイールローダ","645","","","","815NN","","","","","","unverified"
"kobelco","98","ホイールローダ","645N","PD604","","226+227NP","815NN","529NW","","","","","unverified"
"kobelco","98","ホイールローダ","745","","","","495B","","","","","","unverified"
"kobelco","98","ホイールローダ","745N","","","226+227NP","495B","529NW","","","","","unverified"
"kobelco","98","ホイールローダ(LK系)","LK40Z","3TN84TL","","203","837N/837P","50-90","","","","","unverified"
"kobelco","98","ホイールローダ(LK系)","LK40Z-1","3TN84TL","","106S","837P","50-90","","","","","unverified"
"kobelco","98","ホイールローダ(LK系)","LK40Z-2","3TNE84","","203","837N","50-90","","","","","unverified"
"kobelco","98","ホイールローダ(LK系)","LK40Z-3","3TNV84","","203","837PN","107SF","","","","その他欄: L-bo40Z","unverified"
"kobelco","98","ホイールローダ(LK系)","LK40Z-5","3TNV88","","203","837P","107SF","","","","","unverified"
"kobelco","98","ホイールローダ(LK系)","LK40Z-6","3TNV88C","","203","855P","3530KF(+3530PF)","","","","","unverified"
"kobelco","98","ホイールローダ(LK系)","LK40ZST-6","3TNV88C","","203","855PW","107SF","","","","","unverified"
"kobelco","98","ホイールローダ(LK系)","LK50Z","3TN84TL","","203","837N/837P","50-90","","","","","unverified"
"kobelco","98","ホイールローダ(LK系)","LK50Z-2","3TNE84T","","203","837P","50-90","","","","その他欄: L-bo50Z","unverified"
"kobelco","98","ホイールローダ(LK系)","LK50Z-3","3TNV84T","","203","837PN","107SF","207HS","","","","unverified"
"kobelco","98","ホイールローダ(LK系)","LK50Z-5","4TNV88","","203","837P","107SF","","","","","unverified"
"kobelco","98","ホイールローダ(LK系)","LK50Z-6","4TNV88C","","203","855PW","3530KF+3530PF","","","","","unverified"
"kobelco","98","ホイールローダ(LK系)","LK80Z","FD3304","","207","836N(W)","516KH","207HS","","","","unverified"
"kobelco","98","ホイールローダ(LK系)","LK80Z-2,3","BD3004","","103","836NW","516KH","207HS","","","エンジン欄・OIL欄は2行にまたがる結合セル","unverified"
"kobelco","98","ホイールローダ(LK系)","LK80Z-2,3","5422~","","103","836NR","516KH","207HS","","","エンジン欄は2行（BD3004／5422~）。OIL欄は2行にまたがる結合セル","unverified"
"kobelco","99","ホイールローダ(LK系)","LK80Z-5","B3,3","","205SK","839P(W)","516KH","207HS","","","紙面が右下がりに大きく傾いており、OIL以降の列の行対応はエンジン位置との差から判断（要照合）","unverified"
"kobelco","99","ホイールローダ(LK系)","LK120Z","6BB1","","121","823N","540","110-220","","","その他欄: T/M=150KBS","unverified"
"kobelco","99","ホイールローダ(LK系)","LK120Z-2","4BD1T","","209S","823N","109SFN","121C-200","","","その他欄に薄く小さな印字あり（判読不可）","unverified"
"kobelco","99","ホイールローダ(LK系)","LK120Z-3","4BT3.9","","103-6","823P(W)","201-3+1280F","121C-200","","","その他欄に薄く小さな印字あり（判読不可）","unverified"
"kobelco","99","ホイールローダ(LK系)","LK120Z-4","","","103-6","823P(W)","201-3+1280F","121C-200","","","その他欄: T/M=150KBS","unverified"
"kobelco","99","ホイールローダ(LK系)","LK120ZD-5","B4.5","","103-6","823P(W)","19608FS","121C-200","","","その他欄: T/M=150KBS","unverified"
"kobelco","99","ホイールローダ(LK系)","LK120Z-6","QSB3.3","","205SK","823PW","3530KF+4110KF","","","","","unverified"
"kobelco","99","ホイールローダ(LK系)","LK150Z","6BD1","","121CHD","823N/823NH","540","110-220","","","","unverified"
"kobelco","99","ホイールローダ(LK系)","LK150Z-2","6BD1","","121CHD","823N","109HFN","121C-200","","","","unverified"
"kobelco","99","ホイールローダ(LK系)","LK150Z-3,4","6BG1","","121CHD","494KW","109HFN","121C-200","","","","unverified"
"kobelco","99","ホイールローダ(LK系)","LK150Z-5","6BG1","","120KD","494KW","109HFN","121C-200","","","","unverified"
"kobelco","99","ホイールローダ(LK系)","LK150Z-6","QSB4.5","","3970LF","809PW","???","","","","FUEL欄に薄い印字あり（228+227NPに見えるが判読不可）","unverified"
"kobelco","99","ホイールローダ(LK系)","LK190Z","WO6E","","334KN","494KW","203FH","197H","","","","unverified"
"kobelco","99","ホイールローダ(LK系)","LK190Z-2","6BG1","","121CHD","494KW","109HFN","197H","","","","unverified"
"kobelco","99","ホイールローダ(LK系)","LK190Z-3","6BG1","","121CHD","494KW","109HFN","197H","","","","unverified"
"kobelco","99","ホイールローダ(LK系)","LK190Z-5","6BTAA5.9","","207N-6","815NTW","201-3+1280F","197H","","","","unverified"
"kobelco","99","ホイールローダ(LK系)","LK190Z-6","4HK1X","","121CZ","494KPW","201-3+1280F","","","","","unverified"
"kobelco","99","ホイールローダ(LK系)","LK200","FD3304","","207","836N","516KH","130-230","","","","unverified"
"kobelco","99","ホイールローダ(LK系)","LK230Z-1~3","H06C","","122KDT","815NTW","108F","150-300","","","","unverified"
"kobelco","99","ホイールローダ(LK系)","LK230Z-4","6BG1","","121CHD","815NTW","109HFN","150-300","","","","unverified"
"kobelco","99","ホイールローダ(LK系)","LK230Z-5","J08C","","120KD","495BNTW","109HFN","150-300","","","","unverified"
"kobelco","99","ホイールローダ(LK系)","LK230Z-6","B6.7","","3970LF","977KPW","6140KF+FS19732","150-300","","","","unverified"
"kobelco","99","ホイールローダ(LK系)","LK270Z","NE06T","","226N","815NTW","529K","150-300","","","その他欄: T/M=150KBS","unverified"
"kobelco","99","ホイールローダ(LK系)","LK270Z-2,3","","","165KH","815NTW","529K","150-300","","","その他欄: T/M=150KBS","unverified"
"kobelco","99","ホイールローダ(LK系)","LK270Z-5","J08C","","120KD","495BHW","109HFN","150-300","","","その他欄: T/M=150KBS","unverified"
"kobelco","99","ホイールローダ(LK系)","LK270Z-6","QSC8.3","","9009LF","977KPW","YE3973232+19732FS","","","","","unverified"
"kobelco","99","ホイールローダ(LK系)","LK300(A)","6DR50C","","323","823NH","565/106FN","130-230","","","","unverified"
"kobelco","99","ホイールローダ(LK系)","LK300-2","4BD-1","","209S","823NH","109SFN","","","","","unverified"
"kobelco","99","ホイールローダ(LK系)","LK310Z-1","NF6T","","230W","495BHW","529K","150-450","","","","unverified"
"kobelco","99","ホイールローダ(LK系)","LK310Z-2","PE6T","","226N+227NP","495BHW","529K","150-450","","","","unverified"
"kobelco","99","ホイールローダ(LK系)","LK310Z-3","PE6T","","226+227NP","495BHW","529K","150-450","","","機種名・AIR・FUEL・HYD欄は2行にまたがる結合セル","unverified"
"kobelco","99","ホイールローダ(LK系)","LK310Z-3","","#182925~","226N+227NP","495BHW","529K","150-450","","","機種名・AIR・FUEL・HYD欄は2行にまたがる結合セル。シリアルはエンジン欄下段の印字","unverified"
"kobelco","99","ホイールローダ(LK系)","LK310Z-5","J08C-TI","","120KD","496W","109HFN","150-450","","","","unverified"
"kobelco","99","ホイールローダ(LK系)","LK310Z-6","QSC8.3","","9009LF","495BHW","YE3973232+19732FS","","","","その他欄: 527K","unverified"
"kobelco","99","ホイールローダ(LK系)","LK350Z","PE6T","","226+227NP","495BHW","529K","150-450","","","","unverified"
"kobelco","99","ホイールローダ(LK系)","LK350Z-2","PE6T","","226N+227NP","495BHW","529K","150-450","","","","unverified"
"kobelco","99","ホイールローダ(LK系)","LK350Z-3","PE6T","","226+227NP","495BHW","529K","150-450","","","機種名・AIR・FUEL・HYD欄は2行にまたがる結合セル","unverified"
"kobelco","99","ホイールローダ(LK系)","LK350Z-3","","#182925~","226N+227NP","495BHW","529K","150-450","","","機種名・AIR・FUEL・HYD欄は2行にまたがる結合セル。シリアルはエンジン欄下段の印字","unverified"
"kobelco","99","ホイールローダ(LK系)","LK350Z-5","PF6T","","137KN+180KBH","496W","529K","150-450","","","","unverified"
"kobelco","99","ホイールローダ(LK系)","LK350Z-6","QSM11","","150KN","","","","","","その他欄: 527K","unverified"
